암호화요양기호,주차_기타 안내사항
JDQ4MTYyMiM1MSMkMSMkMCMkMTMkMzgxMTkxIzExIyQxIyQzIyQ4OSQzNjEyMjIjNDEjJDEjJDgjJDgz,"본원과 SK 주유소 사이길로 지상1층, 지하1층 2층"
JDQ4MTYyMiM1MSMkMSMkMCMkMTMkMzgxMTkxIzIxIyQxIyQxIyQ3MiQyNjE0ODEjNTEjJDEjJDYjJDgz,기계식 주차장/입퇴원 당일에만 최대 4시간. 그외 주차 유료
JDQ4MTYyMiM1MSMkMSMkMCMkMTMkMzgxMTkxIzIxIyQyIyQ5IyQwMCQyNjEyMjIjODEjJDEjJDIjJDgz,진료시간내 적용
JDQ4MTYyMiM1MSMkMSMkMCMkMTMkMzgxNzAyIzExIyQxIyQzIyQxMyQzNjEyMjIjNjEjJDEjJDAjJDgz,주변에 있는 성남 주차장 이용후 도장 받아가면 됨
JDQ4MTYyMiM1MSMkMSMkMCMkMTMkMzgxNzAyIzIxIyQxIyQ1IyQ3MiQzNjEwMDIjNjEjJDEjJDgjJDgz,진료하신분 무료주차
JDQ4MTYyMiM1MSMkMSMkMCMkMTMkMzgxNzAyIzIxIyQxIyQ1IyQxMyQzNjEwMDIjNjEjJDEjJDQjJDgz,한의원옆 30m근방 유료주차장있음
JDQ4MTYyMiM1MSMkMSMkMCMkMTMkMzgxNzAyIzMxIyQxIyQ3IyQ3OSQzNjEyMjIjNzEjJDEjJDgjJDgz,기본 1시간(만차 시 지원 불가)
JDQ4MTYyMiM1MSMkMSMkMCMkMTMkMzgxNzAyIzQxIyQxIyQ3IyQ2MiQyNjEwMDIjNDEjJDEjJDgjJDgz,
JDQ4MTYyMiM1MSMkMSMkMCMkMTMkMzgxNzAyIzQxIyQxIyQ3IyQ3OSQ0NjE0ODEjNDEjJDEjJDQjJDgz,
JDQ4MTYyMiM1MSMkMSMkMCMkMTMkMzgxNzAyIzQxIyQxIyQ3IyQ5MiQzNjE0ODEjODEjJDEjJDIjJDgz,
JDQ4MTYyMiM1MSMkMSMkMCMkMTMkMzgxNzAyIzQxIyQyIyQ3IyQwMCQzNjEwMDIjNzEjJDEjJDgjJDgz,
JDQ4MTYyMiM1MSMkMSMkMCMkMTMkMzgxNzAyIzUxIyQxIyQ1IyQ5OSQzNjEwMDIjNTEjJDEjJDIjJDgz,
JDQ4MTYyMiM1MSMkMSMkMCMkMTMkMzgxNzAyIzUxIyQxIyQxIyQxMyQ0NjEwMDIjNDEjJDEjJDQjJDgz,주차장이 복잡해 무료로 발렛서비스를 해드립니다.(1층 현대자동차앞 대로변에서 정차하시면 주차해드립니다)
JDQ4MTYyMiM1MSMkMSMkMCMkMTMkNDgxMTkxIzExIyQxIyQzIyQ3OSQyNjE0ODEjNjEjJDEjJDgjJDgz,평일 주차 어려움. 주변주차 단석 가끔함. 미리 연락주시면 주차가능장소를 알려드립니다.
JDQ4MTYyMiM1MSMkMSMkMCMkMTMkNDgxMTkxIzExIyQxIyQzIyQ5OSQzNjEyMjIjNDEjJDEjJDQjJDgz,지하주차장
JDQ4MTYyMiM1MSMkMSMkMCMkMTMkNDgxMTkxIzExIyQyIyQ3IyQwMCQyNjE4MzIjODEjJDEjJDYjJDgz,2시간까지 무료.
JDQ4MTYyMiM1MSMkMSMkMCMkMTMkNDgxMTkxIzIxIyQxIyQ1IyQ4MiQzNjEyMjIjODEjJDEjJDIjJDgz,서현빌딩 본관(하나은행건물)에 주차후 별관5층으로 오시면 됩니다.
JDQ4MTYyMiM1MSMkMSMkMCMkMTMkNDgxMTkxIzIxIyQxIyQ1IyQxMyQ0NjE0ODEjNjEjJDEjJDgjJDgz,
JDQ4MTYyMiM1MSMkMSMkMCMkMTMkNDgxMTkxIzIxIyQxIyQ5IyQ3MiQzNjE0ODEjNDEjJDEjJDgjJDgz,
JDQ4MTYyMiM1MSMkMSMkMCMkMTMkNDgxMTkxIzIxIyQxIyQ5IyQ5OSQyNjEwMDIjNjEjJDEjJDAjJDgz,주차공간 넓음
JDQ4MTYyMiM1MSMkMSMkMCMkMTMkNDgxMTkxIzIxIyQxIyQxIyQ2MiQ0NjE0ODEjNTEjJDEjJDYjJDgz,내원시 주차쿠폰 드림. (주차비 부담 없음)
JDQ4MTYyMiM1MSMkMSMkMCMkMTMkNDgxMTkxIzMxIyQxIyQ3IyQ3OSQ0NjEwMDIjODEjJDEjJDIjJDgz,
JDQ4MTYyMiM1MSMkMSMkMCMkMTMkNDgxMTkxIzMxIyQxIyQ3IyQ4OSQ0NjEwMDIjNjEjJDEjJDQjJDgz,진료확인시 2시간 무료
JDQ4MTYyMiM1MSMkMSMkMCMkMTMkNDgxMTkxIzMxIyQxIyQ3IyQxMyQ0NjE0ODEjNjEjJDEjJDQjJDgz,"주차 1시간 무료, suv, 대형차 주차 불가"
JDQ4MTYyMiM1MSMkMSMkMCMkMTMkNDgxMTkxIzMxIyQxIyQ3IyQxMyQyNjEyMjIjNjEjJDEjJDgjJDgz,
JDQ4MTYyMiM1MSMkMSMkMCMkMTMkNDgxMTkxIzMxIyQxIyQzIyQ5MiQ0NjEwMDIjNTEjJDEjJDIjJDgz,주차장 입구는 건물 뒤편에 있습니다.
JDQ4MTYyMiM1MSMkMSMkMCMkMTMkNDgxMTkxIzUxIyQxIyQ1IyQ5MiQyNjEwMDIjNTEjJDEjJDIjJDgz,
JDQ4MTYyMiM1MSMkMSMkMCMkMTMkNDgxMTkxIzUxIyQxIyQxIyQwMyQzNjE4MzIjNTEjJDEjJDIjJDgz,
JDQ4MTYyMiM1MSMkMSMkMCMkMTMkNDgxMzUxIzExIyQxIyQzIyQ4OSQ0NjEwMDIjNjEjJDEjJDgjJDgz,
JDQ4MTYyMiM1MSMkMSMkMCMkMTMkNDgxMzUxIzExIyQyIyQzIyQwMCQyNjE4MzIjNDEjJDEjJDgjJDgz,
JDQ4MTYyMiM1MSMkMSMkMCMkMTMkNDgxMzUxIzIxIyQxIyQ1IyQxMyQzNjE0ODEjNTEjJDEjJDIjJDgz,
JDQ4MTYyMiM1MSMkMSMkMCMkMTMkNDgxMzUxIzMxIyQxIyQ3IyQ3MiQyNjE4MzIjNjEjJDEjJDAjJDgz,주차 공간이 협소하여 주위 공용 주차장 이용 바랍니다(유료).
JDQ4MTYyMiM1MSMkMSMkMCMkMTMkNDgxMzUxIzMxIyQxIyQ3IyQ4MiQyNjE4MzIjNDEjJDEjJDgjJDgz,바로 앞 도로변에 공용 주차장 운영 중입니다.
JDQ4MTYyMiM1MSMkMSMkMCMkMTMkNDgxMzUxIzMxIyQxIyQzIyQxMyQ0NjEwMDIjNjEjJDEjJDgjJDgz,
JDQ4MTYyMiM1MSMkMSMkMCMkMTMkNDgxMzUxIzQxIyQxIyQ3IyQ3MiQyNjEyMjIjNTEjJDEjJDIjJDgz,"본 건물 지하 2층, 3층 주차시설. 입구가 조금 좁고 엘리베이터식 주차 시설이나 주차장에 들어가면 주차 공간은 상당히 넓고 쾌적합니다."
JDQ4MTYyMiM1MSMkMSMkMCMkMTMkNDgxMzUxIzUxIyQxIyQ1IyQ3OSQyNjE0ODEjNTEjJDEjJDIjJDgz,한의원 앞 도로의 유료주차장에 주차
JDQ4MTYyMiM1MSMkMSMkMCMkMTMkNDgxNzAyIzExIyQxIyQ3IyQ4MiQyNjEyMjIjODEjJDEjJDIjJDgz,진료시간 2시간 무료
JDQ4MTYyMiM1MSMkMSMkMCMkMTMkNDgxNzAyIzExIyQyIyQzIyQwMCQzNjE4MzIjNDEjJDEjJDgjJDgz,주차  무료/넓은 주차장
JDQ4MTYyMiM1MSMkMSMkMCMkMTMkNDgxNzAyIzIxIyQxIyQ1IyQ3MiQzNjEyMjIjNjEjJDEjJDgjJDgz,
JDQ4MTYyMiM1MSMkMSMkMCMkMTMkNDgxNzAyIzIxIyQyIyQxIyQwMCQyNjE0ODEjNjEjJDEjJDgjJDgz,정자민영주차장 지원가능
JDQ4MTYyMiM1MSMkMSMkMCMkMTMkNDgxNzAyIzMxIyQxIyQ3IyQ5MiQzNjE0ODEjNTEjJDEjJDYjJDgz,아파트단지 주차장에 방문객으로 주차가능
JDQ4MTYyMiM1MSMkMSMkMCMkMTMkNDgxNzAyIzMxIyQxIyQ3IyQwMyQyNjE0ODEjODEjJDEjJDIjJDgz,건물 뒷쪽으로 1층과 지하까지 연결되어 있습니다. (주차권을 받으실경우 무료입니다.) 별첨: 주차타워 운영
JDQ4MTYyMiM1MSMkMSMkMCMkMTMkNDgxNzAyIzUxIyQxIyQ1IyQ4OSQzNjE4MzIjNTEjJDEjJDYjJDgz,
JDQ4MTYyMiM1MSMkMSMkMCMkMTMkNDgxNzAyIzUxIyQxIyQ1IyQ5OSQzNjEwMDIjNjEjJDEjJDAjJDgz,
JDQ4MTYyMiM1MSMkMSMkMCMkMTMkNDgxNzAyIzUxIyQxIyQxIyQxMyQyNjE4MzIjNTEjJDEjJDIjJDgz,"2시간 무료 , 이후 지하주차장 규정대로"
JDQ4MTYyMiM1MSMkMSMkMCMkMTMkNDgxNzAyIzUxIyQyIyQ1IyQwMCQyNjEwMDIjODEjJDEjJDYjJDgz,
JDQ4MTYyMiM1MSMkMSMkMCMkMTMkNDgxOTYxIzExIyQxIyQzIyQ2MiQzNjEwMDIjNDEjJDEjJDgjJDgz,대로변 공공주차이용
JDQ4MTYyMiM1MSMkMSMkMCMkMTMkNDgxOTYxIzExIyQxIyQzIyQxMyQ0NjEwMDIjNDEjJDEjJDQjJDgz,
JDQ4MTYyMiM1MSMkMSMkMCMkMTMkNDgxOTYxIzIxIyQxIyQ1IyQ2MiQzNjE0ODEjNDEjJDEjJDgjJDgz,
JDQ4MTYyMiM1MSMkMSMkMCMkMTMkNDgxOTYxIzIxIyQxIyQ1IyQ4MiQyNjE0ODEjNTEjJDEjJDYjJDgz,맥도날드와 농협 효자촌지점 사이에 주자창 있음.
JDQ4MTYyMiM1MSMkMSMkMCMkMTMkNDgxOTYxIzIxIyQxIyQ1IyQwMyQzNjE0ODEjNDEjJDEjJDgjJDgz,
JDQ4MTYyMiM1MSMkMSMkMCMkMTMkNDgxOTYxIzIxIyQxIyQ5IyQ3MiQyNjE4MzIjNzEjJDEjJDgjJDgz,중부초등학교 공영주차장이나 건물 뒤 주차장 이용
JDQ4MTYyMiM1MSMkMSMkMCMkMTMkNDgxOTYxIzIxIyQxIyQxIyQ3MiQzNjEyMjIjODEjJDEjJDYjJDgz,주차는 KT 맞은편 공영주자장을 이용하세요. 주말엔 건물 앞에 주차가능.
JDQ4MTYyMiM1MSMkMSMkMCMkMTMkNDgxOTYxIzMxIyQxIyQzIyQ2MiQzNjE0ODEjNjEjJDEjJDAjJDgz,
JDQ4MTYyMiM1MSMkMSMkMCMkMTMkNDgxOTYxIzUxIyQxIyQ1IyQ4OSQ0NjE0ODEjNDEjJDEjJDgjJDgz,진료 1시간 무료
JDQ4MTYyMiM1MSMkMSMkMCMkMTMkNDgxOTYxIzUxIyQxIyQ1IyQwMyQzNjE0ODEjODEjJDEjJDYjJDgz,
JDQ4MTYyMiM1MSMkMSMkMCMkMTMkNDgxOTYxIzUxIyQxIyQxIyQ2MiQzNjE0ODEjNTEjJDEjJDYjJDgz,
JDQ4MTYyMiM1MSMkMSMkMCMkMTMkNDgxOTYxIzUxIyQxIyQxIyQ4MiQyNjE4MzIjNDEjJDEjJDQjJDgz,"한의원에서 정자역방향으로 30미터거리에 '르노삼성 A/S 센터(무료)'  또는 '정자동공영주차장'(백현초건너편, 유료)"
JDQ4MTYyMiM1MSMkMSMkMCMkNzIkMzgxMTkxIzExIyQxIyQ3IyQ5MiQzNjE4MzIjNDEjJDEjJDgjJDgz,상가주차장 이용
JDQ4MTYyMiM1MSMkMSMkMCMkNzIkMzgxMTkxIzExIyQxIyQzIyQ5OSQ0NjE0ODEjNjEjJDEjJDgjJDgz,
JDQ4MTYyMiM1MSMkMSMkMCMkNzIkMzgxMTkxIzExIyQyIyQzIyQwMCQ0NjE0ODEjNTEjJDEjJDYjJDgz,
JDQ4MTYyMiM1MSMkMSMkMCMkNzIkMzgxMTkxIzIxIyQxIyQ1IyQ3MiQzNjE0ODEjNjEjJDEjJDAjJDgz,진료시 무료
JDQ4MTYyMiM1MSMkMSMkMCMkNzIkMzgxMTkxIzIxIyQxIyQ1IyQ4MiQyNjE0ODEjODEjJDEjJDYjJDgz,
JDQ4MTYyMiM1MSMkMSMkMCMkNzIkMzgxMTkxIzIxIyQxIyQxIyQ3MiQyNjE4MzIjNDEjJDEjJDQjJDgz,건물에 주차 가능합니다.
JDQ4MTYyMiM1MSMkMSMkMCMkNzIkMzgxMTkxIzIxIyQxIyQxIyQ4OSQyNjEyMjIjNTEjJDEjJDIjJDgz,
JDQ4MTYyMiM1MSMkMSMkMCMkNzIkMzgxMTkxIzMxIyQxIyQ3IyQ2MiQyNjE4MzIjODEjJDEjJDIjJDgz,주차장 입구는 건물 뒷편에 위치해 있습니다.
JDQ4MTYyMiM1MSMkMSMkMCMkNzIkMzgxMTkxIzMxIyQxIyQ3IyQ4OSQzNjE0ODEjNjEjJDEjJDAjJDgz,만차시 백화점 앞 서현환승주차장 이용가능
JDQ4MTYyMiM1MSMkMSMkMCMkNzIkMzgxMTkxIzMxIyQxIyQzIyQwMyQyNjEwMDIjNjEjJDEjJDAjJDgz,
JDQ4MTYyMiM1MSMkMSMkMCMkNzIkMzgxMTkxIzQxIyQxIyQ3IyQ2MiQzNjE0ODEjNTEjJDEjJDIjJDgz,
JDQ4MTYyMiM1MSMkMSMkMCMkNzIkMzgxMTkxIzQxIyQxIyQ3IyQ5MiQyNjE4MzIjNjEjJDEjJDgjJDgz,
JDQ4MTYyMiM1MSMkMSMkMCMkNzIkMzgxMTkxIzQxIyQyIyQ3IyQwMCQyNjE4MzIjNzEjJDEjJDgjJDgz,경원대학교 안으로 들어오자마자 오른쪽방향에 있는 주차장 지하2층에 주차하시면 됩니다.
JDQ4MTYyMiM1MSMkMSMkMCMkNzIkMzgxMTkxIzUxIyQxIyQ1IyQ4OSQyNjE0ODEjNDEjJDEjJDgjJDgz,주차공간이적어 주차가 어려울수도 있음
JDQ4MTYyMiM1MSMkMSMkMCMkNzIkMzgxMTkxIzUxIyQxIyQ1IyQ5MiQyNjEyMjIjNDEjJDEjJDgjJDgz,
JDQ4MTYyMiM1MSMkMSMkMCMkNzIkMzgxMTkxIzUxIyQxIyQ1IyQwMyQyNjEyMjIjODEjJDEjJDIjJDgz,매화마을 공무원 아파트 2단지 상가 주차장사용가능
JDQ4MTYyMiM1MSMkMSMkMCMkNzIkMzgxMzUxIzExIyQxIyQ3IyQ4MiQyNjE0ODEjNjEjJDEjJDQjJDgz,
JDQ4MTYyMiM1MSMkMSMkMCMkNzIkMzgxMzUxIzExIyQxIyQ3IyQ5OSQ0NjEwMDIjNDEjJDEjJDQjJDgz,진료시 1시간까지 무료
JDQ4MTYyMiM1MSMkMSMkMCMkNzIkMzgxMzUxIzIxIyQxIyQ5IyQ4OSQ0NjE0ODEjNTEjJDEjJDYjJDgz,
JDQ4MTYyMiM1MSMkMSMkMCMkNzIkMzgxMzUxIzIxIyQxIyQxIyQ3MiQyNjE0ODEjNjEjJDEjJDAjJDgz,경인 주차장
JDQ4MTYyMiM1MSMkMSMkMCMkNzIkMzgxMzUxIzMxIyQxIyQzIyQ5MiQzNjEyMjIjNzEjJDEjJDgjJDgz,
JDQ4MTYyMiM1MSMkMSMkMCMkNzIkMzgxMzUxIzMxIyQyIyQzIyQwMCQ0NjEwMDIjNTEjJDEjJDIjJDgz,건물 뒷편 주차장 입구로 들어와 주차후 주차권 가지고 오시면 됩니다.
JDQ4MTYyMiM1MSMkMSMkMCMkNzIkMzgxMzUxIzQxIyQxIyQ3IyQxMyQyNjE4MzIjNDEjJDEjJDQjJDgz,건물내 주차장 이용/운중동주민센터 공영주차장 사용시 요금 병원부담
JDQ4MTYyMiM1MSMkMSMkMCMkNzIkMzgxMzUxIzQxIyQxIyQ3IyQxMyQzNjEwMDIjNjEjJDEjJDgjJDgz,
JDQ4MTYyMiM1MSMkMSMkMCMkNzIkMzgxMzUxIzUxIyQxIyQ1IyQwMyQzNjE0ODEjNTEjJDEjJDYjJDgz,본건물에는 주차장이 없지만 모란CGV건물 주차하시면 주차권 지원합니다.
JDQ4MTYyMiM1MSMkMSMkMCMkNzIkMzgxMzUxIzUxIyQxIyQxIyQwMyQyNjE0ODEjNjEjJDEjJDAjJDgz,
JDQ4MTYyMiM1MSMkMSMkMCMkNzIkMzgxNzAyIzExIyQxIyQ3IyQ2MiQ0NjE0ODEjNTEjJDEjJDIjJDgz,병원에서 제공하는 주차권을 출차시 정산소에 제출
JDQ4MTYyMiM1MSMkMSMkMCMkNzIkMzgxNzAyIzExIyQxIyQ3IyQ3OSQyNjEyMjIjNjEjJDEjJDAjJDgz,진료시간만큼..
JDQ4MTYyMiM1MSMkMSMkMCMkNzIkMzgxNzAyIzExIyQxIyQzIyQ2MiQyNjEyMjIjNzEjJDEjJDgjJDgz,
JDQ4MTYyMiM1MSMkMSMkMCMkNzIkMzgxNzAyIzExIyQxIyQzIyQ3OSQyNjE0ODEjNDEjJDEjJDgjJDgz,병원골목으로 들어와서 바로 우회전 수진주차장(코끼리약국 뒷골목)
JDQ4MTYyMiM1MSMkMSMkMCMkNzIkMzgxNzAyIzIxIyQxIyQ1IyQ4OSQyNjE4MzIjNTEjJDEjJDIjJDgz,건물 뒤쪽에 대원초등학교 밑 건물에  공영주차장에 주차가능
JDQ4MTYyMiM1MSMkMSMkMCMkNzIkMzgxNzAyIzIxIyQxIyQ5IyQ4MiQ0NjE0ODEjNjEjJDEjJDgjJDgz,
JDQ4MTYyMiM1MSMkMSMkMCMkNzIkMzgxNzAyIzIxIyQxIyQ5IyQ5OSQ0NjE0ODEjNzEjJDEjJDgjJDgz,
JDQ4MTYyMiM1MSMkMSMkMCMkNzIkMzgxNzAyIzMxIyQxIyQ3IyQwMyQzNjE0ODEjNDEjJDEjJDgjJDgz,"진료시2시간무료,"
JDQ4MTYyMiM1MSMkMSMkMCMkNzIkMzgxNzAyIzMxIyQxIyQ3IyQxMyQyNjEyMjIjNDEjJDEjJDgjJDgz,
JDQ4MTYyMiM1MSMkMSMkMCMkNzIkMzgxNzAyIzQxIyQyIyQ3IyQwMCQyNjEwMDIjNjEjJDEjJDgjJDgz,
JDQ4MTYyMiM1MSMkMSMkMCMkNzIkMzgxNzAyIzUxIyQxIyQxIyQxMyQ0NjE0ODEjNTEjJDEjJDYjJDgz,
JDQ4MTYyMiM1MSMkMSMkMCMkNzIkMzgxOTYxIzIxIyQxIyQ1IyQ2MiQyNjEwMDIjNzEjJDEjJDgjJDgz,(구) 성남시청 쪽 언덕위의 노변주차장 에 주차후 주차권을 소지하시면 주차도장을 찍어 드립니다. (무료)
JDQ4MTYyMiM1MSMkMSMkMCMkNzIkMzgxOTYxIzIxIyQxIyQ1IyQwMyQzNjE0ODEjNDEjJDEjJDgjJDgz,
JDQ4MTYyMiM1MSMkMSMkMCMkNzIkMzgxOTYxIzIxIyQxIyQ1IyQxMyQzNjEwMDIjNjEjJDEjJDgjJDgz,"진료시간내 무료주차, 지하2,3층  (기계식아님)"
JDQ4MTYyMiM1MSMkMSMkMCMkNzIkMzgxOTYxIzIxIyQxIyQ5IyQ3MiQzNjEyMjIjNDEjJDEjJDgjJDgz,카엘리베이터 이용
JDQ4MTYyMiM1MSMkMSMkMCMkNzIkMzgxOTYxIzIxIyQxIyQ5IyQ4MiQ0NjEwMDIjNTEjJDEjJDYjJDgz,
JDQ4MTYyMiM1MSMkMSMkMCMkNzIkMzgxOTYxIzIxIyQxIyQ5IyQwMyQyNjEwMDIjNTEjJDEjJDIjJDgz,
JDQ4MTYyMiM1MSMkMSMkMCMkNzIkMzgxOTYxIzMxIyQxIyQ3IyQwMyQzNjEyMjIjNjEjJDEjJDgjJDgz,병원 내원시 주차비무료.시간제한없음.
JDQ4MTYyMiM1MSMkMSMkMCMkNzIkMzgxOTYxIzMxIyQxIyQzIyQ3OSQyNjEyMjIjODEjJDEjJDYjJDgz,
JDQ4MTYyMiM1MSMkMSMkMCMkNzIkMzgxOTYxIzMxIyQxIyQzIyQxMyQzNjEwMDIjODEjJDEjJDYjJDgz,상가뒷편 1층에 주차장 있음
JDQ4MTYyMiM1MSMkMSMkMCMkNzIkMzgxOTYxIzMxIyQyIyQzIyQwMCQyNjE4MzIjODEjJDEjJDYjJDgz,지상주차공간 부족
JDQ4MTYyMiM1MSMkMSMkMCMkNzIkMzgxOTYxIzQxIyQxIyQ3IyQ3OSQzNjE4MzIjNTEjJDEjJDIjJDgz,
JDQ4MTYyMiM1MSMkMSMkMCMkNzIkMzgxOTYxIzQxIyQxIyQ3IyQ5OSQzNjEyMjIjODEjJDEjJDYjJDgz,
JDQ4MTYyMiM1MSMkMSMkMCMkNzIkMzgxOTYxIzUxIyQxIyQ1IyQ5OSQ0NjEwMDIjNjEjJDEjJDgjJDgz,
JDQ4MTYyMiM1MSMkMSMkMCMkNzIkMzgxOTYxIzUxIyQxIyQ1IyQwMyQ0NjE0ODEjNDEjJDEjJDgjJDgz,공영 주차장 2시간 무료
JDQ4MTYyMiM1MSMkMSMkMCMkNzIkMzgxOTYxIzUxIyQxIyQxIyQ2MiQzNjE4MzIjODEjJDEjJDIjJDgz,
JDQ4MTYyMiM1MSMkMSMkMCMkNzIkMzgxOTYxIzUxIyQxIyQxIyQ4MiQyNjE0ODEjNjEjJDEjJDQjJDgz,진료 2시간 무료
JDQ4MTYyMiM1MSMkMSMkMCMkNzIkNDgxMTkxIzExIyQxIyQ3IyQ4OSQ0NjE0ODEjNzEjJDEjJDgjJDgz,지하 주차장 만차시 운중동주민센터내 주차
JDQ4MTYyMiM1MSMkMSMkMCMkNzIkNDgxMTkxIzExIyQxIyQ3IyQ5MiQyNjEwMDIjNTEjJDEjJDYjJDgz,진료시간내 무료
JDQ4MTYyMiM1MSMkMSMkMCMkNzIkNDgxMTkxIzExIyQxIyQ3IyQ5OSQzNjEyMjIjODEjJDEjJDIjJDgz,"주차하실 곳; 치과건물 지하주차장, 서현역 공영주차장 무료주차"
JDQ4MTYyMiM1MSMkMSMkMCMkNzIkNDgxMTkxIzExIyQxIyQzIyQ4OSQyNjEyMjIjNDEjJDEjJDgjJDgz,
JDQ4MTYyMiM1MSMkMSMkMCMkNzIkNDgxMTkxIzExIyQxIyQzIyQ5OSQyNjEwMDIjNDEjJDEjJDgjJDgz,병원앞 공용주차장
JDQ4MTYyMiM1MSMkMSMkMCMkNzIkNDgxMTkxIzIxIyQxIyQ1IyQ4OSQzNjE4MzIjNDEjJDEjJDgjJDgz,"인생플란트치과 맞은편, 새소망병원 옆 태평주차장에 주차"
JDQ4MTYyMiM1MSMkMSMkMCMkNzIkNDgxMTkxIzIxIyQxIyQ1IyQ5OSQyNjEyMjIjODEjJDEjJDIjJDgz,
JDQ4MTYyMiM1MSMkMSMkMCMkNzIkNDgxMTkxIzIxIyQxIyQ5IyQ3OSQyNjE0ODEjNTEjJDEjJDYjJDgz,2시간 무료 주차 가능합니다.
JDQ4MTYyMiM1MSMkMSMkMCMkNzIkNDgxMTkxIzIxIyQxIyQ5IyQwMyQ0NjEwMDIjNjEjJDEjJDQjJDgz,
JDQ4MTYyMiM1MSMkMSMkMCMkNzIkNDgxMTkxIzIxIyQxIyQxIyQ3OSQzNjE4MzIjODEjJDEjJDIjJDgz,"2시간무료주차, 2시간지나면 무료주차쿠폰지급"
JDQ4MTYyMiM1MSMkMSMkMCMkNzIkNDgxMTkxIzIxIyQxIyQxIyQ5MiQzNjEwMDIjNTEjJDEjJDIjJDgz,
JDQ4MTYyMiM1MSMkMSMkMCMkNzIkNDgxMTkxIzMxIyQxIyQzIyQ4OSQyNjE4MzIjNDEjJDEjJDgjJDgz,
JDQ4MTYyMiM1MSMkMSMkMCMkNzIkNDgxMTkxIzMxIyQxIyQzIyQ5MiQzNjE0ODEjNTEjJDEjJDYjJDgz,
JDQ4MTYyMiM1MSMkMSMkMCMkNzIkNDgxMTkxIzMxIyQyIyQzIyQwMCQzNjE4MzIjODEjJDEjJDYjJDgz,
JDQ4MTYyMiM1MSMkMSMkMCMkNzIkNDgxMTkxIzQxIyQxIyQ3IyQ5OSQyNjE0ODEjNzEjJDEjJDgjJDgz,진료시 2시간 무료
JDQ4MTYyMiM1MSMkMSMkMCMkNzIkNDgxMTkxIzQxIyQxIyQ3IyQwMyQyNjEyMjIjNzEjJDEjJDgjJDgz,
JDQ4MTYyMiM1MSMkMSMkMCMkNzIkNDgxMzUxIzExIyQxIyQ3IyQ5MiQ0NjE0ODEjNDEjJDEjJDQjJDgz,주차장은 엘리베이터로 운행 함니다..
JDQ4MTYyMiM1MSMkMSMkMCMkNzIkNDgxMzUxIzExIyQxIyQ3IyQwMyQyNjEwMDIjNDEjJDEjJDQjJDgz,제중빌딩 건물 내 주차 가능
JDQ4MTYyMiM1MSMkMSMkMCMkNzIkNDgxMzUxIzExIyQxIyQzIyQ2MiQyNjE4MzIjNDEjJDEjJDgjJDgz,
JDQ4MTYyMiM1MSMkMSMkMCMkNzIkNDgxMzUxIzExIyQxIyQzIyQ3OSQzNjEyMjIjNjEjJDEjJDgjJDgz,
JDQ4MTYyMiM1MSMkMSMkMCMkNzIkNDgxMzUxIzExIyQxIyQzIyQ5MiQ0NjEwMDIjNDEjJDEjJDgjJDgz,
JDQ4MTYyMiM1MSMkMSMkMCMkNzIkNDgxMzUxIzExIyQyIyQzIyQwMCQyNjE4MzIjNTEjJDEjJDYjJDgz,치과 방문 진료시 무료주차 확인 도장
JDQ4MTYyMiM1MSMkMSMkMCMkNzIkNDgxMzUxIzIxIyQxIyQ1IyQwMyQ0NjE0ODEjNDEjJDEjJDQjJDgz,진료2시간 무료
JDQ4MTYyMiM1MSMkMSMkMCMkNzIkNDgxMzUxIzIxIyQxIyQ1IyQxMyQyNjE0ODEjNDEjJDEjJDgjJDgz,건물내 주차장 있음. 건물 앞 공영주차장도 이용가능.
JDQ4MTYyMiM1MSMkMSMkMCMkNzIkNDgxMzUxIzIxIyQxIyQxIyQ3OSQyNjEyMjIjNjEjJDEjJDgjJDgz,3시간 무료 주차 (주차등록필수)
JDQ4MTYyMiM1MSMkMSMkMCMkNzIkNDgxMzUxIzIxIyQxIyQxIyQ4OSQzNjEwMDIjODEjJDEjJDIjJDgz,3시간 무료입니다.
JDQ4MTYyMiM1MSMkMSMkMCMkNzIkNDgxMzUxIzMxIyQyIyQ3IyQwMCQ0NjE0ODEjNTEjJDEjJDIjJDgz,1층에 주차 하시면 됩니다.
JDQ4MTYyMiM1MSMkMSMkMCMkNzIkNDgxMzUxIzMxIyQyIyQ3IyQwMCQyNjEyMjIjNTEjJDEjJDYjJDgz,
JDQ4MTYyMiM1MSMkMSMkMCMkNzIkNDgxMzUxIzQxIyQxIyQ3IyQxMyQzNjEyMjIjNjEjJDEjJDgjJDgz,월드비터 2시간
JDQ4MTYyMiM1MSMkMSMkMCMkNzIkNDgxMzUxIzUxIyQxIyQ1IyQ4MiQzNjEwMDIjODEjJDEjJDYjJDgz,
JDQ4MTYyMiM1MSMkMSMkMCMkNzIkNDgxMzUxIzUxIyQxIyQ1IyQ5OSQyNjEyMjIjNjEjJDEjJDQjJDgz,병원진료후 주차권을 드립니다.
JDQ4MTYyMiM1MSMkMSMkMCMkNzIkNDgxNzAyIzExIyQxIyQzIyQ3MiQzNjEyMjIjODEjJDEjJDYjJDgz,"건물 지하주차장(무료), 건물 1층주차장(유료/주차권배부), 야탑역제1환승주차장(유료/주차권배부)"
JDQ4MTYyMiM1MSMkMSMkMCMkNzIkNDgxNzAyIzExIyQxIyQzIyQxMyQ0NjEwMDIjNTEjJDEjJDIjJDgz,
JDQ4MTYyMiM1MSMkMSMkMCMkNzIkNDgxNzAyIzIxIyQxIyQ1IyQ5OSQyNjEwMDIjNjEjJDEjJDQjJDgz,진료2시간무료
JDQ4MTYyMiM1MSMkMSMkMCMkNzIkNDgxNzAyIzIxIyQxIyQxIyQwMyQ0NjEwMDIjODEjJDEjJDIjJDgz,건물2층 주차시 치과 복도와 바로 연결됩니다.
JDQ4MTYyMiM1MSMkMSMkMCMkNzIkNDgxNzAyIzIxIyQyIyQ5IyQwMCQ0NjE0ODEjNjEjJDEjJDgjJDgz,치과에서 모란역방향 50m 정도 태평주차장 주차가능
JDQ4MTYyMiM1MSMkMSMkMCMkNzIkNDgxNzAyIzUxIyQxIyQ1IyQ3OSQ0NjE0ODEjNjEjJDEjJDgjJDgz,
JDQ4MTYyMiM1MSMkMSMkMCMkNzIkNDgxNzAyIzUxIyQxIyQ1IyQxMyQzNjEyMjIjNjEjJDEjJDQjJDgz,자동차로 오실 경우 미리 예약 전화 주시면 주차장 이용에 대해 안내해 드리겠습니다.
JDQ4MTYyMiM1MSMkMSMkMCMkNzIkNDgxNzAyIzUxIyQxIyQxIyQ4MiQzNjE0ODEjNDEjJDEjJDgjJDgz,
JDQ4MTYyMiM1MSMkMSMkMCMkNzIkNDgxNzAyIzUxIyQxIyQxIyQ4OSQzNjE0ODEjNjEjJDEjJDAjJDgz,
JDQ4MTYyMiM1MSMkMSMkMCMkNzIkNDgxOTYxIzExIyQxIyQ3IyQwMyQzNjEwMDIjODEjJDEjJDIjJDgz,
JDQ4MTYyMiM1MSMkMSMkMCMkNzIkNDgxOTYxIzExIyQxIyQzIyQ2MiQzNjE4MzIjODEjJDEjJDYjJDgz,진료시간 무료주차
JDQ4MTYyMiM1MSMkMSMkMCMkNzIkNDgxOTYxIzIxIyQxIyQ1IyQ3OSQzNjE4MzIjODEjJDEjJDYjJDgz,
JDQ4MTYyMiM1MSMkMSMkMCMkNzIkNDgxOTYxIzIxIyQxIyQxIyQ3OSQzNjE4MzIjNTEjJDEjJDIjJDgz,
JDQ4MTYyMiM1MSMkMSMkMCMkNzIkNDgxOTYxIzIxIyQxIyQxIyQ5MiQ0NjEwMDIjNDEjJDEjJDQjJDgz,주차장은 따로 없으며 도로변 공용유료주차장 이용바랍니다.
JDQ4MTYyMiM1MSMkMSMkMCMkNzIkNDgxOTYxIzIxIyQyIyQ1IyQwMCQzNjEyMjIjNTEjJDEjJDIjJDgz,병원 지하주차장 또는 삼영주차장
JDQ4MTYyMiM1MSMkMSMkMCMkNzIkNDgxOTYxIzMxIyQxIyQ3IyQ4MiQzNjE0ODEjNzEjJDEjJDgjJDgz,신흥역 성남중앙점 롯데시네마 지하에 주차후 데스크에 말씀해주십시오
JDQ4MTYyMiM1MSMkMSMkMCMkNzIkNDgxOTYxIzQxIyQxIyQ3IyQ2MiQyNjEwMDIjNjEjJDEjJDAjJDgz,진료 2시간 무료
JDQ4MTYyMiM1MSMkMSMkMCMkNzIkNDgxOTYxIzQxIyQxIyQ3IyQ5MiQyNjE4MzIjNTEjJDEjJDIjJDgz,지하 주차장 이용가능
JDQ4MTYyMiM1MSMkMSMkMCMkNzIkNDgxOTYxIzQxIyQxIyQ3IyQxMyQyNjE4MzIjNzEjJDEjJDgjJDgz,
JDQ4MTYyMiM1MSMkMSMkMCMkNzIkNDgxOTYxIzUxIyQxIyQ1IyQ3MiQ0NjE0ODEjNDEjJDEjJDgjJDgz,
JDQ4MTYyMiM1MSMkMSMkMCMkNzIkNDgxOTYxIzUxIyQxIyQ1IyQ4OSQ0NjEwMDIjNDEjJDEjJDgjJDgz,1시간 무료주차
JDQ4MTYyMiM1MSMkMSMkMCMkNzIkNDgxOTYxIzUxIyQxIyQxIyQ3MiQzNjEwMDIjNDEjJDEjJDgjJDgz,
JDQ4MTYyMiM1MSMkMSMkMCMkNzIkNDgxOTYxIzUxIyQxIyQxIyQ4OSQ0NjEwMDIjNjEjJDEjJDAjJDgz,"신흥제7공영주차장, 주차권을 가져오시면 됩니다"
JDQ4MTYyMiM1MSMkMSMkMCMkNzIkNTgxMzUxIzIxIyQxIyQ1IyQ5MiQyNjE4MzIjNTEjJDEjJDYjJDgz,
JDQ4MTYyMiM1MSMkMSMkMCMkNzIkNTgxMzUxIzIxIyQxIyQ1IyQ5MiQyNjEyMjIjNjEjJDEjJDQjJDgz,
JDQ4MTYyMiM1MSMkMSMkMCMkNzIkNTgxMzUxIzIxIyQxIyQ1IyQxMyQyNjE4MzIjODEjJDEjJDIjJDgz,위례중앙타워 주차장에 주차 후 방문확인
JDQ4MTYyMiM1MSMkMSMkMCMkNzIkNTgxMzUxIzIxIyQxIyQ5IyQ3OSQ0NjEwMDIjODEjJDEjJDIjJDgz,
JDQ4MTYyMiM1MSMkMSMkMCMkNzIkNTgxMzUxIzIxIyQxIyQ5IyQwMyQyNjEyMjIjODEjJDEjJDYjJDgz,
JDQ4MTYyMiM1MSMkMSMkMCMkNzIkNTgxMzUxIzIxIyQxIyQ5IyQxMyQzNjEyMjIjODEjJDEjJDYjJDgz,이마트 성남점에 주차 후 치과 내원시 데스크에 알림
JDQ4MTYyMiM1MSMkMSMkMCMkNzIkNTgxMzUxIzIxIyQxIyQxIyQ5OSQ0NjEwMDIjNDEjJDEjJDQjJDgz,
JDQ4MTYyMiM1MSMkMSMkMCMkNzIkNTgxMzUxIzMxIyQxIyQ3IyQ4MiQyNjEyMjIjNzEjJDEjJDgjJDgz,
JDQ4MTYyMiM1MSMkMSMkMCMkNzIkNTgxMzUxIzUxIyQxIyQ1IyQ5OSQzNjEyMjIjNDEjJDEjJDQjJDgz,
JDQ4MTYyMiM1MSMkMSMkMCMkNzIkNTgxOTYxIzExIyQxIyQ3IyQ4MiQ0NjEwMDIjODEjJDEjJDIjJDgz,
JDQ4MTYyMiM1MSMkMSMkMCMkNzIkNTgxOTYxIzExIyQxIyQ3IyQ4OSQyNjEyMjIjNjEjJDEjJDAjJDgz,
JDQ4MTYyMiM1MSMkMSMkMCMkNzIkNTgxOTYxIzExIyQxIyQ3IyQwMyQyNjE0ODEjODEjJDEjJDYjJDgz,
JDQ4MTYyMiM1MSMkMSMkMCMkNzIkNTgxOTYxIzExIyQxIyQ3IyQwMyQzNjE4MzIjNjEjJDEjJDgjJDgz,최대 2시간 무료제공
JDQ4MTYyMiM1MSMkMSMkMCMkNzIkNTgxOTYxIzExIyQxIyQzIyQ5OSQ0NjE0ODEjNjEjJDEjJDAjJDgz,
JDQ4MTYyMiM1MSMkMSMkMCMkNzIkNTgxOTYxIzIxIyQxIyQxIyQ5MiQyNjE4MzIjNTEjJDEjJDIjJDgz,"기계식 지하주차 2시간 무료, 지상주차 30분 무료 (초과시간에 해당하는 만큼 주차권 지원)"
JDQ4MTYyMiM1MSMkMSMkMCMkODkkMzgxMzUxIzExIyQxIyQ3IyQ3OSQzNjE0ODEjNjEjJDEjJDgjJDgz,"입퇴원 및 수술 당일 주차비 무료, 외래 및 검진 환자 4시간 주차비 무료(환자별 차량 1대 기준) 이외 30분당 1,000원"
JDQ4MTYyMiM1MSMkMSMkMCMkODkkMzgxMzUxIzExIyQxIyQzIyQ3MiQyNjEwMDIjNDEjJDEjJDgjJDgz,
JDQ4MTYyMiM1MSMkMSMkMCMkODkkMzgxMzUxIzExIyQxIyQzIyQ3OSQzNjE4MzIjNjEjJDEjJDAjJDgz,"진료 4시간 무료, 입퇴원 및 종합검사시 4시간 무료"
JDQ4MTYyMiM1MSMkMSMkMCMkOTkkMzgxMzUxIzIxIyQxIyQ5IyQxMyQ0NjEwMDIjNjEjJDEjJDgjJDgz,진료환자 3시간 무료주차
JDQ4MTYyMiM1MSMkMSMkMCMkOTkkMzgxMzUxIzMxIyQxIyQ3IyQ5OSQyNjEyMjIjNDEjJDEjJDgjJDgz,"진료 2시간 무료, 면회 2시간 무료, 입퇴원 당일 3시간 무료"
JDQ4MTYyMiM1MSMkMSMkMCMkOTkkMzgxMzUxIzMxIyQxIyQzIyQ5MiQzNjEwMDIjNjEjJDEjJDQjJDgz,
JDQ4MTYyMiM1MSMkMSMkMCMkOTkkMzgxMzUxIzQxIyQxIyQ3IyQwMyQyNjEyMjIjNDEjJDEjJDgjJDgz,주차공간이 협소하므로 대중교통 이용 부탁드립니다.
JDQ4MTYyMiM1MSMkMSMkMCMkOTkkMzgxMzUxIzUxIyQxIyQ1IyQ3MiQyNjEwMDIjNTEjJDEjJDYjJDgz,"BYC빌딩,롯데리아 사이길로 들어오시면 기계식 주차 가능함. 주차비 40분 무료 , 이후30분당 500원"
JDQ4MTYyMiM1MSMkMSMkMCMkOTkkMzgxMzUxIzUxIyQxIyQxIyQ5MiQzNjEwMDIjNjEjJDEjJDAjJDgz,주차도장 2시간 무료
JDQ4MTYyMiM1MSMkMSMkMCMkOTkkMzgxMzUxIzUxIyQyIyQ1IyQwMCQzNjEwMDIjNDEjJDEjJDgjJDgz,무료 발렛 파킹
JDQ4MTYyMiM1MSMkMSMkMCMkOTkkMzgxOTYxIzExIyQxIyQ3IyQ2MiQzNjE0ODEjNjEjJDEjJDQjJDgz,건물우측입구 지하추차이용후 5층 진료
JDQ4MTYyMiM1MSMkMSMkMCMkOTkkMzgxOTYxIzExIyQxIyQzIyQ4OSQyNjEyMjIjNDEjJDEjJDgjJDgz,"진료 3시간 무료/입원보호자(면회객)1시간 무료/입퇴원,수술 시술 고객 당일무료 1대적용"
JDQ4MTYyMiM1MSMkMSMkMCMkOTkkNTgxMzUxIzExIyQxIyQzIyQ3MiQyNjE0ODEjNDEjJDEjJDgjJDgz,"기본 1시간 무료 /  추가 : 외래진료 8시간 무료, 입원수납 4시간 무료, 입·퇴원 당일 무료, 건강검진 무료"
JDQ4MTYyMiM1MSMkMSMkMCMkOTkkNTgxMzUxIzIxIyQxIyQ1IyQ4OSQzNjE0ODEjNjEjJDEjJDAjJDgz,
JDQ4MTYyMiM1MSMkMSMkMCMkOTkkNTgxMzUxIzIxIyQxIyQ5IyQ5MiQzNjE4MzIjODEjJDEjJDYjJDgz,
JDQ4MTYyMiM1MSMkMSMkMCMkOTkkNTgxMzUxIzIxIyQxIyQxIyQxMyQ0NjEwMDIjNzEjJDEjJDgjJDgz,
JDQ4MTYyMiM1MSMkMSMkMCMkOTkkNTgxMzUxIzMxIyQxIyQ3IyQ3MiQ0NjE0ODEjNjEjJDEjJDQjJDgz,1시간 무료
JDQ4MTYyMiM1MSMkMSMkMCMkOTkkNTgxMzUxIzMxIyQxIyQ3IyQ3MiQzNjEwMDIjNDEjJDEjJDgjJDgz,병원 본원건물 지하 주차장
JDQ4MTYyMiM1MSMkMSMkMCMkOTkkNTgxMzUxIzMxIyQxIyQ3IyQ5OSQ0NjEwMDIjNDEjJDEjJDgjJDgz,기본 30분 무료
JDQ4MTYyMiM1MSMkMSMkMCMkOTkkNTgxMzUxIzMxIyQxIyQzIyQ5OSQyNjE4MzIjNjEjJDEjJDgjJDgz,
JDQ4MTYyMiM1MSMkMSMkMCMkOTkkNTgxMzUxIzUxIyQxIyQ1IyQ3OSQyNjE0ODEjNTEjJDEjJDIjJDgz,
JDQ4MTYyMiM1MSMkMSMkMCMkOTkkNTgxMzUxIzUxIyQxIyQ1IyQ3OSQyNjEwMDIjNDEjJDEjJDgjJDgz,"입,퇴원 및 입원상담시 무료"
JDQ4MTYyMiM1MSMkMSMkMCMkOTkkNTgxMzUxIzUxIyQxIyQxIyQ3OSQ0NjE0ODEjNDEjJDEjJDgjJDgz,주차시간 30분 무료
JDQ4MTYyMiM1MSMkMSMkMCMkOTkkNTgxMzUxIzUxIyQxIyQxIyQwMyQyNjE4MzIjODEjJDEjJDYjJDgz,
JDQ4MTYyMiM1MSMkMSMkMCMkOTkkNTgxMzUxIzUxIyQxIyQxIyQxMyQyNjE4MzIjNjEjJDEjJDgjJDgz,
JDQ4MTYyMiM1MSMkMiMkMCMkMDAkMzgxMTkxIzIxIyQxIyQ1IyQxMyQzNjEwMDIjNTEjJDEjJDIjJDgz,
JDQ4MTYyMiM1MSMkMiMkMCMkMDAkMzgxMTkxIzIxIyQxIyQ5IyQwMyQzNjEwMDIjNDEjJDEjJDgjJDgz,
JDQ4MTYyMiM1MSMkMiMkMCMkMDAkMzgxMTkxIzIxIyQxIyQxIyQxMyQyNjE4MzIjNDEjJDEjJDQjJDgz,
JDQ4MTYyMiM1MSMkMiMkMCMkMDAkMzgxMTkxIzMxIyQxIyQzIyQxMyQyNjEyMjIjNDEjJDEjJDgjJDgz,
JDQ4MTYyMiM1MSMkMiMkMCMkMDAkMzgxMTkxIzMxIyQyIyQ3IyQwMCQzNjE4MzIjNjEjJDEjJDAjJDgz,
JDQ4MTYyMiM1MSMkMiMkMCMkMDAkMzgxMTkxIzQxIyQxIyQ3IyQ3MiQzNjE4MzIjNjEjJDEjJDQjJDgz,
JDQ4MTYyMiM1MSMkMiMkMCMkMDAkMzgxMTkxIzUxIyQxIyQ1IyQ4MiQyNjEwMDIjNjEjJDEjJDgjJDgz,
JDQ4MTYyMiM1MSMkMiMkMCMkMDAkMzgxMTkxIzUxIyQxIyQ1IyQxMyQ0NjEwMDIjNTEjJDEjJDYjJDgz,
JDQ4MTYyMiM1MSMkMiMkMCMkMDAkMzgxMTkxIzUxIyQxIyQxIyQ3OSQzNjEwMDIjODEjJDEjJDYjJDgz,
JDQ4MTYyMiM1MSMkMiMkMCMkMDAkMzgxMTkxIzUxIyQxIyQxIyQ5OSQyNjE4MzIjNzEjJDEjJDgjJDgz,
JDQ4MTYyMiM1MSMkMiMkMCMkMDAkMzgxMzUxIzMxIyQxIyQ3IyQwMyQyNjE0ODEjNTEjJDEjJDIjJDgz,준준형까지 가능
JDQ4MTYyMiM1MSMkMiMkMCMkMDAkMzgxNzAyIzExIyQxIyQ3IyQ2MiQ0NjEwMDIjNDEjJDEjJDgjJDgz,
JDQ4MTYyMiM1MSMkMiMkMCMkMDAkMzgxNzAyIzExIyQxIyQ3IyQxMyQzNjE0ODEjNzEjJDEjJDgjJDgz,
JDQ4MTYyMiM1MSMkMiMkMCMkMDAkMzgxNzAyIzIxIyQxIyQxIyQ5MiQzNjEyMjIjNjEjJDEjJDQjJDgz,
JDQ4MTYyMiM1MSMkMiMkMCMkMDAkMzgxNzAyIzUxIyQxIyQxIyQ5MiQzNjE4MzIjNDEjJDEjJDgjJDgz,
JDQ4MTYyMiM1MSMkMiMkMCMkMDAkMzgxNzAyIzUxIyQxIyQxIyQwMyQyNjEwMDIjNDEjJDEjJDQjJDgz,
JDQ4MTYyMiM1MSMkMiMkMCMkMDAkMzgxOTYxIzExIyQxIyQzIyQwMyQ0NjE0ODEjNjEjJDEjJDQjJDgz,
JDQ4MTYyMiM1MSMkMiMkMCMkMDAkMzgxOTYxIzIxIyQxIyQ5IyQ5MiQyNjE4MzIjNTEjJDEjJDIjJDgz,처음30분무료후 추가30분당 500원
JDQ4MTYyMiM1MSMkMiMkMCMkMDAkMzgxOTYxIzMxIyQxIyQ3IyQ4MiQyNjE4MzIjODEjJDEjJDIjJDgz,
JDQ4MTYyMiM1MSMkMiMkMCMkMDAkMzgxOTYxIzMxIyQyIyQzIyQwMCQ0NjE0ODEjNDEjJDEjJDgjJDgz,
JDQ4MTYyMiM1MSMkMiMkMCMkMDAkMzgxOTYxIzUxIyQxIyQxIyQ3OSQzNjE4MzIjNDEjJDEjJDQjJDgz,진료시1시간무료주차
JDQ4MTYyMiM1MSMkMiMkMCMkMDAkMzgxOTYxIzUxIyQxIyQxIyQwMyQyNjE0ODEjNDEjJDEjJDgjJDgz,
JDQ4MTYyMiM1MSMkMiMkMCMkMDAkNDgxMTkxIzExIyQxIyQzIyQwMyQzNjE0ODEjNDEjJDEjJDQjJDgz,은행제1공영주차장이용-중부초등학교 지하
JDQ4MTYyMiM1MSMkMiMkMCMkMDAkNDgxMTkxIzIxIyQxIyQ1IyQ5OSQzNjE0ODEjNjEjJDEjJDQjJDgz,해당 진료시간 내 무료
JDQ4MTYyMiM1MSMkMiMkMCMkMDAkNDgxMTkxIzIxIyQxIyQ5IyQ4MiQyNjE4MzIjNTEjJDEjJDIjJDgz,
JDQ4MTYyMiM1MSMkMiMkMCMkMDAkNDgxMTkxIzIxIyQxIyQxIyQ3OSQyNjE4MzIjNjEjJDEjJDgjJDgz,
JDQ4MTYyMiM1MSMkMiMkMCMkMDAkNDgxMTkxIzIxIyQxIyQxIyQ5MiQ0NjEwMDIjNjEjJDEjJDgjJDgz,단대오거리역 노상공영주차장(단대오거리역 1번 출구에서 5m)을 이용하면 편리합니다
JDQ4MTYyMiM1MSMkMiMkMCMkMDAkNDgxMTkxIzIxIyQxIyQxIyQ5OSQ0NjE0ODEjNDEjJDEjJDgjJDgz,
JDQ4MTYyMiM1MSMkMiMkMCMkMDAkNDgxMTkxIzMxIyQxIyQ3IyQ5OSQzNjE0ODEjNjEjJDEjJDAjJDgz,
JDQ4MTYyMiM1MSMkMiMkMCMkMDAkNDgxMTkxIzQxIyQxIyQ3IyQ3OSQ0NjE0ODEjODEjJDEjJDYjJDgz,
JDQ4MTYyMiM1MSMkMiMkMCMkMDAkNDgxMTkxIzUxIyQxIyQ1IyQ3OSQyNjE0ODEjNjEjJDEjJDgjJDgz,
JDQ4MTYyMiM1MSMkMiMkMCMkMDAkNDgxMzUxIzExIyQxIyQ3IyQ3MiQzNjEwMDIjNDEjJDEjJDgjJDgz,은행동 제10 공영주차장 이용
JDQ4MTYyMiM1MSMkMiMkMCMkMDAkNDgxMzUxIzExIyQxIyQ3IyQ3OSQyNjEwMDIjNTEjJDEjJDIjJDgz,
JDQ4MTYyMiM1MSMkMiMkMCMkMDAkNDgxMzUxIzExIyQxIyQzIyQ3OSQyNjE4MzIjNTEjJDEjJDIjJDgz,
JDQ4MTYyMiM1MSMkMiMkMCMkMDAkNDgxMzUxIzExIyQxIyQzIyQwMyQ0NjEwMDIjNDEjJDEjJDQjJDgz,주차 어려움
JDQ4MTYyMiM1MSMkMiMkMCMkMDAkNDgxMzUxIzIxIyQxIyQ1IyQ4OSQzNjE0ODEjNzEjJDEjJDgjJDgz,
JDQ4MTYyMiM1MSMkMiMkMCMkMDAkNDgxMzUxIzIxIyQxIyQ1IyQ5OSQyNjEwMDIjNDEjJDEjJDQjJDgz,
JDQ4MTYyMiM1MSMkMiMkMCMkMDAkNDgxMzUxIzIxIyQxIyQ1IyQ5OSQzNjEwMDIjNTEjJDEjJDIjJDgz,
JDQ4MTYyMiM1MSMkMiMkMCMkMDAkNDgxMzUxIzIxIyQxIyQ1IyQwMyQ0NjEwMDIjODEjJDEjJDYjJDgz,
JDQ4MTYyMiM1MSMkMiMkMCMkMDAkNDgxMzUxIzIxIyQxIyQxIyQ5OSQzNjEwMDIjNjEjJDEjJDgjJDgz,금곡프라자 내 지하주차장
JDQ4MTYyMiM1MSMkMiMkMCMkMDAkNDgxMzUxIzIxIyQyIyQ1IyQwMCQzNjE0ODEjNDEjJDEjJDgjJDgz,"진료 후 무료 주차 확인,  출입구가 좁아서 안전운전 요합니다."
JDQ4MTYyMiM1MSMkMiMkMCMkMDAkNDgxMzUxIzMxIyQxIyQ3IyQ3MiQzNjE0ODEjNjEjJDEjJDQjJDgz,
JDQ4MTYyMiM1MSMkMiMkMCMkMDAkNDgxMzUxIzMxIyQxIyQzIyQ5MiQyNjEyMjIjNzEjJDEjJDgjJDgz,
JDQ4MTYyMiM1MSMkMiMkMCMkMDAkNDgxMzUxIzUxIyQxIyQ1IyQxMyQyNjEwMDIjODEjJDEjJDYjJDgz,건물뒤 국민은행 지하 주차장 이용
JDQ4MTYyMiM1MSMkMiMkMCMkMDAkNDgxMzUxIzUxIyQxIyQxIyQ4OSQyNjEwMDIjNjEjJDEjJDAjJDgz,진료 1시간 무료입니다.
JDQ4MTYyMiM1MSMkMiMkMCMkMDAkNDgxMzUxIzUxIyQxIyQxIyQxMyQ0NjE0ODEjNDEjJDEjJDQjJDgz,
JDQ4MTYyMiM1MSMkMiMkMCMkMDAkNDgxNzAyIzIxIyQxIyQ1IyQ2MiQzNjEyMjIjNDEjJDEjJDgjJDgz,
JDQ4MTYyMiM1MSMkMiMkMCMkMDAkNDgxNzAyIzIxIyQxIyQ1IyQwMyQ0NjEwMDIjNjEjJDEjJDQjJDgz,
JDQ4MTYyMiM1MSMkMiMkMCMkMDAkNDgxNzAyIzIxIyQxIyQ5IyQwMyQyNjE4MzIjNTEjJDEjJDIjJDgz,
JDQ4MTYyMiM1MSMkMiMkMCMkMDAkNDgxNzAyIzIxIyQxIyQxIyQ2MiQyNjE4MzIjNDEjJDEjJDgjJDgz,
JDQ4MTYyMiM1MSMkMiMkMCMkMDAkNDgxNzAyIzIxIyQxIyQxIyQ4OSQyNjEwMDIjNTEjJDEjJDIjJDgz,주변공터많음
JDQ4MTYyMiM1MSMkMiMkMCMkMDAkNDgxNzAyIzMxIyQxIyQ3IyQ2MiQ0NjEwMDIjNjEjJDEjJDQjJDgz,2시간 무료 이며  본 건물외 주차시 주차요금은 본인부담입니다
JDQ4MTYyMiM1MSMkMiMkMCMkMDAkNDgxNzAyIzMxIyQxIyQ3IyQ2MiQyNjEwMDIjNDEjJDEjJDQjJDgz,상가 지하주차장 이용가능(단 본 병원이용시 무료임)
JDQ4MTYyMiM1MSMkMiMkMCMkMDAkNDgxNzAyIzMxIyQxIyQ3IyQ2MiQzNjE0ODEjNjEjJDEjJDAjJDgz,1시간 주차 무료이고 지하 5층까지 공동 주차장
JDQ4MTYyMiM1MSMkMiMkMCMkMDAkNDgxNzAyIzMxIyQxIyQ3IyQwMyQzNjE0ODEjNTEjJDEjJDYjJDgz,1시간 무료
JDQ4MTYyMiM1MSMkMiMkMCMkMDAkNDgxNzAyIzMxIyQxIyQzIyQ2MiQzNjE4MzIjNTEjJDEjJDIjJDgz,
JDQ4MTYyMiM1MSMkMiMkMCMkMDAkNDgxNzAyIzMxIyQxIyQzIyQ3OSQ0NjEwMDIjNDEjJDEjJDQjJDgz,
JDQ4MTYyMiM1MSMkMiMkMCMkMDAkNDgxNzAyIzMxIyQxIyQzIyQxMyQyNjE4MzIjNjEjJDEjJDgjJDgz,주차 안내원에게 말씀하십시요.
JDQ4MTYyMiM1MSMkMiMkMCMkMDAkNDgxNzAyIzQxIyQyIyQ3IyQwMCQyNjEyMjIjNzEjJDEjJDgjJDgz,
JDQ4MTYyMiM1MSMkMiMkMCMkMDAkNDgxNzAyIzUxIyQxIyQxIyQ3MiQyNjE4MzIjNjEjJDEjJDgjJDgz,
JDQ4MTYyMiM1MSMkMiMkMCMkMDAkNDgxOTYxIzExIyQxIyQ3IyQ4MiQ0NjEwMDIjNzEjJDEjJDgjJDgz,
JDQ4MTYyMiM1MSMkMiMkMCMkMDAkNDgxOTYxIzExIyQxIyQ3IyQxMyQzNjEwMDIjNjEjJDEjJDgjJDgz,
JDQ4MTYyMiM1MSMkMiMkMCMkMDAkNDgxOTYxIzIxIyQxIyQ5IyQ3MiQzNjEwMDIjNjEjJDEjJDgjJDgz,
JDQ4MTYyMiM1MSMkMiMkMCMkMDAkNDgxOTYxIzIxIyQxIyQ5IyQ5MiQ0NjE0ODEjNjEjJDEjJDQjJDgz,
JDQ4MTYyMiM1MSMkMiMkMCMkMDAkNDgxOTYxIzIxIyQxIyQxIyQ5OSQyNjE0ODEjNDEjJDEjJDgjJDgz,
JDQ4MTYyMiM1MSMkMiMkMCMkMDAkNDgxOTYxIzMxIyQxIyQ3IyQ2MiQzNjE4MzIjODEjJDEjJDIjJDgz,무료주차권발급
JDQ4MTYyMiM1MSMkMiMkMCMkMDAkNDgxOTYxIzMxIyQxIyQ3IyQ4MiQyNjE0ODEjNjEjJDEjJDQjJDgz,만차시 주차의 어려움이 있습니다.
JDQ4MTYyMiM1MSMkMiMkMCMkMDAkNDgxOTYxIzMxIyQyIyQzIyQwMCQyNjE0ODEjNzEjJDEjJDgjJDgz,
JDQ4MTYyMiM1MSMkMiMkMCMkMDAkNDgxOTYxIzQxIyQxIyQ3IyQwMyQzNjE0ODEjODEjJDEjJDYjJDgz,
JDQ4MTYyMiM1MSMkMiMkMCMkMDAkNDgxOTYxIzUxIyQxIyQ1IyQ4OSQzNjE4MzIjNjEjJDEjJDQjJDgz,
JDQ4MTYyMiM1MSMkMiMkMCMkMDAkNDgxOTYxIzUxIyQxIyQ1IyQ5OSQzNjE0ODEjODEjJDEjJDIjJDgz,
JDQ4MTYyMiM1MSMkMiMkMCMkMDAkNTgxMzUxIzExIyQxIyQ3IyQ2MiQzNjEyMjIjNjEjJDEjJDAjJDgz,
JDQ4MTYyMiM1MSMkMiMkMCMkMDAkNTgxMzUxIzExIyQxIyQ3IyQ3MiQyNjEyMjIjODEjJDEjJDYjJDgz,진료시 2시간 무료
JDQ4MTYyMiM1MSMkMiMkMCMkMDAkNTgxMzUxIzExIyQxIyQzIyQ5OSQyNjEyMjIjNDEjJDEjJDgjJDgz,"주차대기 시간이 길어, 유료주차장 이용 가능합니다.  주차장 입구에서 ""갈비이야기"" 를 좌측으로 돌아서 50미터 가면 좌측 2층으로 주차 300 대 가능. 주차비 시간당 1500원"
JDQ4MTYyMiM1MSMkMiMkMCMkMDAkNTgxMzUxIzExIyQxIyQzIyQ5OSQzNjEwMDIjNjEjJDEjJDQjJDgz,
JDQ4MTYyMiM1MSMkMiMkMCMkMDAkNTgxMzUxIzIxIyQxIyQ5IyQ3MiQyNjE4MzIjNjEjJDEjJDgjJDgz,유료지만 본원에서 주차권 배부합니다.
JDQ4MTYyMiM1MSMkMiMkMCMkMDAkNTgxMzUxIzIxIyQxIyQ5IyQ4MiQzNjEyMjIjODEjJDEjJDIjJDgz,
JDQ4MTYyMiM1MSMkMiMkMCMkMDAkNTgxMzUxIzIxIyQxIyQ5IyQ4OSQ0NjEwMDIjNjEjJDEjJDgjJDgz,
JDQ4MTYyMiM1MSMkMiMkMCMkMDAkNTgxMzUxIzIxIyQxIyQxIyQ2MiQyNjEwMDIjNDEjJDEjJDQjJDgz,
JDQ4MTYyMiM1MSMkMiMkMCMkMDAkNTgxMzUxIzMxIyQxIyQ3IyQ3OSQzNjEyMjIjNzEjJDEjJDgjJDgz,상가 주차장은 협소하나 주위 주차장은 아파트 소속 주차장이 넓습니다 가끔 주차단속 합니다.
JDQ4MTYyMiM1MSMkMiMkMCMkMDAkNTgxMzUxIzMxIyQxIyQ3IyQ4MiQyNjEyMjIjODEjJDEjJDIjJDgz,장시간 주차시엔 요금이 부과됩니다.
JDQ4MTYyMiM1MSMkMiMkMCMkMDAkNTgxMzUxIzMxIyQxIyQ3IyQ5MiQyNjE4MzIjNTEjJDEjJDYjJDgz,
JDQ4MTYyMiM1MSMkMiMkMCMkMDAkNTgxMzUxIzMxIyQxIyQ3IyQxMyQyNjEyMjIjNDEjJDEjJDQjJDgz,
JDQ4MTYyMiM1MSMkMiMkMCMkMDAkNTgxMzUxIzMxIyQxIyQzIyQ2MiQyNjE4MzIjNjEjJDEjJDQjJDgz,
JDQ4MTYyMiM1MSMkMiMkMCMkMDAkNTgxMzUxIzMxIyQxIyQzIyQ3MiQzNjEyMjIjNzEjJDEjJDgjJDgz,
JDQ4MTYyMiM1MSMkMiMkMCMkMDAkNTgxMzUxIzQxIyQxIyQ3IyQ5MiQzNjE0ODEjODEjJDEjJDIjJDgz,무료주차3시간20분
JDQ4MTYyMiM1MSMkMiMkMCMkMDAkNTgxMzUxIzQxIyQyIyQ3IyQwMCQzNjEwMDIjNzEjJDEjJDgjJDgz,
JDQ4MTYyMiM1MSMkMiMkMCMkMDAkNTgxMzUxIzUxIyQxIyQ1IyQ5MiQzNjEwMDIjODEjJDEjJDYjJDgz,
JDQ4MTYyMiM1MSMkMiMkMCMkMDAkNTgxMzUxIzUxIyQxIyQ1IyQxMyQ0NjE0ODEjODEjJDEjJDIjJDgz,
JDQ4MTYyMiM1MSMkMiMkMCMkMDAkNTgxOTYxIzExIyQxIyQ3IyQ2MiQzNjE4MzIjODEjJDEjJDIjJDgz,
JDQ4MTYyMiM1MSMkMiMkMCMkMDAkNTgxOTYxIzExIyQxIyQ3IyQ4MiQzNjE0ODEjODEjJDEjJDIjJDgz,
JDQ4MTYyMiM1MSMkMiMkMCMkMDAkNTgxOTYxIzExIyQxIyQzIyQ2MiQzNjEyMjIjNTEjJDEjJDYjJDgz,
JDQ4MTYyMiM1MSMkMiMkMCMkMDAkNTgxOTYxIzIxIyQxIyQ1IyQ5OSQ0NjE0ODEjNjEjJDEjJDAjJDgz,
JDQ4MTYyMiM1MSMkMiMkMCMkMDAkNTgxOTYxIzIxIyQyIyQxIyQwMCQzNjE0ODEjNTEjJDEjJDIjJDgz,
JDQ4MTYyMiM1MSMkMiMkMCMkMDAkNTgxOTYxIzMxIyQxIyQ3IyQ3OSQyNjEwMDIjNDEjJDEjJDgjJDgz,
JDQ4MTYyMiM1MSMkMiMkMCMkMDAkNTgxOTYxIzMxIyQxIyQ3IyQ5OSQzNjEyMjIjNzEjJDEjJDgjJDgz,"진료 2시간 무료, 검사 및 수술시 소요시간 주차무료"
JDQ4MTYyMiM1MSMkMiMkMCMkMDAkNTgxOTYxIzQxIyQyIyQ3IyQwMCQ0NjE0ODEjNzEjJDEjJDgjJDgz,
JDU4MTI3MSM1MSMkMSMkMCMkMTMkMzgxNzAyIzExIyQxIyQ3IyQ4OSQzNjEwMDIjNzEjJDEjJDgjJDgz,
JDU4MTI3MSM1MSMkMSMkMCMkMTMkMzgxNzAyIzExIyQxIyQzIyQ5MiQzNjEyMjIjNTEjJDEjJDIjJDgz,
JDU4MTI3MSM1MSMkMSMkMCMkMTMkMzgxNzAyIzIxIyQxIyQ1IyQ4MiQyNjEyMjIjNDEjJDEjJDgjJDgz,
JDU4MTI3MSM1MSMkMSMkMCMkMTMkMzgxNzAyIzIxIyQxIyQ1IyQ4OSQyNjE4MzIjNTEjJDEjJDYjJDgz,엘레베이터 사용하는 주차장임
JDU4MTI3MSM1MSMkMSMkMCMkMTMkMzgxNzAyIzIxIyQxIyQ5IyQ2MiQyNjE0ODEjNzEjJDEjJDgjJDgz,분당엠코헤리츠 지하1층~4층 7000대 동시 주차 가능
JDU4MTI3MSM1MSMkMSMkMCMkMTMkMzgxNzAyIzIxIyQxIyQxIyQxMyQzNjEwMDIjNDEjJDEjJDgjJDgz,한의원 건너편 금광2동 공용주차장 유료
JDU4MTI3MSM1MSMkMSMkMCMkMTMkMzgxNzAyIzIxIyQyIyQ1IyQwMCQyNjE4MzIjODEjJDEjJDIjJDgz,
JDU4MTI3MSM1MSMkMSMkMCMkMTMkMzgxNzAyIzIxIyQyIyQxIyQwMCQyNjEyMjIjNTEjJDEjJDYjJDgz,
JDU4MTI3MSM1MSMkMSMkMCMkMTMkMzgxNzAyIzMxIyQxIyQ3IyQ4OSQzNjE4MzIjNjEjJDEjJDQjJDgz,진료시 1시간 무료주차
JDU4MTI3MSM1MSMkMSMkMCMkMTMkMzgxNzAyIzMxIyQxIyQ3IyQ5MiQyNjE4MzIjNjEjJDEjJDgjJDgz,골목도 주차 단속되오니 주차장 만차시 꼭 전화 주세요.
JDU4MTI3MSM1MSMkMSMkMCMkMTMkMzgxNzAyIzMxIyQxIyQzIyQ3OSQzNjE0ODEjNzEjJDEjJDgjJDgz,주차공간 여유. 2시간 무료. 건물내 주차가능.
JDU4MTI3MSM1MSMkMSMkMCMkMTMkMzgxNzAyIzQxIyQxIyQ3IyQ5OSQzNjE4MzIjODEjJDEjJDYjJDgz,2시간 주차 무료. 지하 2~5층까지 주차장
JDU4MTI3MSM1MSMkMSMkMCMkMTMkMzgxNzAyIzUxIyQxIyQ1IyQ3MiQ0NjEwMDIjNDEjJDEjJDQjJDgz,
JDU4MTI3MSM1MSMkMSMkMCMkMTMkMzgxNzAyIzUxIyQxIyQ1IyQ4OSQ0NjE0ODEjNTEjJDEjJDIjJDgz,
JDU4MTI3MSM1MSMkMSMkMCMkMTMkMzgxNzAyIzUxIyQxIyQ1IyQwMyQyNjEyMjIjNjEjJDEjJDAjJDgz,
JDU4MTI3MSM1MSMkMSMkMCMkMTMkMzgxNzAyIzUxIyQxIyQxIyQ3MiQzNjEyMjIjODEjJDEjJDYjJDgz,
JDU4MTI3MSM1MSMkMSMkMCMkMTMkMzgxNzAyIzUxIyQyIyQ1IyQwMCQyNjE0ODEjNDEjJDEjJDgjJDgz,
JDU4MTI3MSM1MSMkMSMkMCMkMTMkMzgxNzAyIzUxIyQyIyQ1IyQwMCQyNjEwMDIjNDEjJDEjJDQjJDgz,
JDU4MTI3MSM1MSMkMSMkMCMkMTMkMzgxNzAyIzUxIyQyIyQxIyQwMCQ0NjE0ODEjNDEjJDEjJDgjJDgz,
JDU4MTI3MSM1MSMkMSMkMCMkMTMkNDgxMzUxIzExIyQxIyQ3IyQ2MiQyNjEwMDIjNDEjJDEjJDgjJDgz,
JDU4MTI3MSM1MSMkMSMkMCMkMTMkNDgxMzUxIzExIyQxIyQzIyQ3MiQyNjEwMDIjNTEjJDEjJDIjJDgz,
JDU4MTI3MSM1MSMkMSMkMCMkMTMkNDgxMzUxIzExIyQxIyQzIyQ3MiQyNjEyMjIjNDEjJDEjJDgjJDgz,
JDU4MTI3MSM1MSMkMSMkMCMkMTMkNDgxMzUxIzExIyQxIyQzIyQ5MiQ0NjEwMDIjNTEjJDEjJDIjJDgz,2시간 무료
JDU4MTI3MSM1MSMkMSMkMCMkMTMkNDgxMzUxIzExIyQxIyQzIyQwMyQzNjEwMDIjNzEjJDEjJDgjJDgz,
JDU4MTI3MSM1MSMkMSMkMCMkMTMkNDgxMzUxIzIxIyQxIyQ5IyQ2MiQyNjEwMDIjNDEjJDEjJDgjJDgz,
JDU4MTI3MSM1MSMkMSMkMCMkMTMkNDgxMzUxIzIxIyQxIyQ5IyQ4MiQyNjE4MzIjNDEjJDEjJDgjJDgz,기본 1시간 무료 + 진료시간만큼 주차권 지급
JDU4MTI3MSM1MSMkMSMkMCMkMTMkNDgxMzUxIzIxIyQxIyQxIyQ3MiQ0NjEwMDIjNDEjJDEjJDgjJDgz,
JDU4MTI3MSM1MSMkMSMkMCMkMTMkNDgxMzUxIzIxIyQxIyQxIyQ3MiQyNjE4MzIjNDEjJDEjJDgjJDgz,"지하1-3층 주차장 완비, 2시간 무료"
JDU4MTI3MSM1MSMkMSMkMCMkMTMkNDgxMzUxIzIxIyQxIyQxIyQ4OSQyNjEwMDIjNjEjJDEjJDgjJDgz,
JDU4MTI3MSM1MSMkMSMkMCMkMTMkNDgxMzUxIzIxIyQxIyQxIyQxMyQ0NjE0ODEjNDEjJDEjJDgjJDgz,
JDU4MTI3MSM1MSMkMSMkMCMkMTMkNDgxMzUxIzMxIyQxIyQ3IyQ5MiQzNjE4MzIjNjEjJDEjJDAjJDgz,
JDU4MTI3MSM1MSMkMSMkMCMkMTMkNDgxMzUxIzMxIyQxIyQzIyQ5MiQyNjE4MzIjNjEjJDEjJDQjJDgz,롯데마트 주차장에 주차 가능합니다.
JDU4MTI3MSM1MSMkMSMkMCMkMTMkNDgxMzUxIzQxIyQxIyQ3IyQ5MiQzNjEwMDIjNjEjJDEjJDAjJDgz,
JDU4MTI3MSM1MSMkMSMkMCMkMTMkNDgxMzUxIzUxIyQxIyQ1IyQ3MiQ0NjE0ODEjNzEjJDEjJDgjJDgz,
JDU4MTI3MSM1MSMkMSMkMCMkMTMkNDgxMzUxIzUxIyQxIyQ1IyQ4MiQzNjE4MzIjNjEjJDEjJDgjJDgz,상가 주차장 이용
JDU4MTI3MSM1MSMkMSMkMCMkMTMkNDgxMzUxIzUxIyQxIyQ1IyQ5OSQ0NjE0ODEjNjEjJDEjJDQjJDgz,
JDU4MTI3MSM1MSMkMSMkMCMkMTMkNDgxMzUxIzUxIyQxIyQxIyQ3OSQyNjEwMDIjNzEjJDEjJDgjJDgz,
JDU4MTI3MSM1MSMkMSMkMCMkMTMkNDgxOTYxIzExIyQxIyQzIyQ5OSQyNjE0ODEjODEjJDEjJDIjJDgz,주차장 만차시 수내동 공영주차장 이용 바랍니다.
JDU4MTI3MSM1MSMkMSMkMCMkMTMkNDgxOTYxIzIxIyQxIyQ1IyQ2MiQzNjE4MzIjODEjJDEjJDYjJDgz,
JDU4MTI3MSM1MSMkMSMkMCMkMTMkNDgxOTYxIzIxIyQxIyQ1IyQ3MiQzNjEwMDIjNDEjJDEjJDQjJDgz,진료시 2시간까지 무료
JDU4MTI3MSM1MSMkMSMkMCMkMTMkNDgxOTYxIzIxIyQxIyQ1IyQ3OSQyNjEyMjIjODEjJDEjJDYjJDgz,
JDU4MTI3MSM1MSMkMSMkMCMkMTMkNDgxOTYxIzIxIyQxIyQ1IyQ4MiQyNjE4MzIjNDEjJDEjJDgjJDgz,
JDU4MTI3MSM1MSMkMSMkMCMkMTMkNDgxOTYxIzIxIyQxIyQ1IyQxMyQ0NjE0ODEjNTEjJDEjJDYjJDgz,2시간 무료 지원
JDU4MTI3MSM1MSMkMSMkMCMkMTMkNDgxOTYxIzIxIyQxIyQ5IyQ3MiQzNjE0ODEjODEjJDEjJDIjJDgz,
JDU4MTI3MSM1MSMkMSMkMCMkMTMkNDgxOTYxIzMxIyQxIyQ3IyQwMyQyNjE0ODEjNDEjJDEjJDQjJDgz,"진료 후 한의원접수데스크에서 차량번호 조회, 90분 주차무료"
JDU4MTI3MSM1MSMkMSMkMCMkMTMkNDgxOTYxIzMxIyQxIyQ3IyQxMyQ0NjE0ODEjNTEjJDEjJDIjJDgz,
JDU4MTI3MSM1MSMkMSMkMCMkOTkkNTgxMzUxIzExIyQxIyQzIyQ3OSQzNjE0ODEjNDEjJDEjJDgjJDgz,
JDU4MTI3MSM1MSMkMiMkMCMkMDAkMzgxMTkxIzExIyQxIyQ3IyQxMyQyNjE0ODEjNDEjJDEjJDgjJDgz,건물에 식당이 많아 식사 시간 대에는 여유가 많이 없을 수 있음
JDU4MTI3MSM1MSMkMiMkMCMkMDAkMzgxMTkxIzExIyQxIyQzIyQ4OSQyNjEyMjIjNTEjJDEjJDYjJDgz,건물 내 지하 1~2층
JDU4MTI3MSM1MSMkMiMkMCMkMDAkMzgxMTkxIzExIyQxIyQzIyQwMyQ0NjEwMDIjNDEjJDEjJDgjJDgz,
JDU4MTI3MSM1MSMkMiMkMCMkMDAkMzgxMTkxIzIxIyQxIyQ5IyQ5MiQ0NjEwMDIjNDEjJDEjJDQjJDgz,
JDU4MTI3MSM1MSMkMiMkMCMkMDAkMzgxMTkxIzIxIyQxIyQxIyQ4OSQzNjEyMjIjODEjJDEjJDYjJDgz,
JDU4MTI3MSM1MSMkMiMkMCMkMDAkMzgxMTkxIzMxIyQxIyQ3IyQwMyQyNjE0ODEjNjEjJDEjJDgjJDgz,"진료 2시간 무료, 이후 추가 발생 주차비 지원"
JDU4MTI3MSM1MSMkMiMkMCMkMDAkMzgxMTkxIzMxIyQxIyQ3IyQwMyQzNjE4MzIjNTEjJDEjJDYjJDgz,
JDU4MTI3MSM1MSMkMiMkMCMkMDAkMzgxMTkxIzMxIyQxIyQzIyQ2MiQzNjE4MzIjODEjJDEjJDIjJDgz,진료환자에 한해 1시간 무료
JDU4MTI3MSM1MSMkMiMkMCMkMDAkMzgxMTkxIzMxIyQxIyQzIyQ4MiQ0NjEwMDIjODEjJDEjJDYjJDgz,주차권 지참. 주차도장 1개 30분 무료주차(본 건물에서는 최대 2시간까지 무료주차 가능하며 2시간 이후 주차료가 발생됩니다.)
JDU4MTI3MSM1MSMkMiMkMCMkMDAkMzgxMTkxIzMxIyQyIyQ3IyQwMCQyNjE0ODEjNDEjJDEjJDQjJDgz,진료 2시간 무료
JDU4MTI3MSM1MSMkMiMkMCMkMDAkMzgxMTkxIzQxIyQxIyQ3IyQ4MiQyNjE0ODEjODEjJDEjJDIjJDgz,진료시 30분 무료
JDU4MTI3MSM1MSMkMiMkMCMkMDAkMzgxMTkxIzQxIyQxIyQ3IyQ5MiQyNjE4MzIjNDEjJDEjJDQjJDgz,지하주차장(B2~B4)
JDU4MTI3MSM1MSMkMiMkMCMkMDAkMzgxMTkxIzUxIyQxIyQ1IyQ5MiQzNjEyMjIjNzEjJDEjJDgjJDgz,수정커뮤니티센터( 탄리로59 ) 주차하시고 병원 접수대에 차량번호 말씀해주시면 진료에 따라 처리 해드립니다.
JDU4MTI3MSM1MSMkMiMkMCMkMDAkMzgxMTkxIzUxIyQxIyQ1IyQ5OSQ0NjE0ODEjNzEjJDEjJDgjJDgz,
JDU4MTI3MSM1MSMkMiMkMCMkMDAkMzgxMTkxIzUxIyQxIyQ1IyQxMyQyNjE4MzIjNzEjJDEjJDgjJDgz,
JDU4MTI3MSM1MSMkMiMkMCMkMDAkMzgxMTkxIzUxIyQxIyQxIyQ3MiQzNjE4MzIjNjEjJDEjJDAjJDgz,
JDU4MTI3MSM1MSMkMiMkMCMkMDAkMzgxMTkxIzUxIyQyIyQ1IyQwMCQzNjE4MzIjNjEjJDEjJDgjJDgz,
JDU4MTI3MSM1MSMkMiMkMCMkMDAkMzgxMzUxIzIxIyQxIyQ1IyQ2MiQ0NjEwMDIjNDEjJDEjJDgjJDgz,
JDU4MTI3MSM1MSMkMiMkMCMkMDAkMzgxMzUxIzIxIyQxIyQ5IyQ3MiQzNjE0ODEjNTEjJDEjJDYjJDgz,
JDU4MTI3MSM1MSMkMiMkMCMkMDAkMzgxMzUxIzIxIyQxIyQxIyQ3OSQ0NjEwMDIjNjEjJDEjJDQjJDgz,"외래진료, 대장경검사, 수술시 주차 무료"
JDU4MTI3MSM1MSMkMiMkMCMkMDAkMzgxMzUxIzIxIyQxIyQxIyQ4MiQ0NjEwMDIjODEjJDEjJDYjJDgz,
JDU4MTI3MSM1MSMkMiMkMCMkMDAkMzgxMzUxIzMxIyQxIyQ3IyQ3OSQyNjEyMjIjNTEjJDEjJDYjJDgz,
JDU4MTI3MSM1MSMkMiMkMCMkMDAkMzgxMzUxIzMxIyQxIyQzIyQ4MiQyNjE4MzIjODEjJDEjJDYjJDgz,주차장이 협소하오니 대중교통 이용하시기 바랍니다.
JDU4MTI3MSM1MSMkMiMkMCMkMDAkMzgxMzUxIzQxIyQxIyQ3IyQ3OSQzNjEwMDIjNjEjJDEjJDAjJDgz,1시간 30분 무료 주차
JDU4MTI3MSM1MSMkMiMkMCMkMDAkMzgxMzUxIzUxIyQxIyQ1IyQ2MiQyNjE0ODEjNjEjJDEjJDQjJDgz,1시간 무료 입니다
JDU4MTI3MSM1MSMkMiMkMCMkMDAkMzgxMzUxIzUxIyQxIyQ1IyQ3MiQzNjEwMDIjNTEjJDEjJDYjJDgz,발렛서비스
JDU4MTI3MSM1MSMkMiMkMCMkMDAkMzgxMzUxIzUxIyQyIyQ1IyQwMCQ0NjE0ODEjNTEjJDEjJDYjJDgz,모든 건물에서 사용중이니 복잡할수 있습니다.
JDU4MTI3MSM1MSMkMiMkMCMkMDAkMzgxNzAyIzExIyQxIyQ3IyQ3MiQzNjEyMjIjNzEjJDEjJDgjJDgz,
JDU4MTI3MSM1MSMkMiMkMCMkMDAkMzgxNzAyIzExIyQxIyQ3IyQ3OSQzNjE4MzIjODEjJDEjJDYjJDgz,
JDU4MTI3MSM1MSMkMiMkMCMkMDAkMzgxNzAyIzExIyQxIyQzIyQ3OSQyNjE4MzIjNDEjJDEjJDQjJDgz,1시간 30분 제공
JDU4MTI3MSM1MSMkMiMkMCMkMDAkMzgxNzAyIzExIyQxIyQzIyQ4MiQyNjE4MzIjNTEjJDEjJDYjJDgz,"주차 엘리베이터를 사용함.  그랜져, 소나타 급 초과 대형 승용차 주차는 어려우니 인근 이마트 유료, 구시청 주위 공영 주차장 이용해 주십시오"
JDU4MTI3MSM1MSMkMiMkMCMkMDAkMzgxNzAyIzIxIyQxIyQ1IyQ4OSQzNjE0ODEjNjEjJDEjJDAjJDgz,병원 뒷편 주차장 (SUV 차량은 불가능) 또는 보건소 1시간 무료
JDU4MTI3MSM1MSMkMiMkMCMkMDAkMzgxNzAyIzIxIyQxIyQ1IyQ5MiQyNjE0ODEjNjEjJDEjJDQjJDgz,"회차시 20분 무료, 초음파검사시 1시간 무료"
JDU4MTI3MSM1MSMkMiMkMCMkMDAkMzgxNzAyIzIxIyQxIyQ5IyQ4OSQ0NjE0ODEjNTEjJDEjJDYjJDgz,진료 시간내 무료
JDU4MTI3MSM1MSMkMiMkMCMkMDAkMzgxNzAyIzIxIyQxIyQ5IyQ4OSQzNjEyMjIjNzEjJDEjJDgjJDgz,건물 뒷편 지하주차장 완비
JDU4MTI3MSM1MSMkMiMkMCMkMDAkMzgxNzAyIzIxIyQxIyQ5IyQwMyQ0NjEwMDIjNTEjJDEjJDIjJDgz,
JDU4MTI3MSM1MSMkMiMkMCMkMDAkMzgxNzAyIzIxIyQxIyQ5IyQwMyQzNjEyMjIjODEjJDEjJDIjJDgz,
JDU4MTI3MSM1MSMkMiMkMCMkMDAkMzgxNzAyIzIxIyQxIyQxIyQ3MiQyNjE4MzIjODEjJDEjJDYjJDgz,"중형 차 이하인 경우 지하 주차장에서  기계주차 가능하나 대형차일 경우 모란시장 공영 유료주차장 이용 단, 장날(4일& 9일)은 대중 교통을 이용하시길 바랍니다."
JDU4MTI3MSM1MSMkMiMkMCMkMDAkMzgxNzAyIzIxIyQxIyQxIyQ4MiQzNjE4MzIjODEjJDEjJDYjJDgz,기계식 주차 제한적일수 있습니다.
JDU4MTI3MSM1MSMkMiMkMCMkMDAkMzgxNzAyIzIxIyQxIyQxIyQwMyQzNjEyMjIjNjEjJDEjJDQjJDgz,본원 건물 지하 5층까지 주차장 완비 (만차시 본건물 주차장 입구  맞은편 AJ파크 주차장이용)
JDU4MTI3MSM1MSMkMiMkMCMkMDAkMzgxNzAyIzIxIyQyIyQ5IyQwMCQyNjE4MzIjNzEjJDEjJDgjJDgz,
JDU4MTI3MSM1MSMkMiMkMCMkMDAkMzgxNzAyIzIxIyQyIyQxIyQwMCQzNjEwMDIjNDEjJDEjJDgjJDgz,
JDU4MTI3MSM1MSMkMiMkMCMkMDAkMzgxNzAyIzMxIyQxIyQ3IyQ4MiQyNjEwMDIjNjEjJDEjJDQjJDgz,기계식 주차엘리베이터로 조작이 어려우실 수 있습니다. 차고가 높은 승합차는 주차가 불가능 합니다.
JDU4MTI3MSM1MSMkMiMkMCMkMDAkMzgxNzAyIzMxIyQxIyQ3IyQwMyQzNjEwMDIjNTEjJDEjJDIjJDgz,"진료 본 시간만큼만 주차비용 무료, 발렛서비스 이용 비용은 무료"
JDU4MTI3MSM1MSMkMiMkMCMkMDAkMzgxNzAyIzMxIyQxIyQzIyQ2MiQ0NjEwMDIjNDEjJDEjJDQjJDgz,내원 시간 주차 무료
JDU4MTI3MSM1MSMkMiMkMCMkMDAkMzgxNzAyIzMxIyQxIyQzIyQ2MiQyNjE0ODEjNjEjJDEjJDgjJDgz,진료시간만큼 무료쿠폰지급
JDU4MTI3MSM1MSMkMiMkMCMkMDAkMzgxNzAyIzMxIyQxIyQzIyQ4MiQzNjEwMDIjNDEjJDEjJDgjJDgz,
JDU4MTI3MSM1MSMkMiMkMCMkMDAkMzgxNzAyIzMxIyQxIyQzIyQ5MiQyNjEwMDIjNjEjJDEjJDgjJDgz,
JDU4MTI3MSM1MSMkMiMkMCMkMDAkMzgxNzAyIzQxIyQxIyQ3IyQ3OSQzNjEwMDIjNDEjJDEjJDgjJDgz,
JDU4MTI3MSM1MSMkMiMkMCMkMDAkMzgxNzAyIzQxIyQxIyQ3IyQ5OSQyNjE4MzIjODEjJDEjJDYjJDgz,
JDU4MTI3MSM1MSMkMiMkMCMkMDAkMzgxNzAyIzQxIyQxIyQ3IyQwMyQyNjE0ODEjODEjJDEjJDIjJDgz,
JDU4MTI3MSM1MSMkMiMkMCMkMDAkMzgxNzAyIzQxIyQxIyQ3IyQxMyQzNjE0ODEjODEjJDEjJDIjJDgz,
JDU4MTI3MSM1MSMkMiMkMCMkMDAkMzgxNzAyIzUxIyQxIyQ1IyQ3MiQ0NjE0ODEjNjEjJDEjJDAjJDgz,
JDU4MTI3MSM1MSMkMiMkMCMkMDAkMzgxNzAyIzUxIyQxIyQ1IyQ4MiQyNjEwMDIjNjEjJDEjJDAjJDgz,
JDU4MTI3MSM1MSMkMiMkMCMkMDAkMzgxNzAyIzUxIyQyIyQxIyQwMCQ0NjE0ODEjNTEjJDEjJDYjJDgz,주차공간이 협소합니다. 양해 부탁드립니다.
JDU4MTI3MSM1MSMkMiMkMCMkMDAkMzgxOTYxIzExIyQxIyQ3IyQ2MiQyNjE4MzIjNjEjJDEjJDAjJDgz,기본 1시간 무료
JDU4MTI3MSM1MSMkMiMkMCMkMDAkMzgxOTYxIzExIyQxIyQ3IyQ2MiQzNjE0ODEjNTEjJDEjJDIjJDgz,
JDU4MTI3MSM1MSMkMiMkMCMkMDAkMzgxOTYxIzExIyQxIyQ3IyQwMyQzNjEyMjIjODEjJDEjJDIjJDgz,
JDU4MTI3MSM1MSMkMiMkMCMkMDAkMzgxOTYxIzExIyQxIyQzIyQ4OSQ0NjEwMDIjNjEjJDEjJDQjJDgz,
JDU4MTI3MSM1MSMkMiMkMCMkMDAkMzgxOTYxIzExIyQyIyQ3IyQwMCQzNjEwMDIjNTEjJDEjJDYjJDgz,
JDU4MTI3MSM1MSMkMiMkMCMkMDAkMzgxOTYxIzExIyQyIyQzIyQwMCQyNjEyMjIjNTEjJDEjJDIjJDgz,
JDU4MTI3MSM1MSMkMiMkMCMkMDAkMzgxOTYxIzExIyQyIyQzIyQwMCQzNjEyMjIjNjEjJDEjJDQjJDgz,
JDU4MTI3MSM1MSMkMiMkMCMkMDAkMzgxOTYxIzIxIyQxIyQ1IyQ5MiQzNjEwMDIjNjEjJDEjJDQjJDgz,진료확인
JDU4MTI3MSM1MSMkMiMkMCMkMDAkMzgxOTYxIzIxIyQxIyQxIyQ5OSQyNjE0ODEjNDEjJDEjJDgjJDgz,
JDU4MTI3MSM1MSMkMiMkMCMkMDAkMzgxOTYxIzIxIyQxIyQxIyQ5OSQzNjE0ODEjNjEjJDEjJDAjJDgz,
JDU4MTI3MSM1MSMkMiMkMCMkMDAkMzgxOTYxIzMxIyQxIyQ3IyQ3MiQzNjE4MzIjNjEjJDEjJDgjJDgz,
JDU4MTI3MSM1MSMkMiMkMCMkMDAkMzgxOTYxIzMxIyQxIyQ3IyQ5OSQzNjE0ODEjNDEjJDEjJDQjJDgz,
JDU4MTI3MSM1MSMkMiMkMCMkMDAkMzgxOTYxIzMxIyQxIyQzIyQ4OSQyNjE0ODEjNTEjJDEjJDYjJDgz,"건물주차가 협소해서 주변 공영 주차장, 수진역환승주차장 이용해주세요.  건물 뒤편 퀸즈빌 모텔 주차장 이용하면 편리합니다."
JDU4MTI3MSM1MSMkMiMkMCMkMDAkMzgxOTYxIzMxIyQxIyQzIyQ4OSQyNjEyMjIjNDEjJDEjJDQjJDgz,진료 및 종합 검진시 4시간 무료
JDU4MTI3MSM1MSMkMiMkMCMkMDAkMzgxOTYxIzQxIyQxIyQ3IyQ2MiQyNjE0ODEjODEjJDEjJDIjJDgz,
JDU4MTI3MSM1MSMkMiMkMCMkMDAkMzgxOTYxIzQxIyQxIyQ3IyQ3OSQ0NjEwMDIjNTEjJDEjJDIjJDgz,
JDU4MTI3MSM1MSMkMiMkMCMkMDAkMzgxOTYxIzQxIyQxIyQ3IyQ4OSQzNjE4MzIjNTEjJDEjJDYjJDgz,탄리사거리에서 수진성당길방향 수정형외과와 태능갈비식당 사이 골목으로 들어오시면 넓은 주차장확보 진료환자 무료주차
JDU4MTI3MSM1MSMkMiMkMCMkMDAkMzgxOTYxIzUxIyQxIyQ1IyQ2MiQ0NjEwMDIjNjEjJDEjJDAjJDgz,주차공간이 충분해 편하게 주차가 가능합니다
JDU4MTI3MSM1MSMkMiMkMCMkMDAkMzgxOTYxIzUxIyQxIyQxIyQwMyQyNjE4MzIjODEjJDEjJDIjJDgz,
JDU4MTI3MSM1MSMkMiMkMCMkMDAkNDgxMTkxIzExIyQxIyQ3IyQ3MiQ0NjEwMDIjODEjJDEjJDIjJDgz,
JDU4MTI3MSM1MSMkMiMkMCMkMDAkNDgxMTkxIzExIyQxIyQ3IyQwMyQzNjE0ODEjODEjJDEjJDYjJDgz,
JDU4MTI3MSM1MSMkMiMkMCMkMDAkNDgxMTkxIzIxIyQxIyQ1IyQ2MiQzNjE4MzIjNzEjJDEjJDgjJDgz,
JDU4MTI3MSM1MSMkMiMkMCMkMDAkNDgxMTkxIzIxIyQxIyQ5IyQ3OSQ0NjE0ODEjNTEjJDEjJDIjJDgz,홈플러스 야탑점 또는 성남종합버스터미널 건물 5층의 41번 주차기둥 근처 주차 후 승강기 이용 2층으로 이동
JDU4MTI3MSM1MSMkMiMkMCMkMDAkNDgxMTkxIzMxIyQxIyQ3IyQ2MiQzNjEyMjIjODEjJDEjJDIjJDgz,지하주차장 만차시 수내역 공영주차장 1시간 무료
JDU4MTI3MSM1MSMkMiMkMCMkMDAkNDgxMTkxIzMxIyQxIyQ3IyQ3OSQzNjE4MzIjNzEjJDEjJDgjJDgz,
JDU4MTI3MSM1MSMkMiMkMCMkMDAkNDgxMTkxIzMxIyQxIyQ3IyQ5OSQyNjEwMDIjNTEjJDEjJDIjJDgz,
JDU4MTI3MSM1MSMkMiMkMCMkMDAkNDgxMTkxIzMxIyQxIyQzIyQwMyQzNjEwMDIjNTEjJDEjJDIjJDgz,
JDU4MTI3MSM1MSMkMiMkMCMkMDAkNDgxMTkxIzMxIyQxIyQzIyQxMyQzNjE4MzIjNjEjJDEjJDgjJDgz,
JDU4MTI3MSM1MSMkMiMkMCMkMDAkNDgxMTkxIzUxIyQxIyQ1IyQ4MiQ0NjEwMDIjNjEjJDEjJDgjJDgz,주차도장 (1시간 무료)
JDU4MTI3MSM1MSMkMiMkMCMkMDAkNDgxMTkxIzUxIyQxIyQ1IyQ5OSQzNjE0ODEjNjEjJDEjJDgjJDgz,무료주차 2시간 주차권 발급해 드립니다.
JDU4MTI3MSM1MSMkMiMkMCMkMDAkNDgxMTkxIzUxIyQxIyQxIyQ5OSQyNjE4MzIjNDEjJDEjJDgjJDgz,
JDU4MTI3MSM1MSMkMiMkMCMkMDAkNDgxMzUxIzExIyQxIyQ3IyQ4OSQyNjEyMjIjNDEjJDEjJDgjJDgz,
JDU4MTI3MSM1MSMkMiMkMCMkMDAkNDgxMzUxIzIxIyQxIyQ1IyQ5MiQyNjEyMjIjNzEjJDEjJDgjJDgz,
JDU4MTI3MSM1MSMkMiMkMCMkMDAkNDgxMzUxIzIxIyQxIyQxIyQ3OSQzNjEyMjIjNTEjJDEjJDIjJDgz,AJ 파크 주차장
JDU4MTI3MSM1MSMkMiMkMCMkMDAkNDgxMzUxIzMxIyQxIyQ3IyQ4MiQ0NjE0ODEjODEjJDEjJDIjJDgz,6시간 주차무료
JDU4MTI3MSM1MSMkMiMkMCMkMDAkNDgxMzUxIzMxIyQxIyQ3IyQxMyQzNjE0ODEjNzEjJDEjJDgjJDgz,내원시 무료 1시간 이후 주차권
JDU4MTI3MSM1MSMkMiMkMCMkMDAkNDgxMzUxIzMxIyQxIyQzIyQ2MiQzNjEyMjIjNDEjJDEjJDgjJDgz,주차권무료발권
JDU4MTI3MSM1MSMkMiMkMCMkMDAkNDgxMzUxIzMxIyQyIyQzIyQwMCQ0NjEwMDIjODEjJDEjJDIjJDgz,
JDU4MTI3MSM1MSMkMiMkMCMkMDAkNDgxMzUxIzQxIyQxIyQ3IyQ4OSQyNjEwMDIjNDEjJDEjJDgjJDgz,
JDU4MTI3MSM1MSMkMiMkMCMkMDAkNDgxMzUxIzQxIyQxIyQ3IyQwMyQyNjE0ODEjNTEjJDEjJDYjJDgz,
JDU4MTI3MSM1MSMkMiMkMCMkMDAkNDgxMzUxIzUxIyQxIyQ1IyQ5OSQyNjE0ODEjNTEjJDEjJDIjJDgz,
JDU4MTI3MSM1MSMkMiMkMCMkMDAkNDgxMzUxIzUxIyQxIyQ1IyQwMyQyNjEyMjIjNTEjJDEjJDIjJDgz,
JDU4MTI3MSM1MSMkMiMkMCMkMDAkNDgxMzUxIzUxIyQxIyQ1IyQwMyQzNjEwMDIjNzEjJDEjJDgjJDgz,
JDU4MTI3MSM1MSMkMiMkMCMkMDAkNDgxMzUxIzUxIyQxIyQ1IyQxMyQ0NjE0ODEjODEjJDEjJDYjJDgz,"외래 진료시 무료, 당일 입원시 주차 무료"
JDU4MTI3MSM1MSMkMiMkMCMkMDAkNDgxNzAyIzExIyQxIyQzIyQ5OSQyNjE4MzIjNjEjJDEjJDgjJDgz,지하주차장
JDU4MTI3MSM1MSMkMiMkMCMkMDAkNDgxNzAyIzIxIyQxIyQ1IyQ2MiQyNjE0ODEjNjEjJDEjJDQjJDgz,
JDU4MTI3MSM1MSMkMiMkMCMkMDAkNDgxNzAyIzIxIyQxIyQ1IyQ2MiQzNjEyMjIjNjEjJDEjJDAjJDgz,
JDU4MTI3MSM1MSMkMiMkMCMkMDAkNDgxNzAyIzIxIyQxIyQ5IyQ2MiQyNjEwMDIjNDEjJDEjJDQjJDgz,
JDU4MTI3MSM1MSMkMiMkMCMkMDAkNDgxNzAyIzIxIyQxIyQ5IyQ4OSQyNjEyMjIjNjEjJDEjJDgjJDgz,SUV 주차가능하나 대형차는 불가능합니다.
JDU4MTI3MSM1MSMkMiMkMCMkMDAkNDgxNzAyIzIxIyQxIyQxIyQ4MiQzNjE0ODEjNjEjJDEjJDgjJDgz,
JDU4MTI3MSM1MSMkMiMkMCMkMDAkNDgxNzAyIzMxIyQxIyQ3IyQ3OSQzNjEwMDIjNjEjJDEjJDgjJDgz,
JDU4MTI3MSM1MSMkMiMkMCMkMDAkNDgxNzAyIzQxIyQxIyQ3IyQ3OSQzNjEyMjIjNDEjJDEjJDgjJDgz,주차 4시간 무료
JDU4MTI3MSM1MSMkMiMkMCMkMDAkNDgxNzAyIzQxIyQxIyQ3IyQ4OSQzNjEwMDIjNDEjJDEjJDQjJDgz,90분 무료주차
JDU4MTI3MSM1MSMkMiMkMCMkMDAkNDgxNzAyIzUxIyQxIyQ1IyQ4OSQzNjE0ODEjNjEjJDEjJDAjJDgz,
JDU4MTI3MSM1MSMkMiMkMCMkMDAkNDgxNzAyIzUxIyQxIyQ1IyQxMyQzNjE0ODEjNTEjJDEjJDIjJDgz,진료 후 병원에서 주차등록 가능
JDU4MTI3MSM1MSMkMiMkMCMkMDAkNDgxNzAyIzUxIyQxIyQxIyQ4MiQzNjEyMjIjNDEjJDEjJDgjJDgz,1시간 무료
JDU4MTI3MSM1MSMkMiMkMCMkMDAkNDgxOTYxIzExIyQxIyQ3IyQ3OSQ0NjE0ODEjODEjJDEjJDIjJDgz,진료하신 분 2시간 무료
JDU4MTI3MSM1MSMkMiMkMCMkMDAkNDgxOTYxIzExIyQxIyQ3IyQ4OSQzNjE0ODEjNTEjJDEjJDIjJDgz,
JDU4MTI3MSM1MSMkMiMkMCMkMDAkNDgxOTYxIzExIyQxIyQzIyQ3OSQ0NjEwMDIjNDEjJDEjJDQjJDgz,
JDU4MTI3MSM1MSMkMiMkMCMkMDAkNDgxOTYxIzIxIyQxIyQ1IyQ3MiQyNjEwMDIjNDEjJDEjJDQjJDgz,건물 주차장 이용가능
JDU4MTI3MSM1MSMkMiMkMCMkMDAkNDgxOTYxIzIxIyQxIyQ5IyQ3MiQzNjEyMjIjNzEjJDEjJDgjJDgz,"3D CT, 초음파, 어지럼증 검사실 보유"
JDU4MTI3MSM1MSMkMiMkMCMkMDAkNDgxOTYxIzIxIyQxIyQ5IyQ4MiQ0NjE0ODEjNDEjJDEjJDgjJDgz,진료시 1시간 무료 (병원옆 수진주차장 이용)
JDU4MTI3MSM1MSMkMiMkMCMkMDAkNDgxOTYxIzIxIyQxIyQ5IyQ5MiQyNjE0ODEjNTEjJDEjJDIjJDgz,부흥주차장
JDU4MTI3MSM1MSMkMiMkMCMkMDAkNDgxOTYxIzIxIyQxIyQxIyQ4OSQzNjEwMDIjNzEjJDEjJDgjJDgz,주차장이 협소합니다 대중교통을 이용해주시거나 주변 주차장을 이용해주세요
JDU4MTI3MSM1MSMkMiMkMCMkMDAkNDgxOTYxIzIxIyQxIyQxIyQ5MiQyNjE0ODEjNDEjJDEjJDQjJDgz,
JDU4MTI3MSM1MSMkMiMkMCMkMDAkNDgxOTYxIzIxIyQxIyQxIyQ5OSQzNjE0ODEjNjEjJDEjJDgjJDgz,
JDU4MTI3MSM1MSMkMiMkMCMkMDAkNDgxOTYxIzIxIyQyIyQxIyQwMCQyNjEwMDIjODEjJDEjJDYjJDgz,"진료시 무료주차, 지하1층~지하3층 주차후 엘리베이터로 5층이동"
JDU4MTI3MSM1MSMkMiMkMCMkMDAkNDgxOTYxIzMxIyQxIyQ3IyQ4MiQyNjEwMDIjNjEjJDEjJDgjJDgz,주차 2시간 무료
JDU4MTI3MSM1MSMkMiMkMCMkMDAkNDgxOTYxIzMxIyQxIyQ3IyQ5MiQ0NjE0ODEjNDEjJDEjJDgjJDgz,
JDU4MTI3MSM1MSMkMiMkMCMkMDAkNDgxOTYxIzMxIyQxIyQzIyQ3OSQyNjE4MzIjNTEjJDEjJDIjJDgz,
JDU4MTI3MSM1MSMkMiMkMCMkMDAkNDgxOTYxIzQxIyQxIyQ3IyQwMyQzNjEwMDIjNDEjJDEjJDQjJDgz,
JDU4MTI3MSM1MSMkMiMkMCMkMDAkNDgxOTYxIzQxIyQxIyQ3IyQxMyQyNjEwMDIjNjEjJDEjJDAjJDgz,
JDU4MTI3MSM1MSMkMiMkMCMkMDAkNDgxOTYxIzQxIyQxIyQ3IyQxMyQyNjEyMjIjNTEjJDEjJDIjJDgz,
JDU4MTI3MSM1MSMkMiMkMCMkMDAkNDgxOTYxIzUxIyQxIyQ1IyQwMyQzNjE0ODEjNjEjJDEjJDAjJDgz,발렛 파킹 없습니다.
JDU4MTI3MSM1MSMkMiMkMCMkMDAkNDgxOTYxIzUxIyQxIyQ1IyQwMyQzNjEyMjIjNDEjJDEjJDgjJDgz,1시간 무료주차
JDU4MTI3MSM1MSMkMiMkMCMkMDAkNDgxOTYxIzUxIyQxIyQxIyQ5OSQ0NjE0ODEjNzEjJDEjJDgjJDgz,
JDU4MTI3MSM1MSMkMiMkMCMkMDAkNTgxMzUxIzExIyQyIyQzIyQwMCQyNjEyMjIjNDEjJDEjJDgjJDgz,
JDU4MTI3MSM1MSMkMiMkMCMkMDAkNTgxMzUxIzIxIyQxIyQ1IyQ2MiQ0NjEwMDIjNjEjJDEjJDAjJDgz,외래 진료 시 최대 2시간 무료
JDU4MTI3MSM1MSMkMiMkMCMkMDAkNTgxMzUxIzIxIyQxIyQ1IyQ4MiQyNjE4MzIjNDEjJDEjJDQjJDgz,
JDU4MTI3MSM1MSMkMiMkMCMkMDAkNTgxMzUxIzIxIyQxIyQ5IyQ4MiQ0NjEwMDIjNjEjJDEjJDQjJDgz,
JDU4MTI3MSM1MSMkMiMkMCMkMDAkNTgxMzUxIzIxIyQxIyQ5IyQ4MiQyNjEwMDIjNDEjJDEjJDQjJDgz,건물명 : 센트럴 클라우드 베이 센트럴
JDU4MTI3MSM1MSMkMiMkMCMkMDAkNTgxMzUxIzQxIyQxIyQ3IyQ4MiQzNjE4MzIjODEjJDEjJDIjJDgz,
JDU4MTI3MSM1MSMkMiMkMCMkMDAkNTgxMzUxIzQxIyQxIyQ3IyQ5MiQzNjEyMjIjNzEjJDEjJDgjJDgz,2시간 무료
JDU4MTI3MSM1MSMkMiMkMCMkMDAkNTgxMzUxIzQxIyQxIyQ3IyQ5OSQ0NjEwMDIjNjEjJDEjJDQjJDgz,
JDU4MTI3MSM1MSMkMiMkMCMkMDAkNTgxMzUxIzUxIyQxIyQ1IyQ4OSQyNjE4MzIjNDEjJDEjJDgjJDgz,"주차는 기본 1시간 지원, 진료시간 및 검사시간에 따라 추가 1시간 지원 가능, 수술환자분은 2~6시간까지 주차 지원."
JDU4MTI3MSM1MSMkMiMkMCMkMDAkNTgxMzUxIzUxIyQxIyQ1IyQ4OSQzNjE4MzIjNjEjJDEjJDAjJDgz,2시간30분 무료이용가능
JDU4MTI3MSM1MSMkMiMkMCMkMDAkNTgxOTYxIzExIyQxIyQ3IyQxMyQzNjEwMDIjNDEjJDEjJDgjJDgz,
JDU4MTI3MSM1MSMkMiMkMCMkMDAkNTgxOTYxIzExIyQxIyQzIyQ4OSQzNjEyMjIjNjEjJDEjJDAjJDgz,
JDU4MTI3MSM1MSMkMiMkMCMkMDAkNTgxOTYxIzExIyQxIyQzIyQxMyQyNjEwMDIjNDEjJDEjJDgjJDgz,
JDU4MTI3MSM1MSMkMiMkMCMkMDAkNTgxOTYxIzIxIyQxIyQ1IyQ2MiQyNjE4MzIjNDEjJDEjJDgjJDgz,
JDU4MTI3MSM1MSMkMiMkMCMkMDAkNTgxOTYxIzIxIyQxIyQ1IyQ5OSQzNjE0ODEjNjEjJDEjJDAjJDgz,발렛주차 운영
JDU4MTI3MSM1MSMkMiMkMCMkMDAkNTgxOTYxIzIxIyQxIyQ1IyQwMyQyNjE4MzIjNDEjJDEjJDQjJDgz,
JDU4MTI3MSM1MSMkMiMkMCMkMDAkNTgxOTYxIzIxIyQxIyQ5IyQ5OSQyNjE0ODEjODEjJDEjJDIjJDgz,최대4시간
JDU4MTI3MSM1MSMkMiMkMCMkMDAkNTgxOTYxIzIxIyQyIyQ1IyQwMCQyNjEyMjIjNjEjJDEjJDQjJDgz,"최대 진료 2시간 무료 [주차장이 혼잡 할 수 있으니, 되도록 대중교통 이용 부탁 드립니다]"
JDU4MTI3MSM1MSMkMiMkMCMkMDAkNTgxOTYxIzIxIyQyIyQxIyQwMCQ0NjEwMDIjNjEjJDEjJDgjJDgz,
JDU4MTI3MSM1MSMkMiMkMCMkMDAkNTgxOTYxIzMxIyQxIyQ3IyQ2MiQzNjEwMDIjNjEjJDEjJDgjJDgz,진료 후 주차권 배부
JDU4MTI3MSM1MSMkMiMkMCMkMDAkNTgxOTYxIzMxIyQxIyQzIyQxMyQzNjEwMDIjNjEjJDEjJDgjJDgz,건물앞 주차가 협소하니 중앙동제1 공영주차장을 이용 부탁드립니다(주차비 지급)
