암호화요양기호,치료식 등급
JDQ4MTYyMiM1MSMkMiMkMCMkMDAkMzgxNzAyIzExIyQxIyQ3IyQ2MiQ0NjEwMDIjNDEjJDEjJDgjJDgz,
JDQ4MTYyMiM1MSMkMiMkMCMkMDAkMzgxNzAyIzExIyQxIyQ3IyQ2MiQ0NjEwMDIjNDEjJDEjJDgjJDgz,
JDU4MTI3MSM1MSMkMiMkMCMkMDAkNDgxMzUxIzQxIyQxIyQ3IyQxMyQ0NjE0ODEjNjEjJDEjJDgjJDgz,
JDU4MTI3MSM1MSMkMiMkMCMkMDAkNDgxMzUxIzQxIyQxIyQ3IyQxMyQ0NjE0ODEjNjEjJDEjJDgjJDgz,
JDQ4MTYyMiM1MSMkMiMkMCMkMDAkNTgxOTYxIzExIyQxIyQ3IyQ4MiQzNjE0ODEjODEjJDEjJDIjJDgz,
JDQ4MTYyMiM1MSMkMiMkMCMkMDAkNTgxOTYxIzExIyQxIyQ3IyQ4MiQzNjE0ODEjODEjJDEjJDIjJDgz,
JDQ4MTYyMiM1MSMkMSMkMCMkOTkkMzgxOTYxIzIxIyQyIyQxIyQwMCQ0NjE0ODEjNzEjJDEjJDgjJDgz,
JDQ4MTYyMiM1MSMkMSMkMCMkOTkkMzgxOTYxIzIxIyQyIyQxIyQwMCQ0NjE0ODEjNzEjJDEjJDgjJDgz,
JDU4MTI3MSM1MSMkMiMkMCMkMDAkNTgxOTYxIzMxIyQxIyQzIyQ4MiQyNjEyMjIjNDEjJDEjJDQjJDgz,
JDU4MTI3MSM1MSMkMiMkMCMkMDAkNTgxOTYxIzMxIyQxIyQzIyQ4MiQyNjEyMjIjNDEjJDEjJDQjJDgz,
JDQ4MTYyMiM1MSMkMSMkMCMkOTkkMzgxOTYxIzIxIyQxIyQxIyQ3MiQ0NjE0ODEjNDEjJDEjJDgjJDgz,
JDQ4MTYyMiM1MSMkMSMkMCMkOTkkMzgxOTYxIzIxIyQxIyQxIyQ3MiQ0NjE0ODEjNDEjJDEjJDgjJDgz,2.0
JDQ4MTYyMiM1MSMkMiMkMCMkMDAkNDgxNzAyIzQxIyQxIyQ3IyQ3OSQzNjEyMjIjODEjJDEjJDIjJDgz,
JDQ4MTYyMiM1MSMkMiMkMCMkMDAkNDgxNzAyIzQxIyQxIyQ3IyQ3OSQzNjEyMjIjODEjJDEjJDIjJDgz,
JDU4MTI3MSM1MSMkMiMkMCMkMDAkNDgxNzAyIzIxIyQxIyQ5IyQ3MiQyNjEwMDIjNzEjJDEjJDgjJDgz,
JDU4MTI3MSM1MSMkMiMkMCMkMDAkNDgxNzAyIzIxIyQxIyQ5IyQ3MiQyNjEwMDIjNzEjJDEjJDgjJDgz,
JDU4MTI3MSM1MSMkMiMkMCMkMDAkNDgxOTYxIzIxIyQxIyQ1IyQwMyQzNjEwMDIjNjEjJDEjJDAjJDgz,
JDU4MTI3MSM1MSMkMiMkMCMkMDAkNDgxOTYxIzIxIyQxIyQ1IyQwMyQzNjEwMDIjNjEjJDEjJDAjJDgz,
JDQ4MTYyMiM1MSMkMSMkMCMkMTMkMzgxMTkxIzIxIyQxIyQxIyQ3MiQyNjE0ODEjNTEjJDEjJDYjJDgz,
JDQ4MTYyMiM1MSMkMSMkMCMkMTMkMzgxMTkxIzIxIyQxIyQxIyQ3MiQyNjE0ODEjNTEjJDEjJDYjJDgz,
JDQ4MTYyMiM1MSMkMSMkMCMkOTkkMzgxOTYxIzIxIyQxIyQxIyQ5OSQyNjE4MzIjODEjJDEjJDYjJDgz,
JDQ4MTYyMiM1MSMkMSMkMCMkOTkkMzgxOTYxIzIxIyQxIyQxIyQ5OSQyNjE4MzIjODEjJDEjJDYjJDgz,
JDQ4MTYyMiM1MSMkMSMkMCMkNjIkMzgxMzUxIzExIyQxIyQzIyQ5OSQ0NjEwMDIjODEjJDEjJDYjJDgz,
JDQ4MTYyMiM1MSMkMSMkMCMkNjIkMzgxMzUxIzExIyQxIyQzIyQ5OSQ0NjEwMDIjODEjJDEjJDYjJDgz,
JDQ4MTYyMiM1MSMkMiMkMCMkMDAkNDgxMTkxIzMxIyQxIyQ3IyQ5OSQzNjE0ODEjNjEjJDEjJDAjJDgz,
JDQ4MTYyMiM1MSMkMiMkMCMkMDAkNDgxMTkxIzMxIyQxIyQ3IyQ5OSQzNjE0ODEjNjEjJDEjJDAjJDgz,
JDU4MTI3MSM1MSMkMiMkMCMkMDAkNDgxOTYxIzIxIyQxIyQxIyQ5MiQyNjE0ODEjNDEjJDEjJDQjJDgz,
JDU4MTI3MSM1MSMkMiMkMCMkMDAkNDgxOTYxIzIxIyQxIyQxIyQ5MiQyNjE0ODEjNDEjJDEjJDQjJDgz,
JDU4MTI3MSM1MSMkMiMkMCMkMDAkNDgxMzUxIzExIyQxIyQ3IyQ4OSQyNjEyMjIjNDEjJDEjJDgjJDgz,
JDU4MTI3MSM1MSMkMiMkMCMkMDAkNDgxMzUxIzExIyQxIyQ3IyQ4OSQyNjEyMjIjNDEjJDEjJDgjJDgz,
JDU4MTI3MSM1MSMkMiMkMCMkMDAkNTgxOTYxIzIxIyQxIyQ5IyQ4MiQyNjEyMjIjNTEjJDEjJDYjJDgz,
JDU4MTI3MSM1MSMkMiMkMCMkMDAkNTgxOTYxIzIxIyQxIyQ5IyQ4MiQyNjEyMjIjNTEjJDEjJDYjJDgz,
JDU4MTI3MSM1MSMkMiMkMCMkMDAkNDgxMTkxIzIxIyQxIyQxIyQ5OSQzNjEwMDIjNDEjJDEjJDQjJDgz,
JDU4MTI3MSM1MSMkMiMkMCMkMDAkNDgxMTkxIzIxIyQxIyQxIyQ5OSQzNjEwMDIjNDEjJDEjJDQjJDgz,
JDU4MTI3MSM1MSMkMiMkMCMkMDAkNDgxNzAyIzExIyQxIyQ3IyQwMyQ0NjE0ODEjNzEjJDEjJDgjJDgz,
JDU4MTI3MSM1MSMkMiMkMCMkMDAkNDgxNzAyIzExIyQxIyQ3IyQwMyQ0NjE0ODEjNzEjJDEjJDgjJDgz,
JDU4MTI3MSM1MSMkMiMkMCMkMDAkNDgxMTkxIzQxIyQxIyQ3IyQ5MiQzNjE4MzIjNjEjJDEjJDAjJDgz,
JDU4MTI3MSM1MSMkMiMkMCMkMDAkNDgxMTkxIzQxIyQxIyQ3IyQ5MiQzNjE4MzIjNjEjJDEjJDAjJDgz,
JDQ4MTYyMiM1MSMkMSMkMCMkOTkkNTgxMzUxIzUxIyQxIyQ1IyQ3MiQyNjE4MzIjNTEjJDEjJDYjJDgz,
JDQ4MTYyMiM1MSMkMSMkMCMkOTkkNTgxMzUxIzUxIyQxIyQ1IyQ3MiQyNjE4MzIjNTEjJDEjJDYjJDgz,2.0
JDU4MTI3MSM1MSMkMiMkMCMkMDAkNTgxOTYxIzIxIyQxIyQ1IyQ4MiQyNjE4MzIjNjEjJDEjJDQjJDgz,
JDU4MTI3MSM1MSMkMiMkMCMkMDAkNTgxOTYxIzIxIyQxIyQ1IyQ4MiQyNjE4MzIjNjEjJDEjJDQjJDgz,
JDQ4MTYyMiM1MSMkMSMkMCMkODkkMzgxMzUxIzExIyQxIyQzIyQwMyQyNjEwMDIjNTEjJDEjJDYjJDgz,2.0
JDQ4MTYyMiM1MSMkMSMkMCMkODkkMzgxMzUxIzExIyQxIyQzIyQwMyQyNjEwMDIjNTEjJDEjJDYjJDgz,
JDU4MTI3MSM1MSMkMiMkMCMkMDAkNTgxMzUxIzIxIyQxIyQ1IyQ2MiQ0NjEwMDIjNjEjJDEjJDAjJDgz,
JDU4MTI3MSM1MSMkMiMkMCMkMDAkNTgxMzUxIzIxIyQxIyQ1IyQ2MiQ0NjEwMDIjNjEjJDEjJDAjJDgz,
JDU4MTI3MSM1MSMkMiMkMCMkMDAkNDgxMzUxIzUxIyQxIyQ1IyQxMyQ0NjE0ODEjODEjJDEjJDYjJDgz,
JDU4MTI3MSM1MSMkMiMkMCMkMDAkNDgxMzUxIzUxIyQxIyQ1IyQxMyQ0NjE0ODEjODEjJDEjJDYjJDgz,
JDQ4MTYyMiM1MSMkMSMkMCMkMTMkMzgxMTkxIzIxIyQyIyQ5IyQwMCQyNjEyMjIjODEjJDEjJDIjJDgz,
JDQ4MTYyMiM1MSMkMSMkMCMkMTMkMzgxMTkxIzIxIyQyIyQ5IyQwMCQyNjEyMjIjODEjJDEjJDIjJDgz,
JDU4MTI3MSM1MSMkMiMkMCMkMDAkMzgxMzUxIzIxIyQyIyQxIyQwMCQzNjE4MzIjNDEjJDEjJDgjJDgz,
JDU4MTI3MSM1MSMkMiMkMCMkMDAkMzgxMzUxIzIxIyQyIyQxIyQwMCQzNjE4MzIjNDEjJDEjJDgjJDgz,
JDU4MTI3MSM1MSMkMiMkMCMkMDAkNDgxNzAyIzExIyQxIyQzIyQ5MiQzNjEyMjIjNzEjJDEjJDgjJDgz,
JDU4MTI3MSM1MSMkMiMkMCMkMDAkNDgxNzAyIzExIyQxIyQzIyQ5MiQzNjEyMjIjNzEjJDEjJDgjJDgz,
JDU4MTI3MSM1MSMkMiMkMCMkMDAkNTgxMzUxIzExIyQxIyQ3IyQ5OSQzNjE0ODEjNjEjJDEjJDgjJDgz,
JDU4MTI3MSM1MSMkMiMkMCMkMDAkNTgxMzUxIzExIyQxIyQ3IyQ5OSQzNjE0ODEjNjEjJDEjJDgjJDgz,
JDQ4MTYyMiM1MSMkMSMkMCMkOTkkNTgxMzUxIzQxIyQxIyQ3IyQ3MiQyNjE4MzIjNDEjJDEjJDgjJDgz,
JDQ4MTYyMiM1MSMkMSMkMCMkOTkkNTgxMzUxIzQxIyQxIyQ3IyQ3MiQyNjE4MzIjNDEjJDEjJDgjJDgz,2.0
JDQ4MTYyMiM1MSMkMSMkMCMkODkkMzgxMzUxIzExIyQxIyQzIyQ5MiQzNjEwMDIjODEjJDEjJDYjJDgz,4.0
JDQ4MTYyMiM1MSMkMSMkMCMkODkkMzgxMzUxIzExIyQxIyQzIyQ5MiQzNjEwMDIjODEjJDEjJDYjJDgz,1.0
JDQ4MTYyMiM1MSMkMiMkMCMkMDAkMzgxNzAyIzMxIyQxIyQ3IyQxMyQzNjE4MzIjNTEjJDEjJDYjJDgz,
JDQ4MTYyMiM1MSMkMiMkMCMkMDAkMzgxNzAyIzMxIyQxIyQ3IyQxMyQzNjE4MzIjNTEjJDEjJDYjJDgz,
JDU4MTI3MSM1MSMkMiMkMCMkMDAkNDgxMTkxIzIxIyQxIyQ5IyQ3OSQ0NjE0ODEjNTEjJDEjJDIjJDgz,
JDU4MTI3MSM1MSMkMiMkMCMkMDAkNDgxMTkxIzIxIyQxIyQ5IyQ3OSQ0NjE0ODEjNTEjJDEjJDIjJDgz,
JDU4MTI3MSM1MSMkMiMkMCMkMDAkNDgxMTkxIzExIyQxIyQ3IyQ3OSQzNjEwMDIjODEjJDEjJDYjJDgz,
JDU4MTI3MSM1MSMkMiMkMCMkMDAkNDgxMTkxIzExIyQxIyQ3IyQ3OSQzNjEwMDIjODEjJDEjJDYjJDgz,
JDQ4MTYyMiM1MSMkMSMkMCMkOTkkMzgxOTYxIzIxIyQxIyQxIyQ3MiQ0NjEwMDIjNDEjJDEjJDQjJDgz,
JDQ4MTYyMiM1MSMkMSMkMCMkOTkkMzgxOTYxIzIxIyQxIyQxIyQ3MiQ0NjEwMDIjNDEjJDEjJDQjJDgz,
JDU4MTI3MSM1MSMkMiMkMCMkMDAkNDgxMzUxIzMxIyQxIyQzIyQ3OSQyNjE4MzIjNzEjJDEjJDgjJDgz,
JDU4MTI3MSM1MSMkMiMkMCMkMDAkNDgxMzUxIzMxIyQxIyQzIyQ3OSQyNjE4MzIjNzEjJDEjJDgjJDgz,
JDU4MTI3MSM1MSMkMiMkMCMkMDAkNDgxMTkxIzMxIyQxIyQzIyQ5OSQzNjE0ODEjNDEjJDEjJDgjJDgz,
JDU4MTI3MSM1MSMkMiMkMCMkMDAkNDgxMTkxIzMxIyQxIyQzIyQ5OSQzNjE0ODEjNDEjJDEjJDgjJDgz,
JDU4MTI3MSM1MSMkMiMkMCMkMDAkNDgxMTkxIzMxIyQxIyQ3IyQ2MiQzNjEyMjIjODEjJDEjJDIjJDgz,
JDU4MTI3MSM1MSMkMiMkMCMkMDAkNDgxMTkxIzMxIyQxIyQ3IyQ2MiQzNjEyMjIjODEjJDEjJDIjJDgz,
JDU4MTI3MSM1MSMkMiMkMCMkMDAkNDgxMTkxIzMxIyQxIyQ3IyQ5OSQyNjEwMDIjNTEjJDEjJDIjJDgz,
JDU4MTI3MSM1MSMkMiMkMCMkMDAkNDgxMTkxIzMxIyQxIyQ3IyQ5OSQyNjEwMDIjNTEjJDEjJDIjJDgz,
JDU4MTI3MSM1MSMkMiMkMCMkMDAkNTgxMzUxIzQxIyQxIyQ3IyQ5OSQ0NjE0ODEjNzEjJDEjJDgjJDgz,
JDU4MTI3MSM1MSMkMiMkMCMkMDAkNTgxMzUxIzQxIyQxIyQ3IyQ5OSQ0NjE0ODEjNzEjJDEjJDgjJDgz,
JDQ4MTYyMiM1MSMkMiMkMCMkMDAkMzgxNzAyIzExIyQxIyQ3IyQwMyQzNjEyMjIjNjEjJDEjJDgjJDgz,
JDQ4MTYyMiM1MSMkMiMkMCMkMDAkMzgxNzAyIzExIyQxIyQ3IyQwMyQzNjEyMjIjNjEjJDEjJDgjJDgz,
JDQ4MTYyMiM1MSMkMiMkMCMkMDAkMzgxNzAyIzIxIyQxIyQxIyQ2MiQ0NjEwMDIjODEjJDEjJDIjJDgz,
JDQ4MTYyMiM1MSMkMiMkMCMkMDAkMzgxNzAyIzIxIyQxIyQxIyQ2MiQ0NjEwMDIjODEjJDEjJDIjJDgz,
JDQ4MTYyMiM1MSMkMiMkMCMkMDAkNDgxMzUxIzQxIyQyIyQ3IyQwMCQzNjEwMDIjNjEjJDEjJDQjJDgz,
JDQ4MTYyMiM1MSMkMiMkMCMkMDAkNDgxMzUxIzQxIyQyIyQ3IyQwMCQzNjEwMDIjNjEjJDEjJDQjJDgz,
JDQ4MTYyMiM1MSMkMSMkMCMkODkkMzgxMzUxIzExIyQxIyQzIyQ3MiQzNjE4MzIjNDEjJDEjJDgjJDgz,3.0
JDQ4MTYyMiM1MSMkMSMkMCMkODkkMzgxMzUxIzExIyQxIyQzIyQ3MiQzNjE4MzIjNDEjJDEjJDgjJDgz,2.0
JDQ4MTYyMiM1MSMkMSMkMCMkOTkkMzgxMzUxIzUxIyQxIyQxIyQ5MiQzNjEwMDIjNjEjJDEjJDAjJDgz,
JDQ4MTYyMiM1MSMkMSMkMCMkOTkkMzgxMzUxIzUxIyQxIyQxIyQ5MiQzNjEwMDIjNjEjJDEjJDAjJDgz,2.0
JDQ4MTYyMiM1MSMkMSMkMCMkOTkkMzgxOTYxIzExIyQxIyQzIyQ4MiQyNjEyMjIjNzEjJDEjJDgjJDgz,
JDQ4MTYyMiM1MSMkMSMkMCMkOTkkMzgxOTYxIzExIyQxIyQzIyQ4MiQyNjEyMjIjNzEjJDEjJDgjJDgz,
JDQ4MTYyMiM1MSMkMSMkMCMkOTkkNTgxMzUxIzIxIyQxIyQxIyQxMyQ0NjEwMDIjNzEjJDEjJDgjJDgz,
JDQ4MTYyMiM1MSMkMSMkMCMkOTkkNTgxMzUxIzIxIyQxIyQxIyQxMyQ0NjEwMDIjNzEjJDEjJDgjJDgz,
JDQ4MTYyMiM1MSMkMSMkMCMkOTkkNTgxMzUxIzIxIyQxIyQ1IyQ4OSQzNjE0ODEjNjEjJDEjJDAjJDgz,
JDQ4MTYyMiM1MSMkMSMkMCMkOTkkNTgxMzUxIzIxIyQxIyQ1IyQ4OSQzNjE0ODEjNjEjJDEjJDAjJDgz,2.0
JDQ4MTYyMiM1MSMkMSMkMCMkOTkkNTgxMzUxIzIxIyQxIyQ5IyQ5MiQzNjE4MzIjODEjJDEjJDYjJDgz,4.0
JDQ4MTYyMiM1MSMkMSMkMCMkOTkkNTgxMzUxIzIxIyQxIyQ5IyQ5MiQzNjE4MzIjODEjJDEjJDYjJDgz,
JDQ4MTYyMiM1MSMkMSMkMCMkOTkkNTgxMzUxIzMxIyQxIyQ3IyQ5OSQ0NjEwMDIjNDEjJDEjJDgjJDgz,
JDQ4MTYyMiM1MSMkMSMkMCMkOTkkNTgxMzUxIzMxIyQxIyQ3IyQ5OSQ0NjEwMDIjNDEjJDEjJDgjJDgz,
JDQ4MTYyMiM1MSMkMSMkMCMkOTkkNTgxMzUxIzUxIyQxIyQxIyQ3OSQ0NjE0ODEjNDEjJDEjJDgjJDgz,
JDQ4MTYyMiM1MSMkMSMkMCMkOTkkNTgxMzUxIzUxIyQxIyQxIyQ3OSQ0NjE0ODEjNDEjJDEjJDgjJDgz,
JDQ4MTYyMiM1MSMkMiMkMCMkMDAkMzgxOTYxIzMxIyQxIyQ3IyQ4MiQyNjE4MzIjODEjJDEjJDIjJDgz,
JDQ4MTYyMiM1MSMkMiMkMCMkMDAkMzgxOTYxIzMxIyQxIyQ3IyQ4MiQyNjE4MzIjODEjJDEjJDIjJDgz,
JDQ4MTYyMiM1MSMkMiMkMCMkMDAkNTgxMzUxIzUxIyQyIyQ1IyQwMCQyNjEyMjIjNjEjJDEjJDQjJDgz,
JDQ4MTYyMiM1MSMkMiMkMCMkMDAkNTgxMzUxIzUxIyQyIyQ1IyQwMCQyNjEyMjIjNjEjJDEjJDQjJDgz,
JDQ4MTYyMiM1MSMkMiMkMCMkMDAkNTgxMzUxIzUxIyQxIyQ1IyQ5OSQ0NjEwMDIjNjEjJDEjJDQjJDgz,
JDQ4MTYyMiM1MSMkMiMkMCMkMDAkNTgxMzUxIzUxIyQxIyQ1IyQ5OSQ0NjEwMDIjNjEjJDEjJDQjJDgz,
JDQ4MTYyMiM1MSMkMiMkMCMkMDAkNTgxOTYxIzIxIyQxIyQ5IyQ3MiQzNjEyMjIjNjEjJDEjJDgjJDgz,
JDQ4MTYyMiM1MSMkMiMkMCMkMDAkNTgxOTYxIzIxIyQxIyQ5IyQ3MiQzNjEyMjIjNjEjJDEjJDgjJDgz,
JDQ4MTYyMiM1MSMkMiMkMCMkMDAkNTgxOTYxIzQxIyQyIyQ3IyQwMCQzNjE4MzIjODEjJDEjJDYjJDgz,
JDQ4MTYyMiM1MSMkMiMkMCMkMDAkNTgxOTYxIzQxIyQyIyQ3IyQwMCQzNjE4MzIjODEjJDEjJDYjJDgz,
JDQ4MTYyMiM1MSMkMiMkMCMkMDAkNTgxOTYxIzUxIyQyIyQxIyQwMCQyNjEwMDIjNjEjJDEjJDgjJDgz,
JDQ4MTYyMiM1MSMkMiMkMCMkMDAkNTgxOTYxIzUxIyQyIyQxIyQwMCQyNjEwMDIjNjEjJDEjJDgjJDgz,
JDQ4MTYyMiM1MSMkMSMkMCMkOTkkNTgxMzUxIzUxIyQxIyQxIyQwMyQyNjE4MzIjODEjJDEjJDYjJDgz,
JDQ4MTYyMiM1MSMkMSMkMCMkOTkkNTgxMzUxIzUxIyQxIyQxIyQwMyQyNjE4MzIjODEjJDEjJDYjJDgz,2.0
JDQ4MTYyMiM1MSMkMSMkMCMkOTkkNTgxMzUxIzUxIyQxIyQxIyQxMyQyNjE4MzIjNjEjJDEjJDgjJDgz,4.0
JDQ4MTYyMiM1MSMkMSMkMCMkOTkkNTgxMzUxIzUxIyQxIyQxIyQxMyQyNjE4MzIjNjEjJDEjJDgjJDgz,2.0
JDQ4MTYyMiM1MSMkMSMkMCMkOTkkNTgxMzUxIzUxIyQxIyQ1IyQ3OSQyNjEwMDIjNDEjJDEjJDgjJDgz,4.0
JDQ4MTYyMiM1MSMkMSMkMCMkOTkkNTgxMzUxIzUxIyQxIyQ1IyQ3OSQyNjEwMDIjNDEjJDEjJDgjJDgz,
JDQ4MTYyMiM1MSMkMiMkMCMkMDAkNTgxMzUxIzIxIyQxIyQ1IyQ4OSQzNjE0ODEjODEjJDEjJDYjJDgz,
JDQ4MTYyMiM1MSMkMiMkMCMkMDAkNTgxMzUxIzIxIyQxIyQ1IyQ4OSQzNjE0ODEjODEjJDEjJDYjJDgz,
JDQ4MTYyMiM1MSMkMiMkMCMkMDAkNTgxMzUxIzMxIyQxIyQzIyQ2MiQyNjE4MzIjNjEjJDEjJDQjJDgz,
JDQ4MTYyMiM1MSMkMiMkMCMkMDAkNTgxMzUxIzMxIyQxIyQzIyQ2MiQyNjE4MzIjNjEjJDEjJDQjJDgz,
JDQ4MTYyMiM1MSMkMiMkMCMkMDAkNDgxMTkxIzIxIyQxIyQ1IyQ5OSQzNjE0ODEjNjEjJDEjJDQjJDgz,
JDQ4MTYyMiM1MSMkMiMkMCMkMDAkNDgxMTkxIzIxIyQxIyQ1IyQ5OSQzNjE0ODEjNjEjJDEjJDQjJDgz,
JDQ4MTYyMiM1MSMkMSMkMCMkOTkkMzgxMzUxIzUxIyQxIyQ1IyQ3MiQyNjEwMDIjNTEjJDEjJDYjJDgz,
JDQ4MTYyMiM1MSMkMSMkMCMkOTkkMzgxMzUxIzUxIyQxIyQ1IyQ3MiQyNjEwMDIjNTEjJDEjJDYjJDgz,
JDQ4MTYyMiM1MSMkMSMkMCMkOTkkMzgxOTYxIzExIyQxIyQ3IyQ2MiQzNjE0ODEjNjEjJDEjJDQjJDgz,
JDQ4MTYyMiM1MSMkMSMkMCMkOTkkMzgxOTYxIzExIyQxIyQ3IyQ2MiQzNjE0ODEjNjEjJDEjJDQjJDgz,
JDQ4MTYyMiM1MSMkMiMkMCMkMDAkMzgxMzUxIzMxIyQxIyQ3IyQwMyQyNjE0ODEjNTEjJDEjJDIjJDgz,
JDQ4MTYyMiM1MSMkMiMkMCMkMDAkMzgxMzUxIzMxIyQxIyQ3IyQwMyQyNjE0ODEjNTEjJDEjJDIjJDgz,
JDQ4MTYyMiM1MSMkMiMkMCMkMDAkMzgxOTYxIzMxIyQyIyQzIyQwMCQ0NjE0ODEjNDEjJDEjJDgjJDgz,
JDQ4MTYyMiM1MSMkMiMkMCMkMDAkMzgxOTYxIzMxIyQyIyQzIyQwMCQ0NjE0ODEjNDEjJDEjJDgjJDgz,
JDQ4MTYyMiM1MSMkMSMkMCMkOTkkMzgxMzUxIzMxIyQxIyQzIyQ5MiQzNjEwMDIjNjEjJDEjJDQjJDgz,
JDQ4MTYyMiM1MSMkMSMkMCMkOTkkMzgxMzUxIzMxIyQxIyQzIyQ5MiQzNjEwMDIjNjEjJDEjJDQjJDgz,
JDQ4MTYyMiM1MSMkMSMkMCMkOTkkMzgxMzUxIzMxIyQxIyQ3IyQ5OSQyNjEyMjIjNDEjJDEjJDgjJDgz,4.0
JDQ4MTYyMiM1MSMkMSMkMCMkOTkkMzgxMzUxIzMxIyQxIyQ3IyQ5OSQyNjEyMjIjNDEjJDEjJDgjJDgz,2.0
JDQ4MTYyMiM1MSMkMSMkMCMkOTkkMzgxOTYxIzExIyQxIyQzIyQwMyQyNjE0ODEjNjEjJDEjJDQjJDgz,
JDQ4MTYyMiM1MSMkMSMkMCMkOTkkMzgxOTYxIzExIyQxIyQzIyQwMyQyNjE0ODEjNjEjJDEjJDQjJDgz,
JDQ4MTYyMiM1MSMkMSMkMCMkODkkMzgxMzUxIzExIyQxIyQzIyQ3OSQzNjE4MzIjNjEjJDEjJDAjJDgz,
JDQ4MTYyMiM1MSMkMSMkMCMkODkkMzgxMzUxIzExIyQxIyQzIyQ3OSQzNjE4MzIjNjEjJDEjJDAjJDgz,
JDQ4MTYyMiM1MSMkMiMkMCMkMDAkNTgxMzUxIzQxIyQxIyQ3IyQ5MiQzNjE0ODEjODEjJDEjJDIjJDgz,
JDQ4MTYyMiM1MSMkMiMkMCMkMDAkNTgxMzUxIzQxIyQxIyQ3IyQ5MiQzNjE0ODEjODEjJDEjJDIjJDgz,
JDQ4MTYyMiM1MSMkMiMkMCMkMDAkNTgxOTYxIzExIyQxIyQ3IyQ2MiQzNjE4MzIjODEjJDEjJDIjJDgz,
JDQ4MTYyMiM1MSMkMiMkMCMkMDAkNTgxOTYxIzExIyQxIyQ3IyQ2MiQzNjE4MzIjODEjJDEjJDIjJDgz,
JDQ4MTYyMiM1MSMkMSMkMCMkMTMkMzgxMTkxIzIxIyQxIyQ5IyQ4OSQzNjEyMjIjNjEjJDEjJDgjJDgz,
JDQ4MTYyMiM1MSMkMSMkMCMkMTMkMzgxMTkxIzIxIyQxIyQ5IyQ4OSQzNjEyMjIjNjEjJDEjJDgjJDgz,
JDQ4MTYyMiM1MSMkMiMkMCMkMDAkNDgxMzUxIzIxIyQxIyQxIyQ3OSQ0NjE0ODEjNjEjJDEjJDgjJDgz,
JDQ4MTYyMiM1MSMkMiMkMCMkMDAkNDgxMzUxIzIxIyQxIyQxIyQ3OSQ0NjE0ODEjNjEjJDEjJDgjJDgz,
JDQ4MTYyMiM1MSMkMiMkMCMkMDAkNTgxOTYxIzMxIyQxIyQ3IyQxMyQyNjE0ODEjODEjJDEjJDYjJDgz,
JDQ4MTYyMiM1MSMkMiMkMCMkMDAkNTgxOTYxIzMxIyQxIyQ3IyQxMyQyNjE0ODEjODEjJDEjJDYjJDgz,
JDQ4MTYyMiM1MSMkMSMkMCMkMTMkNDgxOTYxIzExIyQxIyQzIyQ5OSQzNjEwMDIjNjEjJDEjJDgjJDgz,
JDQ4MTYyMiM1MSMkMSMkMCMkMTMkNDgxOTYxIzExIyQxIyQzIyQ5OSQzNjEwMDIjNjEjJDEjJDgjJDgz,
JDQ4MTYyMiM1MSMkMSMkMCMkMTMkMzgxMTkxIzIxIyQxIyQ5IyQ3OSQ0NjE0ODEjNjEjJDEjJDQjJDgz,
JDQ4MTYyMiM1MSMkMSMkMCMkMTMkMzgxMTkxIzIxIyQxIyQ5IyQ3OSQ0NjE0ODEjNjEjJDEjJDQjJDgz,
JDQ4MTYyMiM1MSMkMSMkMCMkODkkMzgxMzUxIzExIyQxIyQzIyQ3MiQyNjEwMDIjNDEjJDEjJDgjJDgz,4.0
JDQ4MTYyMiM1MSMkMSMkMCMkODkkMzgxMzUxIzExIyQxIyQzIyQ3MiQyNjEwMDIjNDEjJDEjJDgjJDgz,2.0
JDQ4MTYyMiM1MSMkMSMkMCMkODkkMzgxMzUxIzExIyQyIyQ3IyQwMCQzNjEyMjIjNjEjJDEjJDAjJDgz,
JDQ4MTYyMiM1MSMkMSMkMCMkODkkMzgxMzUxIzExIyQyIyQ3IyQwMCQzNjEyMjIjNjEjJDEjJDAjJDgz,
JDQ4MTYyMiM1MSMkMSMkMCMkMTMkMzgxMTkxIzExIyQxIyQ3IyQ3MiQyNjE4MzIjNDEjJDEjJDgjJDgz,
JDQ4MTYyMiM1MSMkMSMkMCMkMTMkMzgxMTkxIzExIyQxIyQ3IyQ3MiQyNjE4MzIjNDEjJDEjJDgjJDgz,
JDQ4MTYyMiM1MSMkMSMkMCMkOTkkNTgxMzUxIzExIyQxIyQzIyQ3MiQyNjE0ODEjNDEjJDEjJDgjJDgz,3.0
JDQ4MTYyMiM1MSMkMSMkMCMkOTkkNTgxMzUxIzExIyQxIyQzIyQ3MiQyNjE0ODEjNDEjJDEjJDgjJDgz,1.0
JDQ4MTYyMiM1MSMkMSMkMCMkMTMkMzgxMTkxIzIxIyQxIyQ1IyQ3MiQzNjEyMjIjODEjJDEjJDYjJDgz,
JDQ4MTYyMiM1MSMkMSMkMCMkMTMkMzgxMTkxIzIxIyQxIyQ1IyQ3MiQzNjEyMjIjODEjJDEjJDYjJDgz,
JDQ4MTYyMiM1MSMkMSMkMCMkOTkkMzgxMzUxIzUxIyQyIyQ1IyQwMCQzNjEwMDIjNDEjJDEjJDgjJDgz,
JDQ4MTYyMiM1MSMkMSMkMCMkOTkkMzgxMzUxIzUxIyQyIyQ1IyQwMCQzNjEwMDIjNDEjJDEjJDgjJDgz,
JDQ4MTYyMiM1MSMkMSMkMCMkOTkkNTgxMzUxIzMxIyQxIyQ3IyQ3MiQ0NjE0ODEjNjEjJDEjJDQjJDgz,
JDQ4MTYyMiM1MSMkMSMkMCMkOTkkNTgxMzUxIzMxIyQxIyQ3IyQ3MiQ0NjE0ODEjNjEjJDEjJDQjJDgz,2.0
JDQ4MTYyMiM1MSMkMSMkMCMkOTkkMzgxMzUxIzIxIyQxIyQ5IyQxMyQ0NjEwMDIjNjEjJDEjJDgjJDgz,4.0
JDQ4MTYyMiM1MSMkMSMkMCMkOTkkMzgxMzUxIzIxIyQxIyQ5IyQxMyQ0NjEwMDIjNjEjJDEjJDgjJDgz,
JDQ4MTYyMiM1MSMkMSMkMCMkOTkkNTgxMzUxIzMxIyQxIyQ3IyQ3MiQzNjEwMDIjNDEjJDEjJDgjJDgz,
JDQ4MTYyMiM1MSMkMSMkMCMkOTkkNTgxMzUxIzMxIyQxIyQ3IyQ3MiQzNjEwMDIjNDEjJDEjJDgjJDgz,
JDQ4MTYyMiM1MSMkMiMkMCMkMDAkNDgxOTYxIzMxIyQyIyQzIyQwMCQyNjE0ODEjNzEjJDEjJDgjJDgz,
JDQ4MTYyMiM1MSMkMiMkMCMkMDAkNDgxOTYxIzMxIyQyIyQzIyQwMCQyNjE0ODEjNzEjJDEjJDgjJDgz,
JDQ4MTYyMiM1MSMkMiMkMCMkMDAkNDgxOTYxIzUxIyQyIyQ1IyQwMCQzNjE4MzIjNDEjJDEjJDQjJDgz,
JDQ4MTYyMiM1MSMkMiMkMCMkMDAkNDgxOTYxIzUxIyQyIyQ1IyQwMCQzNjE4MzIjNDEjJDEjJDQjJDgz,
JDQ4MTYyMiM1MSMkMSMkMCMkOTkkNTgxMzUxIzUxIyQxIyQ1IyQ3OSQyNjE0ODEjNTEjJDEjJDIjJDgz,
JDQ4MTYyMiM1MSMkMSMkMCMkOTkkNTgxMzUxIzUxIyQxIyQ1IyQ3OSQyNjE0ODEjNTEjJDEjJDIjJDgz,
JDQ4MTYyMiM1MSMkMSMkMCMkOTkkMzgxOTYxIzExIyQxIyQzIyQxMyQzNjE4MzIjNDEjJDEjJDQjJDgz,
JDQ4MTYyMiM1MSMkMSMkMCMkOTkkMzgxOTYxIzExIyQxIyQzIyQxMyQzNjE4MzIjNDEjJDEjJDQjJDgz,
JDQ4MTYyMiM1MSMkMiMkMCMkMDAkMzgxNzAyIzIxIyQxIyQ5IyQ4OSQzNjE0ODEjODEjJDEjJDIjJDgz,
JDQ4MTYyMiM1MSMkMiMkMCMkMDAkMzgxNzAyIzIxIyQxIyQ5IyQ4OSQzNjE0ODEjODEjJDEjJDIjJDgz,
JDQ4MTYyMiM1MSMkMiMkMCMkMDAkNDgxNzAyIzQxIyQxIyQ3IyQ4OSQzNjE0ODEjODEjJDEjJDYjJDgz,
JDQ4MTYyMiM1MSMkMiMkMCMkMDAkNDgxNzAyIzQxIyQxIyQ3IyQ4OSQzNjE0ODEjODEjJDEjJDYjJDgz,
JDQ4MTYyMiM1MSMkMiMkMCMkMDAkNDgxOTYxIzQxIyQyIyQ3IyQwMCQzNjE0ODEjNTEjJDEjJDIjJDgz,
JDQ4MTYyMiM1MSMkMiMkMCMkMDAkNDgxOTYxIzQxIyQyIyQ3IyQwMCQzNjE0ODEjNTEjJDEjJDIjJDgz,
JDQ4MTYyMiM1MSMkMSMkMCMkMTMkMzgxMTkxIzIxIyQxIyQxIyQ5MiQ0NjE0ODEjNTEjJDEjJDYjJDgz,4.0
JDQ4MTYyMiM1MSMkMSMkMCMkMTMkMzgxMTkxIzIxIyQxIyQxIyQ5MiQ0NjE0ODEjNTEjJDEjJDYjJDgz,1.0
JDQ4MTYyMiM1MSMkMSMkMCMkMTMkMzgxMTkxIzExIyQxIyQzIyQ4OSQzNjEyMjIjNDEjJDEjJDgjJDgz,
JDQ4MTYyMiM1MSMkMSMkMCMkMTMkMzgxMTkxIzExIyQxIyQzIyQ4OSQzNjEyMjIjNDEjJDEjJDgjJDgz,
JDQ4MTYyMiM1MSMkMiMkMCMkMDAkNDgxOTYxIzIxIyQxIyQ5IyQ3MiQzNjEwMDIjNjEjJDEjJDgjJDgz,
JDQ4MTYyMiM1MSMkMiMkMCMkMDAkNDgxOTYxIzIxIyQxIyQ5IyQ3MiQzNjEwMDIjNjEjJDEjJDgjJDgz,
JDQ4MTYyMiM1MSMkMiMkMCMkMDAkNDgxMTkxIzUxIyQxIyQ1IyQ2MiQyNjEyMjIjNDEjJDEjJDgjJDgz,
JDQ4MTYyMiM1MSMkMiMkMCMkMDAkNDgxMTkxIzUxIyQxIyQ1IyQ2MiQyNjEyMjIjNDEjJDEjJDgjJDgz,
JDQ4MTYyMiM1MSMkMiMkMCMkMDAkNDgxMTkxIzUxIyQxIyQxIyQwMyQ0NjE0ODEjNTEjJDEjJDYjJDgz,
JDQ4MTYyMiM1MSMkMiMkMCMkMDAkNDgxMTkxIzUxIyQxIyQxIyQwMyQ0NjE0ODEjNTEjJDEjJDYjJDgz,
JDQ4MTYyMiM1MSMkMSMkMCMkMTMkNDgxNzAyIzUxIyQxIyQxIyQwMyQzNjEwMDIjNDEjJDEjJDgjJDgz,
JDQ4MTYyMiM1MSMkMSMkMCMkMTMkNDgxNzAyIzUxIyQxIyQxIyQwMyQzNjEwMDIjNDEjJDEjJDgjJDgz,
JDQ4MTYyMiM1MSMkMiMkMCMkMDAkNTgxMzUxIzIxIyQxIyQ5IyQ3MiQ0NjEwMDIjNjEjJDEjJDQjJDgz,
JDQ4MTYyMiM1MSMkMiMkMCMkMDAkNTgxMzUxIzIxIyQxIyQ5IyQ3MiQ0NjEwMDIjNjEjJDEjJDQjJDgz,
JDQ4MTYyMiM1MSMkMiMkMCMkMDAkNTgxMzUxIzExIyQxIyQzIyQxMyQyNjEyMjIjNDEjJDEjJDgjJDgz,
JDQ4MTYyMiM1MSMkMiMkMCMkMDAkNTgxMzUxIzExIyQxIyQzIyQxMyQyNjEyMjIjNDEjJDEjJDgjJDgz,
JDU4MTI3MSM1MSMkMSMkMCMkMTMkMzgxNzAyIzUxIyQxIyQ1IyQ4OSQzNjEwMDIjODEjJDEjJDIjJDgz,
JDU4MTI3MSM1MSMkMSMkMCMkMTMkMzgxNzAyIzUxIyQxIyQ1IyQ4OSQzNjEwMDIjODEjJDEjJDIjJDgz,
JDU4MTI3MSM1MSMkMSMkMCMkMTMkMzgxNzAyIzUxIyQyIyQxIyQwMCQ0NjE0ODEjNDEjJDEjJDgjJDgz,
JDU4MTI3MSM1MSMkMSMkMCMkMTMkMzgxNzAyIzUxIyQyIyQxIyQwMCQ0NjE0ODEjNDEjJDEjJDgjJDgz,
JDQ4MTYyMiM1MSMkMiMkMCMkMDAkNDgxNzAyIzIxIyQxIyQ5IyQwMyQyNjE4MzIjNTEjJDEjJDIjJDgz,
JDQ4MTYyMiM1MSMkMiMkMCMkMDAkNDgxNzAyIzIxIyQxIyQ5IyQwMyQyNjE4MzIjNTEjJDEjJDIjJDgz,
JDQ4MTYyMiM1MSMkMiMkMCMkMDAkNTgxOTYxIzUxIyQxIyQxIyQ3MiQzNjE4MzIjNDEjJDEjJDQjJDgz,
JDQ4MTYyMiM1MSMkMiMkMCMkMDAkNTgxOTYxIzUxIyQxIyQxIyQ3MiQzNjE4MzIjNDEjJDEjJDQjJDgz,
JDQ4MTYyMiM1MSMkMSMkMCMkOTkkMzgxOTYxIzExIyQxIyQ3IyQ2MiQyNjEyMjIjODEjJDEjJDYjJDgz,
JDQ4MTYyMiM1MSMkMSMkMCMkOTkkMzgxOTYxIzExIyQxIyQ3IyQ2MiQyNjEyMjIjODEjJDEjJDYjJDgz,2.0
JDU4MTI3MSM1MSMkMSMkMCMkMTMkNDgxMzUxIzMxIyQxIyQzIyQ4MiQyNjE0ODEjNTEjJDEjJDYjJDgz,
JDU4MTI3MSM1MSMkMSMkMCMkMTMkNDgxMzUxIzMxIyQxIyQzIyQ4MiQyNjE0ODEjNTEjJDEjJDYjJDgz,
JDQ4MTYyMiM1MSMkMSMkMCMkOTkkMzgxOTYxIzExIyQxIyQzIyQ4OSQyNjEyMjIjNDEjJDEjJDgjJDgz,
JDQ4MTYyMiM1MSMkMSMkMCMkOTkkMzgxOTYxIzExIyQxIyQzIyQ4OSQyNjEyMjIjNDEjJDEjJDgjJDgz,
JDQ4MTYyMiM1MSMkMSMkMCMkODkkMzgxMzUxIzExIyQxIyQ3IyQ3OSQzNjE0ODEjNjEjJDEjJDgjJDgz,
JDQ4MTYyMiM1MSMkMSMkMCMkODkkMzgxMzUxIzExIyQxIyQ3IyQ3OSQzNjE0ODEjNjEjJDEjJDgjJDgz,
JDU4MTI3MSM1MSMkMSMkMCMkMTMkNDgxOTYxIzExIyQxIyQzIyQwMyQzNjEwMDIjNTEjJDEjJDIjJDgz,
JDU4MTI3MSM1MSMkMSMkMCMkMTMkNDgxOTYxIzExIyQxIyQzIyQwMyQzNjEwMDIjNTEjJDEjJDIjJDgz,
JDQ4MTYyMiM1MSMkMSMkMCMkOTkkNTgxMzUxIzMxIyQxIyQzIyQ5OSQyNjE4MzIjNjEjJDEjJDgjJDgz,
JDQ4MTYyMiM1MSMkMSMkMCMkOTkkNTgxMzUxIzMxIyQxIyQzIyQ5OSQyNjE4MzIjNjEjJDEjJDgjJDgz,
JDU4MTI3MSM1MSMkMSMkMCMkMTMkNDgxOTYxIzIxIyQxIyQ1IyQwMyQzNjEyMjIjNDEjJDEjJDQjJDgz,
JDU4MTI3MSM1MSMkMSMkMCMkMTMkNDgxOTYxIzIxIyQxIyQ1IyQwMyQzNjEyMjIjNDEjJDEjJDQjJDgz,
JDU4MTI3MSM1MSMkMSMkMCMkOTkkNTgxMzUxIzExIyQxIyQzIyQ3OSQzNjE0ODEjNDEjJDEjJDgjJDgz,
JDU4MTI3MSM1MSMkMSMkMCMkOTkkNTgxMzUxIzExIyQxIyQzIyQ3OSQzNjE0ODEjNDEjJDEjJDgjJDgz,
JDU4MTI3MSM1MSMkMiMkMCMkMDAkMzgxMzUxIzIxIyQyIyQ1IyQwMCQ0NjEwMDIjNTEjJDEjJDYjJDgz,
JDU4MTI3MSM1MSMkMiMkMCMkMDAkMzgxMzUxIzIxIyQyIyQ1IyQwMCQ0NjEwMDIjNTEjJDEjJDYjJDgz,
JDU4MTI3MSM1MSMkMSMkMCMkMTMkNDgxOTYxIzIxIyQyIyQ1IyQwMCQzNjEwMDIjNjEjJDEjJDQjJDgz,
JDU4MTI3MSM1MSMkMSMkMCMkMTMkNDgxOTYxIzIxIyQyIyQ1IyQwMCQzNjEwMDIjNjEjJDEjJDQjJDgz,
JDU4MTI3MSM1MSMkMiMkMCMkMDAkMzgxMzUxIzQxIyQxIyQ3IyQ4OSQ0NjE0ODEjNjEjJDEjJDgjJDgz,
JDU4MTI3MSM1MSMkMiMkMCMkMDAkMzgxMzUxIzQxIyQxIyQ3IyQ4OSQ0NjE0ODEjNjEjJDEjJDgjJDgz,
JDU4MTI3MSM1MSMkMiMkMCMkMDAkMzgxMzUxIzUxIyQyIyQxIyQwMCQzNjE0ODEjNjEjJDEjJDAjJDgz,
JDU4MTI3MSM1MSMkMiMkMCMkMDAkMzgxMzUxIzUxIyQyIyQxIyQwMCQzNjE0ODEjNjEjJDEjJDAjJDgz,
JDU4MTI3MSM1MSMkMiMkMCMkMDAkMzgxMTkxIzQxIyQxIyQ3IyQ3OSQzNjE0ODEjNzEjJDEjJDgjJDgz,
JDU4MTI3MSM1MSMkMiMkMCMkMDAkMzgxMTkxIzQxIyQxIyQ3IyQ3OSQzNjE0ODEjNzEjJDEjJDgjJDgz,
JDU4MTI3MSM1MSMkMiMkMCMkMDAkMzgxNzAyIzIxIyQxIyQxIyQ4MiQzNjE4MzIjODEjJDEjJDYjJDgz,
JDU4MTI3MSM1MSMkMiMkMCMkMDAkMzgxNzAyIzIxIyQxIyQxIyQ4MiQzNjE4MzIjODEjJDEjJDYjJDgz,
JDU4MTI3MSM1MSMkMiMkMCMkMDAkMzgxNzAyIzIxIyQxIyQ5IyQxMyQ0NjEwMDIjNDEjJDEjJDQjJDgz,
JDU4MTI3MSM1MSMkMiMkMCMkMDAkMzgxNzAyIzIxIyQxIyQ5IyQxMyQ0NjEwMDIjNDEjJDEjJDQjJDgz,
JDU4MTI3MSM1MSMkMiMkMCMkMDAkNDgxOTYxIzIxIyQxIyQ5IyQ5MiQyNjE0ODEjNTEjJDEjJDIjJDgz,
JDU4MTI3MSM1MSMkMiMkMCMkMDAkNDgxOTYxIzIxIyQxIyQ5IyQ5MiQyNjE0ODEjNTEjJDEjJDIjJDgz,
JDU4MTI3MSM1MSMkMiMkMCMkMDAkMzgxMzUxIzUxIyQxIyQ1IyQ3MiQyNjE4MzIjNzEjJDEjJDgjJDgz,
JDU4MTI3MSM1MSMkMiMkMCMkMDAkMzgxMzUxIzUxIyQxIyQ1IyQ3MiQyNjE4MzIjNzEjJDEjJDgjJDgz,
JDU4MTI3MSM1MSMkMiMkMCMkMDAkMzgxOTYxIzMxIyQxIyQzIyQ4OSQyNjE0ODEjNTEjJDEjJDYjJDgz,
JDU4MTI3MSM1MSMkMiMkMCMkMDAkMzgxOTYxIzMxIyQxIyQzIyQ4OSQyNjE0ODEjNTEjJDEjJDYjJDgz,
JDU4MTI3MSM1MSMkMiMkMCMkMDAkMzgxOTYxIzUxIyQxIyQxIyQ5MiQyNjEwMDIjNjEjJDEjJDAjJDgz,
JDU4MTI3MSM1MSMkMiMkMCMkMDAkMzgxOTYxIzUxIyQxIyQxIyQ5MiQyNjEwMDIjNjEjJDEjJDAjJDgz,
JDU4MTI3MSM1MSMkMiMkMCMkMDAkMzgxOTYxIzUxIyQxIyQxIyQwMyQyNjE4MzIjODEjJDEjJDIjJDgz,
JDU4MTI3MSM1MSMkMiMkMCMkMDAkMzgxOTYxIzUxIyQxIyQxIyQwMyQyNjE4MzIjODEjJDEjJDIjJDgz,
JDU4MTI3MSM1MSMkMiMkMCMkMDAkMzgxMTkxIzIxIyQxIyQ1IyQxMyQzNjE0ODEjNzEjJDEjJDgjJDgz,
JDU4MTI3MSM1MSMkMiMkMCMkMDAkMzgxMTkxIzIxIyQxIyQ1IyQxMyQzNjE0ODEjNzEjJDEjJDgjJDgz,
JDU4MTI3MSM1MSMkMiMkMCMkMDAkMzgxMTkxIzMxIyQxIyQzIyQ2MiQzNjE4MzIjODEjJDEjJDIjJDgz,
JDU4MTI3MSM1MSMkMiMkMCMkMDAkMzgxMTkxIzMxIyQxIyQzIyQ2MiQzNjE4MzIjODEjJDEjJDIjJDgz,
JDU4MTI3MSM1MSMkMiMkMCMkMDAkNDgxMTkxIzMxIyQxIyQ3IyQ5OSQyNjE4MzIjODEjJDEjJDYjJDgz,
JDU4MTI3MSM1MSMkMiMkMCMkMDAkNDgxMTkxIzMxIyQxIyQ3IyQ5OSQyNjE4MzIjODEjJDEjJDYjJDgz,
JDU4MTI3MSM1MSMkMiMkMCMkMDAkNTgxMzUxIzUxIyQxIyQ1IyQ3MiQyNjE0ODEjNjEjJDEjJDgjJDgz,
JDU4MTI3MSM1MSMkMiMkMCMkMDAkNTgxMzUxIzUxIyQxIyQ1IyQ3MiQyNjE0ODEjNjEjJDEjJDgjJDgz,
JDU4MTI3MSM1MSMkMiMkMCMkMDAkNDgxMTkxIzUxIyQxIyQ1IyQ4OSQzNjE0ODEjODEjJDEjJDYjJDgz,
JDU4MTI3MSM1MSMkMiMkMCMkMDAkNDgxMTkxIzUxIyQxIyQ1IyQ4OSQzNjE0ODEjODEjJDEjJDYjJDgz,
