암호화요양기호,진료종료시간_화요일
JDQ4MTYyMiM1MSMkMSMkMCMkMTMkMzgxMTkxIzExIyQxIyQzIyQ4OSQzNjEyMjIjNDEjJDEjJDgjJDgz,2000.0
JDQ4MTYyMiM1MSMkMSMkMCMkMTMkMzgxMTkxIzIxIyQxIyQxIyQ3MiQyNjE0ODEjNTEjJDEjJDYjJDgz,2100.0
JDQ4MTYyMiM1MSMkMSMkMCMkMTMkMzgxMTkxIzIxIyQyIyQ5IyQwMCQyNjEyMjIjODEjJDEjJDIjJDgz,2030.0
JDQ4MTYyMiM1MSMkMSMkMCMkMTMkMzgxNzAyIzExIyQxIyQzIyQxMyQzNjEyMjIjNjEjJDEjJDAjJDgz,1900.0
JDQ4MTYyMiM1MSMkMSMkMCMkMTMkMzgxNzAyIzIxIyQxIyQ1IyQ3MiQzNjEwMDIjNjEjJDEjJDgjJDgz,1800.0
JDQ4MTYyMiM1MSMkMSMkMCMkMTMkMzgxNzAyIzIxIyQxIyQ1IyQxMyQzNjEwMDIjNjEjJDEjJDQjJDgz,1900.0
JDQ4MTYyMiM1MSMkMSMkMCMkMTMkMzgxNzAyIzMxIyQxIyQ3IyQ3OSQzNjEyMjIjNzEjJDEjJDgjJDgz,1800.0
JDQ4MTYyMiM1MSMkMSMkMCMkMTMkMzgxNzAyIzQxIyQxIyQ3IyQ2MiQyNjEwMDIjNDEjJDEjJDgjJDgz,1800.0
JDQ4MTYyMiM1MSMkMSMkMCMkMTMkMzgxNzAyIzQxIyQxIyQ3IyQ3OSQ0NjE0ODEjNDEjJDEjJDQjJDgz,1800.0
JDQ4MTYyMiM1MSMkMSMkMCMkMTMkMzgxNzAyIzQxIyQxIyQ3IyQ5MiQzNjE0ODEjODEjJDEjJDIjJDgz,1930.0
JDQ4MTYyMiM1MSMkMSMkMCMkMTMkMzgxNzAyIzQxIyQyIyQ3IyQwMCQzNjEwMDIjNzEjJDEjJDgjJDgz,1830.0
JDQ4MTYyMiM1MSMkMSMkMCMkMTMkMzgxNzAyIzUxIyQxIyQ1IyQ5OSQzNjEwMDIjNTEjJDEjJDIjJDgz,
JDQ4MTYyMiM1MSMkMSMkMCMkMTMkMzgxNzAyIzUxIyQxIyQxIyQxMyQ0NjEwMDIjNDEjJDEjJDQjJDgz,2000.0
JDQ4MTYyMiM1MSMkMSMkMCMkMTMkNDgxMTkxIzExIyQxIyQzIyQ3OSQyNjE0ODEjNjEjJDEjJDgjJDgz,1830.0
JDQ4MTYyMiM1MSMkMSMkMCMkMTMkNDgxMTkxIzExIyQxIyQzIyQ5OSQzNjEyMjIjNDEjJDEjJDQjJDgz,1800.0
JDQ4MTYyMiM1MSMkMSMkMCMkMTMkNDgxMTkxIzExIyQyIyQ3IyQwMCQyNjE4MzIjODEjJDEjJDYjJDgz,2000.0
JDQ4MTYyMiM1MSMkMSMkMCMkMTMkNDgxMTkxIzIxIyQxIyQ1IyQ4MiQzNjEyMjIjODEjJDEjJDIjJDgz,2000.0
JDQ4MTYyMiM1MSMkMSMkMCMkMTMkNDgxMTkxIzIxIyQxIyQ1IyQxMyQ0NjE0ODEjNjEjJDEjJDgjJDgz,1900.0
JDQ4MTYyMiM1MSMkMSMkMCMkMTMkNDgxMTkxIzIxIyQxIyQ5IyQ3MiQzNjE0ODEjNDEjJDEjJDgjJDgz,1900.0
JDQ4MTYyMiM1MSMkMSMkMCMkMTMkNDgxMTkxIzIxIyQxIyQ5IyQ5OSQyNjEwMDIjNjEjJDEjJDAjJDgz,1900.0
JDQ4MTYyMiM1MSMkMSMkMCMkMTMkNDgxMTkxIzIxIyQxIyQxIyQ2MiQ0NjE0ODEjNTEjJDEjJDYjJDgz,1800.0
JDQ4MTYyMiM1MSMkMSMkMCMkMTMkNDgxMTkxIzMxIyQxIyQ3IyQ3OSQ0NjEwMDIjODEjJDEjJDIjJDgz,
JDQ4MTYyMiM1MSMkMSMkMCMkMTMkNDgxMTkxIzMxIyQxIyQ3IyQ4OSQ0NjEwMDIjNjEjJDEjJDQjJDgz,1830.0
JDQ4MTYyMiM1MSMkMSMkMCMkMTMkNDgxMTkxIzMxIyQxIyQ3IyQxMyQ0NjE0ODEjNjEjJDEjJDQjJDgz,1900.0
JDQ4MTYyMiM1MSMkMSMkMCMkMTMkNDgxMTkxIzMxIyQxIyQ3IyQxMyQyNjEyMjIjNjEjJDEjJDgjJDgz,1900.0
JDQ4MTYyMiM1MSMkMSMkMCMkMTMkNDgxMTkxIzMxIyQxIyQzIyQ5MiQ0NjEwMDIjNTEjJDEjJDIjJDgz,1900.0
JDQ4MTYyMiM1MSMkMSMkMCMkMTMkNDgxMTkxIzUxIyQxIyQ1IyQ5MiQyNjEwMDIjNTEjJDEjJDIjJDgz,1900.0
JDQ4MTYyMiM1MSMkMSMkMCMkMTMkNDgxMTkxIzUxIyQxIyQxIyQwMyQzNjE4MzIjNTEjJDEjJDIjJDgz,1900.0
JDQ4MTYyMiM1MSMkMSMkMCMkMTMkNDgxMzUxIzExIyQxIyQzIyQ4OSQ0NjEwMDIjNjEjJDEjJDgjJDgz,
JDQ4MTYyMiM1MSMkMSMkMCMkMTMkNDgxMzUxIzExIyQyIyQzIyQwMCQyNjE4MzIjNDEjJDEjJDgjJDgz,1800.0
JDQ4MTYyMiM1MSMkMSMkMCMkMTMkNDgxMzUxIzIxIyQxIyQ1IyQxMyQzNjE0ODEjNTEjJDEjJDIjJDgz,2000.0
JDQ4MTYyMiM1MSMkMSMkMCMkMTMkNDgxMzUxIzMxIyQxIyQ3IyQ3MiQyNjE4MzIjNjEjJDEjJDAjJDgz,1900.0
JDQ4MTYyMiM1MSMkMSMkMCMkMTMkNDgxMzUxIzMxIyQxIyQ3IyQ4MiQyNjE4MzIjNDEjJDEjJDgjJDgz,1900.0
JDQ4MTYyMiM1MSMkMSMkMCMkMTMkNDgxMzUxIzMxIyQxIyQzIyQxMyQ0NjEwMDIjNjEjJDEjJDgjJDgz,
JDQ4MTYyMiM1MSMkMSMkMCMkMTMkNDgxMzUxIzQxIyQxIyQ3IyQ3MiQyNjEyMjIjNTEjJDEjJDIjJDgz,1900.0
JDQ4MTYyMiM1MSMkMSMkMCMkMTMkNDgxMzUxIzUxIyQxIyQ1IyQ3OSQyNjE0ODEjNTEjJDEjJDIjJDgz,2100.0
JDQ4MTYyMiM1MSMkMSMkMCMkMTMkNDgxNzAyIzExIyQxIyQ3IyQ4MiQyNjEyMjIjODEjJDEjJDIjJDgz,1900.0
JDQ4MTYyMiM1MSMkMSMkMCMkMTMkNDgxNzAyIzExIyQyIyQzIyQwMCQzNjE4MzIjNDEjJDEjJDgjJDgz,2000.0
JDQ4MTYyMiM1MSMkMSMkMCMkMTMkNDgxNzAyIzIxIyQxIyQ1IyQ3MiQzNjEyMjIjNjEjJDEjJDgjJDgz,1900.0
JDQ4MTYyMiM1MSMkMSMkMCMkMTMkNDgxNzAyIzIxIyQyIyQxIyQwMCQyNjE0ODEjNjEjJDEjJDgjJDgz,1900.0
JDQ4MTYyMiM1MSMkMSMkMCMkMTMkNDgxNzAyIzMxIyQxIyQ3IyQ5MiQzNjE0ODEjNTEjJDEjJDYjJDgz,2000.0
JDQ4MTYyMiM1MSMkMSMkMCMkMTMkNDgxNzAyIzMxIyQxIyQ3IyQwMyQyNjE0ODEjODEjJDEjJDIjJDgz,2100.0
JDQ4MTYyMiM1MSMkMSMkMCMkMTMkNDgxNzAyIzUxIyQxIyQ1IyQ4OSQzNjE4MzIjNTEjJDEjJDYjJDgz,1900.0
JDQ4MTYyMiM1MSMkMSMkMCMkMTMkNDgxNzAyIzUxIyQxIyQ1IyQ5OSQzNjEwMDIjNjEjJDEjJDAjJDgz,
JDQ4MTYyMiM1MSMkMSMkMCMkMTMkNDgxNzAyIzUxIyQxIyQxIyQxMyQyNjE4MzIjNTEjJDEjJDIjJDgz,1930.0
JDQ4MTYyMiM1MSMkMSMkMCMkMTMkNDgxNzAyIzUxIyQyIyQ1IyQwMCQyNjEwMDIjODEjJDEjJDYjJDgz,1900.0
JDQ4MTYyMiM1MSMkMSMkMCMkMTMkNDgxOTYxIzExIyQxIyQzIyQ2MiQzNjEwMDIjNDEjJDEjJDgjJDgz,1600.0
JDQ4MTYyMiM1MSMkMSMkMCMkMTMkNDgxOTYxIzExIyQxIyQzIyQxMyQ0NjEwMDIjNDEjJDEjJDQjJDgz,1730.0
JDQ4MTYyMiM1MSMkMSMkMCMkMTMkNDgxOTYxIzIxIyQxIyQ1IyQ2MiQzNjE0ODEjNDEjJDEjJDgjJDgz,
JDQ4MTYyMiM1MSMkMSMkMCMkMTMkNDgxOTYxIzIxIyQxIyQ1IyQ4MiQyNjE0ODEjNTEjJDEjJDYjJDgz,1900.0
JDQ4MTYyMiM1MSMkMSMkMCMkMTMkNDgxOTYxIzIxIyQxIyQ1IyQwMyQzNjE0ODEjNDEjJDEjJDgjJDgz,1930.0
JDQ4MTYyMiM1MSMkMSMkMCMkMTMkNDgxOTYxIzIxIyQxIyQ5IyQ3MiQyNjE4MzIjNzEjJDEjJDgjJDgz,1800.0
JDQ4MTYyMiM1MSMkMSMkMCMkMTMkNDgxOTYxIzIxIyQxIyQxIyQ3MiQzNjEyMjIjODEjJDEjJDYjJDgz,1800.0
JDQ4MTYyMiM1MSMkMSMkMCMkMTMkNDgxOTYxIzMxIyQxIyQzIyQ2MiQzNjE0ODEjNjEjJDEjJDAjJDgz,1900.0
JDQ4MTYyMiM1MSMkMSMkMCMkMTMkNDgxOTYxIzUxIyQxIyQ1IyQ4OSQ0NjE0ODEjNDEjJDEjJDgjJDgz,2100.0
JDQ4MTYyMiM1MSMkMSMkMCMkMTMkNDgxOTYxIzUxIyQxIyQ1IyQwMyQzNjE0ODEjODEjJDEjJDYjJDgz,
JDQ4MTYyMiM1MSMkMSMkMCMkMTMkNDgxOTYxIzUxIyQxIyQxIyQ2MiQzNjE0ODEjNTEjJDEjJDYjJDgz,1900.0
JDQ4MTYyMiM1MSMkMSMkMCMkMTMkNDgxOTYxIzUxIyQxIyQxIyQ4MiQyNjE4MzIjNDEjJDEjJDQjJDgz,1800.0
JDQ4MTYyMiM1MSMkMSMkMCMkNzIkMzgxMTkxIzExIyQxIyQ3IyQ5MiQzNjE4MzIjNDEjJDEjJDgjJDgz,1800.0
JDQ4MTYyMiM1MSMkMSMkMCMkNzIkMzgxMTkxIzExIyQxIyQzIyQ5OSQ0NjE0ODEjNjEjJDEjJDgjJDgz,1830.0
JDQ4MTYyMiM1MSMkMSMkMCMkNzIkMzgxMTkxIzExIyQyIyQzIyQwMCQ0NjE0ODEjNTEjJDEjJDYjJDgz,
JDQ4MTYyMiM1MSMkMSMkMCMkNzIkMzgxMTkxIzIxIyQxIyQ1IyQ3MiQzNjE0ODEjNjEjJDEjJDAjJDgz,1800.0
JDQ4MTYyMiM1MSMkMSMkMCMkNzIkMzgxMTkxIzIxIyQxIyQ1IyQ4MiQyNjE0ODEjODEjJDEjJDYjJDgz,1830.0
JDQ4MTYyMiM1MSMkMSMkMCMkNzIkMzgxMTkxIzIxIyQxIyQxIyQ3MiQyNjE4MzIjNDEjJDEjJDQjJDgz,1800.0
JDQ4MTYyMiM1MSMkMSMkMCMkNzIkMzgxMTkxIzIxIyQxIyQxIyQ4OSQyNjEyMjIjNTEjJDEjJDIjJDgz,1830.0
JDQ4MTYyMiM1MSMkMSMkMCMkNzIkMzgxMTkxIzMxIyQxIyQ3IyQ2MiQyNjE4MzIjODEjJDEjJDIjJDgz,1900.0
JDQ4MTYyMiM1MSMkMSMkMCMkNzIkMzgxMTkxIzMxIyQxIyQ3IyQ4OSQzNjE0ODEjNjEjJDEjJDAjJDgz,1830.0
JDQ4MTYyMiM1MSMkMSMkMCMkNzIkMzgxMTkxIzMxIyQxIyQzIyQwMyQyNjEwMDIjNjEjJDEjJDAjJDgz,1830.0
JDQ4MTYyMiM1MSMkMSMkMCMkNzIkMzgxMTkxIzQxIyQxIyQ3IyQ2MiQzNjE0ODEjNTEjJDEjJDIjJDgz,1800.0
JDQ4MTYyMiM1MSMkMSMkMCMkNzIkMzgxMTkxIzQxIyQxIyQ3IyQ5MiQyNjE4MzIjNjEjJDEjJDgjJDgz,1830.0
JDQ4MTYyMiM1MSMkMSMkMCMkNzIkMzgxMTkxIzQxIyQyIyQ3IyQwMCQyNjE4MzIjNzEjJDEjJDgjJDgz,1830.0
JDQ4MTYyMiM1MSMkMSMkMCMkNzIkMzgxMTkxIzUxIyQxIyQ1IyQ4OSQyNjE0ODEjNDEjJDEjJDgjJDgz,2030.0
JDQ4MTYyMiM1MSMkMSMkMCMkNzIkMzgxMTkxIzUxIyQxIyQ1IyQ5MiQyNjEyMjIjNDEjJDEjJDgjJDgz,1830.0
JDQ4MTYyMiM1MSMkMSMkMCMkNzIkMzgxMTkxIzUxIyQxIyQ1IyQwMyQyNjEyMjIjODEjJDEjJDIjJDgz,630.0
JDQ4MTYyMiM1MSMkMSMkMCMkNzIkMzgxMzUxIzExIyQxIyQ3IyQ4MiQyNjE0ODEjNjEjJDEjJDQjJDgz,1800.0
JDQ4MTYyMiM1MSMkMSMkMCMkNzIkMzgxMzUxIzExIyQxIyQ3IyQ5OSQ0NjEwMDIjNDEjJDEjJDQjJDgz,2100.0
JDQ4MTYyMiM1MSMkMSMkMCMkNzIkMzgxMzUxIzIxIyQxIyQ5IyQ4OSQ0NjE0ODEjNTEjJDEjJDYjJDgz,1700.0
JDQ4MTYyMiM1MSMkMSMkMCMkNzIkMzgxMzUxIzIxIyQxIyQxIyQ3MiQyNjE0ODEjNjEjJDEjJDAjJDgz,1830.0
JDQ4MTYyMiM1MSMkMSMkMCMkNzIkMzgxMzUxIzMxIyQxIyQzIyQ5MiQzNjEyMjIjNzEjJDEjJDgjJDgz,1830.0
JDQ4MTYyMiM1MSMkMSMkMCMkNzIkMzgxMzUxIzMxIyQyIyQzIyQwMCQ0NjEwMDIjNTEjJDEjJDIjJDgz,1810.0
JDQ4MTYyMiM1MSMkMSMkMCMkNzIkMzgxMzUxIzQxIyQxIyQ3IyQxMyQyNjE4MzIjNDEjJDEjJDQjJDgz,1830.0
JDQ4MTYyMiM1MSMkMSMkMCMkNzIkMzgxMzUxIzQxIyQxIyQ3IyQxMyQzNjEwMDIjNjEjJDEjJDgjJDgz,1800.0
JDQ4MTYyMiM1MSMkMSMkMCMkNzIkMzgxMzUxIzUxIyQxIyQ1IyQwMyQzNjE0ODEjNTEjJDEjJDYjJDgz,630.0
JDQ4MTYyMiM1MSMkMSMkMCMkNzIkMzgxMzUxIzUxIyQxIyQxIyQwMyQyNjE0ODEjNjEjJDEjJDAjJDgz,1800.0
JDQ4MTYyMiM1MSMkMSMkMCMkNzIkMzgxNzAyIzExIyQxIyQ3IyQ2MiQ0NjE0ODEjNTEjJDEjJDIjJDgz,2100.0
JDQ4MTYyMiM1MSMkMSMkMCMkNzIkMzgxNzAyIzExIyQxIyQ3IyQ3OSQyNjEyMjIjNjEjJDEjJDAjJDgz,1830.0
JDQ4MTYyMiM1MSMkMSMkMCMkNzIkMzgxNzAyIzExIyQxIyQzIyQ2MiQyNjEyMjIjNzEjJDEjJDgjJDgz,2100.0
JDQ4MTYyMiM1MSMkMSMkMCMkNzIkMzgxNzAyIzExIyQxIyQzIyQ3OSQyNjE0ODEjNDEjJDEjJDgjJDgz,1830.0
JDQ4MTYyMiM1MSMkMSMkMCMkNzIkMzgxNzAyIzIxIyQxIyQ1IyQ4OSQyNjE4MzIjNTEjJDEjJDIjJDgz,1830.0
JDQ4MTYyMiM1MSMkMSMkMCMkNzIkMzgxNzAyIzIxIyQxIyQ5IyQ4MiQ0NjE0ODEjNjEjJDEjJDgjJDgz,1830.0
JDQ4MTYyMiM1MSMkMSMkMCMkNzIkMzgxNzAyIzIxIyQxIyQ5IyQ5OSQ0NjE0ODEjNzEjJDEjJDgjJDgz,1800.0
JDQ4MTYyMiM1MSMkMSMkMCMkNzIkMzgxNzAyIzMxIyQxIyQ3IyQwMyQzNjE0ODEjNDEjJDEjJDgjJDgz,
JDQ4MTYyMiM1MSMkMSMkMCMkNzIkMzgxNzAyIzMxIyQxIyQ3IyQxMyQyNjEyMjIjNDEjJDEjJDgjJDgz,630.0
JDQ4MTYyMiM1MSMkMSMkMCMkNzIkMzgxNzAyIzQxIyQyIyQ3IyQwMCQyNjEwMDIjNjEjJDEjJDgjJDgz,1830.0
JDQ4MTYyMiM1MSMkMSMkMCMkNzIkMzgxNzAyIzUxIyQxIyQxIyQxMyQ0NjE0ODEjNTEjJDEjJDYjJDgz,1900.0
JDQ4MTYyMiM1MSMkMSMkMCMkNzIkMzgxOTYxIzIxIyQxIyQ1IyQ2MiQyNjEwMDIjNzEjJDEjJDgjJDgz,1800.0
JDQ4MTYyMiM1MSMkMSMkMCMkNzIkMzgxOTYxIzIxIyQxIyQ1IyQwMyQzNjE0ODEjNDEjJDEjJDgjJDgz,1830.0
JDQ4MTYyMiM1MSMkMSMkMCMkNzIkMzgxOTYxIzIxIyQxIyQ1IyQxMyQzNjEwMDIjNjEjJDEjJDgjJDgz,1800.0
JDQ4MTYyMiM1MSMkMSMkMCMkNzIkMzgxOTYxIzIxIyQxIyQ5IyQ3MiQzNjEyMjIjNDEjJDEjJDgjJDgz,1800.0
JDQ4MTYyMiM1MSMkMSMkMCMkNzIkMzgxOTYxIzIxIyQxIyQ5IyQ4MiQ0NjEwMDIjNTEjJDEjJDYjJDgz,
JDQ4MTYyMiM1MSMkMSMkMCMkNzIkMzgxOTYxIzIxIyQxIyQ5IyQwMyQyNjEwMDIjNTEjJDEjJDIjJDgz,
JDQ4MTYyMiM1MSMkMSMkMCMkNzIkMzgxOTYxIzMxIyQxIyQ3IyQwMyQzNjEyMjIjNjEjJDEjJDgjJDgz,1830.0
JDQ4MTYyMiM1MSMkMSMkMCMkNzIkMzgxOTYxIzMxIyQxIyQzIyQ3OSQyNjEyMjIjODEjJDEjJDYjJDgz,
JDQ4MTYyMiM1MSMkMSMkMCMkNzIkMzgxOTYxIzMxIyQxIyQzIyQxMyQzNjEwMDIjODEjJDEjJDYjJDgz,1830.0
JDQ4MTYyMiM1MSMkMSMkMCMkNzIkMzgxOTYxIzMxIyQyIyQzIyQwMCQyNjE4MzIjODEjJDEjJDYjJDgz,1800.0
JDQ4MTYyMiM1MSMkMSMkMCMkNzIkMzgxOTYxIzQxIyQxIyQ3IyQ3OSQzNjE4MzIjNTEjJDEjJDIjJDgz,1830.0
JDQ4MTYyMiM1MSMkMSMkMCMkNzIkMzgxOTYxIzQxIyQxIyQ3IyQ5OSQzNjEyMjIjODEjJDEjJDYjJDgz,1830.0
JDQ4MTYyMiM1MSMkMSMkMCMkNzIkMzgxOTYxIzUxIyQxIyQ1IyQ5OSQ0NjEwMDIjNjEjJDEjJDgjJDgz,
JDQ4MTYyMiM1MSMkMSMkMCMkNzIkMzgxOTYxIzUxIyQxIyQ1IyQwMyQ0NjE0ODEjNDEjJDEjJDgjJDgz,1850.0
JDQ4MTYyMiM1MSMkMSMkMCMkNzIkMzgxOTYxIzUxIyQxIyQxIyQ2MiQzNjE4MzIjODEjJDEjJDIjJDgz,
JDQ4MTYyMiM1MSMkMSMkMCMkNzIkMzgxOTYxIzUxIyQxIyQxIyQ4MiQyNjE0ODEjNjEjJDEjJDQjJDgz,1830.0
JDQ4MTYyMiM1MSMkMSMkMCMkNzIkNDgxMTkxIzExIyQxIyQ3IyQ4OSQ0NjE0ODEjNzEjJDEjJDgjJDgz,1950.0
JDQ4MTYyMiM1MSMkMSMkMCMkNzIkNDgxMTkxIzExIyQxIyQ3IyQ5MiQyNjEwMDIjNTEjJDEjJDYjJDgz,1830.0
JDQ4MTYyMiM1MSMkMSMkMCMkNzIkNDgxMTkxIzExIyQxIyQ3IyQ5OSQzNjEyMjIjODEjJDEjJDIjJDgz,1830.0
JDQ4MTYyMiM1MSMkMSMkMCMkNzIkNDgxMTkxIzExIyQxIyQzIyQ4OSQyNjEyMjIjNDEjJDEjJDgjJDgz,1800.0
JDQ4MTYyMiM1MSMkMSMkMCMkNzIkNDgxMTkxIzExIyQxIyQzIyQ5OSQyNjEwMDIjNDEjJDEjJDgjJDgz,2100.0
JDQ4MTYyMiM1MSMkMSMkMCMkNzIkNDgxMTkxIzIxIyQxIyQ1IyQ4OSQzNjE4MzIjNDEjJDEjJDgjJDgz,1900.0
JDQ4MTYyMiM1MSMkMSMkMCMkNzIkNDgxMTkxIzIxIyQxIyQ1IyQ5OSQyNjEyMjIjODEjJDEjJDIjJDgz,1900.0
JDQ4MTYyMiM1MSMkMSMkMCMkNzIkNDgxMTkxIzIxIyQxIyQ5IyQ3OSQyNjE0ODEjNTEjJDEjJDYjJDgz,
JDQ4MTYyMiM1MSMkMSMkMCMkNzIkNDgxMTkxIzIxIyQxIyQ5IyQwMyQ0NjEwMDIjNjEjJDEjJDQjJDgz,1830.0
JDQ4MTYyMiM1MSMkMSMkMCMkNzIkNDgxMTkxIzIxIyQxIyQxIyQ3OSQzNjE4MzIjODEjJDEjJDIjJDgz,1900.0
JDQ4MTYyMiM1MSMkMSMkMCMkNzIkNDgxMTkxIzIxIyQxIyQxIyQ5MiQzNjEwMDIjNTEjJDEjJDIjJDgz,1830.0
JDQ4MTYyMiM1MSMkMSMkMCMkNzIkNDgxMTkxIzMxIyQxIyQzIyQ4OSQyNjE4MzIjNDEjJDEjJDgjJDgz,1830.0
JDQ4MTYyMiM1MSMkMSMkMCMkNzIkNDgxMTkxIzMxIyQxIyQzIyQ5MiQzNjE0ODEjNTEjJDEjJDYjJDgz,1900.0
JDQ4MTYyMiM1MSMkMSMkMCMkNzIkNDgxMTkxIzMxIyQyIyQzIyQwMCQzNjE4MzIjODEjJDEjJDYjJDgz,1900.0
JDQ4MTYyMiM1MSMkMSMkMCMkNzIkNDgxMTkxIzQxIyQxIyQ3IyQ5OSQyNjE0ODEjNzEjJDEjJDgjJDgz,1900.0
JDQ4MTYyMiM1MSMkMSMkMCMkNzIkNDgxMTkxIzQxIyQxIyQ3IyQwMyQyNjEyMjIjNzEjJDEjJDgjJDgz,1900.0
JDQ4MTYyMiM1MSMkMSMkMCMkNzIkNDgxMzUxIzExIyQxIyQ3IyQ5MiQ0NjE0ODEjNDEjJDEjJDQjJDgz,1800.0
JDQ4MTYyMiM1MSMkMSMkMCMkNzIkNDgxMzUxIzExIyQxIyQ3IyQwMyQyNjEwMDIjNDEjJDEjJDQjJDgz,1830.0
JDQ4MTYyMiM1MSMkMSMkMCMkNzIkNDgxMzUxIzExIyQxIyQzIyQ2MiQyNjE4MzIjNDEjJDEjJDgjJDgz,1800.0
JDQ4MTYyMiM1MSMkMSMkMCMkNzIkNDgxMzUxIzExIyQxIyQzIyQ3OSQzNjEyMjIjNjEjJDEjJDgjJDgz,1900.0
JDQ4MTYyMiM1MSMkMSMkMCMkNzIkNDgxMzUxIzExIyQxIyQzIyQ5MiQ0NjEwMDIjNDEjJDEjJDgjJDgz,1900.0
JDQ4MTYyMiM1MSMkMSMkMCMkNzIkNDgxMzUxIzExIyQyIyQzIyQwMCQyNjE4MzIjNTEjJDEjJDYjJDgz,1830.0
JDQ4MTYyMiM1MSMkMSMkMCMkNzIkNDgxMzUxIzIxIyQxIyQ1IyQwMyQ0NjE0ODEjNDEjJDEjJDQjJDgz,1740.0
JDQ4MTYyMiM1MSMkMSMkMCMkNzIkNDgxMzUxIzIxIyQxIyQ1IyQxMyQyNjE0ODEjNDEjJDEjJDgjJDgz,1830.0
JDQ4MTYyMiM1MSMkMSMkMCMkNzIkNDgxMzUxIzIxIyQxIyQxIyQ3OSQyNjEyMjIjNjEjJDEjJDgjJDgz,2000.0
JDQ4MTYyMiM1MSMkMSMkMCMkNzIkNDgxMzUxIzIxIyQxIyQxIyQ4OSQzNjEwMDIjODEjJDEjJDIjJDgz,
JDQ4MTYyMiM1MSMkMSMkMCMkNzIkNDgxMzUxIzMxIyQyIyQ3IyQwMCQ0NjE0ODEjNTEjJDEjJDIjJDgz,1900.0
JDQ4MTYyMiM1MSMkMSMkMCMkNzIkNDgxMzUxIzMxIyQyIyQ3IyQwMCQyNjEyMjIjNTEjJDEjJDYjJDgz,1830.0
JDQ4MTYyMiM1MSMkMSMkMCMkNzIkNDgxMzUxIzQxIyQxIyQ3IyQxMyQzNjEyMjIjNjEjJDEjJDgjJDgz,1830.0
JDQ4MTYyMiM1MSMkMSMkMCMkNzIkNDgxMzUxIzUxIyQxIyQ1IyQ4MiQzNjEwMDIjODEjJDEjJDYjJDgz,1830.0
JDQ4MTYyMiM1MSMkMSMkMCMkNzIkNDgxMzUxIzUxIyQxIyQ1IyQ5OSQyNjEyMjIjNjEjJDEjJDQjJDgz,1830.0
JDQ4MTYyMiM1MSMkMSMkMCMkNzIkNDgxNzAyIzExIyQxIyQzIyQ3MiQzNjEyMjIjODEjJDEjJDYjJDgz,1800.0
JDQ4MTYyMiM1MSMkMSMkMCMkNzIkNDgxNzAyIzExIyQxIyQzIyQxMyQ0NjEwMDIjNTEjJDEjJDIjJDgz,1830.0
JDQ4MTYyMiM1MSMkMSMkMCMkNzIkNDgxNzAyIzIxIyQxIyQ1IyQ5OSQyNjEwMDIjNjEjJDEjJDQjJDgz,1830.0
JDQ4MTYyMiM1MSMkMSMkMCMkNzIkNDgxNzAyIzIxIyQxIyQxIyQwMyQ0NjEwMDIjODEjJDEjJDIjJDgz,
JDQ4MTYyMiM1MSMkMSMkMCMkNzIkNDgxNzAyIzIxIyQyIyQ5IyQwMCQ0NjE0ODEjNjEjJDEjJDgjJDgz,2030.0
JDQ4MTYyMiM1MSMkMSMkMCMkNzIkNDgxNzAyIzUxIyQxIyQ1IyQ3OSQ0NjE0ODEjNjEjJDEjJDgjJDgz,1900.0
JDQ4MTYyMiM1MSMkMSMkMCMkNzIkNDgxNzAyIzUxIyQxIyQ1IyQxMyQzNjEyMjIjNjEjJDEjJDQjJDgz,1830.0
JDQ4MTYyMiM1MSMkMSMkMCMkNzIkNDgxNzAyIzUxIyQxIyQxIyQ4MiQzNjE0ODEjNDEjJDEjJDgjJDgz,1900.0
JDQ4MTYyMiM1MSMkMSMkMCMkNzIkNDgxNzAyIzUxIyQxIyQxIyQ4OSQzNjE0ODEjNjEjJDEjJDAjJDgz,1900.0
JDQ4MTYyMiM1MSMkMSMkMCMkNzIkNDgxOTYxIzExIyQxIyQ3IyQwMyQzNjEwMDIjODEjJDEjJDIjJDgz,
JDQ4MTYyMiM1MSMkMSMkMCMkNzIkNDgxOTYxIzExIyQxIyQzIyQ2MiQzNjE4MzIjODEjJDEjJDYjJDgz,1830.0
JDQ4MTYyMiM1MSMkMSMkMCMkNzIkNDgxOTYxIzIxIyQxIyQ1IyQ3OSQzNjE4MzIjODEjJDEjJDYjJDgz,1800.0
JDQ4MTYyMiM1MSMkMSMkMCMkNzIkNDgxOTYxIzIxIyQxIyQxIyQ3OSQzNjE4MzIjNTEjJDEjJDIjJDgz,1900.0
JDQ4MTYyMiM1MSMkMSMkMCMkNzIkNDgxOTYxIzIxIyQxIyQxIyQ5MiQ0NjEwMDIjNDEjJDEjJDQjJDgz,1900.0
JDQ4MTYyMiM1MSMkMSMkMCMkNzIkNDgxOTYxIzIxIyQyIyQ1IyQwMCQzNjEyMjIjNTEjJDEjJDIjJDgz,1900.0
JDQ4MTYyMiM1MSMkMSMkMCMkNzIkNDgxOTYxIzMxIyQxIyQ3IyQ4MiQzNjE0ODEjNzEjJDEjJDgjJDgz,1830.0
JDQ4MTYyMiM1MSMkMSMkMCMkNzIkNDgxOTYxIzQxIyQxIyQ3IyQ2MiQyNjEwMDIjNjEjJDEjJDAjJDgz,2030.0
JDQ4MTYyMiM1MSMkMSMkMCMkNzIkNDgxOTYxIzQxIyQxIyQ3IyQ5MiQyNjE4MzIjNTEjJDEjJDIjJDgz,1800.0
JDQ4MTYyMiM1MSMkMSMkMCMkNzIkNDgxOTYxIzQxIyQxIyQ3IyQxMyQyNjE4MzIjNzEjJDEjJDgjJDgz,
JDQ4MTYyMiM1MSMkMSMkMCMkNzIkNDgxOTYxIzUxIyQxIyQ1IyQ3MiQ0NjE0ODEjNDEjJDEjJDgjJDgz,1830.0
JDQ4MTYyMiM1MSMkMSMkMCMkNzIkNDgxOTYxIzUxIyQxIyQ1IyQ4OSQ0NjEwMDIjNDEjJDEjJDgjJDgz,1800.0
JDQ4MTYyMiM1MSMkMSMkMCMkNzIkNDgxOTYxIzUxIyQxIyQxIyQ3MiQzNjEwMDIjNDEjJDEjJDgjJDgz,
JDQ4MTYyMiM1MSMkMSMkMCMkNzIkNDgxOTYxIzUxIyQxIyQxIyQ4OSQ0NjEwMDIjNjEjJDEjJDAjJDgz,1800.0
JDQ4MTYyMiM1MSMkMSMkMCMkNzIkNTgxMzUxIzIxIyQxIyQ1IyQ5MiQyNjE4MzIjNTEjJDEjJDYjJDgz,2030.0
JDQ4MTYyMiM1MSMkMSMkMCMkNzIkNTgxMzUxIzIxIyQxIyQ1IyQ5MiQyNjEyMjIjNjEjJDEjJDQjJDgz,2100.0
JDQ4MTYyMiM1MSMkMSMkMCMkNzIkNTgxMzUxIzIxIyQxIyQ1IyQxMyQyNjE4MzIjODEjJDEjJDIjJDgz,1830.0
JDQ4MTYyMiM1MSMkMSMkMCMkNzIkNTgxMzUxIzIxIyQxIyQ5IyQ3OSQ0NjEwMDIjODEjJDEjJDIjJDgz,2030.0
JDQ4MTYyMiM1MSMkMSMkMCMkNzIkNTgxMzUxIzIxIyQxIyQ5IyQwMyQyNjEyMjIjODEjJDEjJDYjJDgz,2100.0
JDQ4MTYyMiM1MSMkMSMkMCMkNzIkNTgxMzUxIzIxIyQxIyQ5IyQxMyQzNjEyMjIjODEjJDEjJDYjJDgz,1830.0
JDQ4MTYyMiM1MSMkMSMkMCMkNzIkNTgxMzUxIzIxIyQxIyQxIyQ5OSQ0NjEwMDIjNDEjJDEjJDQjJDgz,1800.0
JDQ4MTYyMiM1MSMkMSMkMCMkNzIkNTgxMzUxIzMxIyQxIyQ3IyQ4MiQyNjEyMjIjNzEjJDEjJDgjJDgz,1830.0
JDQ4MTYyMiM1MSMkMSMkMCMkNzIkNTgxMzUxIzUxIyQxIyQ1IyQ5OSQzNjEyMjIjNDEjJDEjJDQjJDgz,1900.0
JDQ4MTYyMiM1MSMkMSMkMCMkNzIkNTgxOTYxIzExIyQxIyQ3IyQ4MiQ0NjEwMDIjODEjJDEjJDIjJDgz,1830.0
JDQ4MTYyMiM1MSMkMSMkMCMkNzIkNTgxOTYxIzExIyQxIyQ3IyQ4OSQyNjEyMjIjNjEjJDEjJDAjJDgz,1830.0
JDQ4MTYyMiM1MSMkMSMkMCMkNzIkNTgxOTYxIzExIyQxIyQ3IyQwMyQyNjE0ODEjODEjJDEjJDYjJDgz,1800.0
JDQ4MTYyMiM1MSMkMSMkMCMkNzIkNTgxOTYxIzExIyQxIyQ3IyQwMyQzNjE4MzIjNjEjJDEjJDgjJDgz,
JDQ4MTYyMiM1MSMkMSMkMCMkNzIkNTgxOTYxIzExIyQxIyQzIyQ5OSQ0NjE0ODEjNjEjJDEjJDAjJDgz,1900.0
JDQ4MTYyMiM1MSMkMSMkMCMkNzIkNTgxOTYxIzIxIyQxIyQxIyQ5MiQyNjE4MzIjNTEjJDEjJDIjJDgz,1830.0
JDQ4MTYyMiM1MSMkMSMkMCMkODkkMzgxMzUxIzExIyQxIyQ3IyQ3OSQzNjE0ODEjNjEjJDEjJDgjJDgz,1730.0
JDQ4MTYyMiM1MSMkMSMkMCMkODkkMzgxMzUxIzExIyQxIyQzIyQ3MiQyNjEwMDIjNDEjJDEjJDgjJDgz,1730.0
JDQ4MTYyMiM1MSMkMSMkMCMkODkkMzgxMzUxIzExIyQxIyQzIyQ3OSQzNjE4MzIjNjEjJDEjJDAjJDgz,1700.0
JDQ4MTYyMiM1MSMkMSMkMCMkOTkkMzgxMzUxIzIxIyQxIyQ5IyQxMyQ0NjEwMDIjNjEjJDEjJDgjJDgz,1800.0
JDQ4MTYyMiM1MSMkMSMkMCMkOTkkMzgxMzUxIzMxIyQxIyQ3IyQ5OSQyNjEyMjIjNDEjJDEjJDgjJDgz,1800.0
JDQ4MTYyMiM1MSMkMSMkMCMkOTkkMzgxMzUxIzMxIyQxIyQzIyQ5MiQzNjEwMDIjNjEjJDEjJDQjJDgz,2200.0
JDQ4MTYyMiM1MSMkMSMkMCMkOTkkMzgxMzUxIzQxIyQxIyQ3IyQwMyQyNjEyMjIjNDEjJDEjJDgjJDgz,1730.0
JDQ4MTYyMiM1MSMkMSMkMCMkOTkkMzgxMzUxIzUxIyQxIyQ1IyQ3MiQyNjEwMDIjNTEjJDEjJDYjJDgz,1800.0
JDQ4MTYyMiM1MSMkMSMkMCMkOTkkMzgxMzUxIzUxIyQxIyQxIyQ5MiQzNjEwMDIjNjEjJDEjJDAjJDgz,1730.0
JDQ4MTYyMiM1MSMkMSMkMCMkOTkkMzgxMzUxIzUxIyQyIyQ1IyQwMCQzNjEwMDIjNDEjJDEjJDgjJDgz,1800.0
JDQ4MTYyMiM1MSMkMSMkMCMkOTkkMzgxOTYxIzExIyQxIyQ3IyQ2MiQzNjE0ODEjNjEjJDEjJDQjJDgz,1800.0
JDQ4MTYyMiM1MSMkMSMkMCMkOTkkMzgxOTYxIzExIyQxIyQzIyQ4OSQyNjEyMjIjNDEjJDEjJDgjJDgz,1800.0
JDQ4MTYyMiM1MSMkMSMkMCMkOTkkNTgxMzUxIzExIyQxIyQzIyQ3MiQyNjE0ODEjNDEjJDEjJDgjJDgz,1700.0
JDQ4MTYyMiM1MSMkMSMkMCMkOTkkNTgxMzUxIzIxIyQxIyQ1IyQ4OSQzNjE0ODEjNjEjJDEjJDAjJDgz,1530.0
JDQ4MTYyMiM1MSMkMSMkMCMkOTkkNTgxMzUxIzIxIyQxIyQ5IyQ5MiQzNjE4MzIjODEjJDEjJDYjJDgz,1730.0
JDQ4MTYyMiM1MSMkMSMkMCMkOTkkNTgxMzUxIzIxIyQxIyQxIyQxMyQ0NjEwMDIjNzEjJDEjJDgjJDgz,1800.0
JDQ4MTYyMiM1MSMkMSMkMCMkOTkkNTgxMzUxIzMxIyQxIyQ3IyQ3MiQ0NjE0ODEjNjEjJDEjJDQjJDgz,
JDQ4MTYyMiM1MSMkMSMkMCMkOTkkNTgxMzUxIzMxIyQxIyQ3IyQ3MiQzNjEwMDIjNDEjJDEjJDgjJDgz,1800.0
JDQ4MTYyMiM1MSMkMSMkMCMkOTkkNTgxMzUxIzMxIyQxIyQ3IyQ5OSQ0NjEwMDIjNDEjJDEjJDgjJDgz,1800.0
JDQ4MTYyMiM1MSMkMSMkMCMkOTkkNTgxMzUxIzMxIyQxIyQzIyQ5OSQyNjE4MzIjNjEjJDEjJDgjJDgz,
JDQ4MTYyMiM1MSMkMSMkMCMkOTkkNTgxMzUxIzUxIyQxIyQ1IyQ3OSQyNjE0ODEjNTEjJDEjJDIjJDgz,1730.0
JDQ4MTYyMiM1MSMkMSMkMCMkOTkkNTgxMzUxIzUxIyQxIyQ1IyQ3OSQyNjEwMDIjNDEjJDEjJDgjJDgz,1800.0
JDQ4MTYyMiM1MSMkMSMkMCMkOTkkNTgxMzUxIzUxIyQxIyQxIyQ3OSQ0NjE0ODEjNDEjJDEjJDgjJDgz,1700.0
JDQ4MTYyMiM1MSMkMSMkMCMkOTkkNTgxMzUxIzUxIyQxIyQxIyQwMyQyNjE4MzIjODEjJDEjJDYjJDgz,1730.0
JDQ4MTYyMiM1MSMkMSMkMCMkOTkkNTgxMzUxIzUxIyQxIyQxIyQxMyQyNjE4MzIjNjEjJDEjJDgjJDgz,1800.0
JDQ4MTYyMiM1MSMkMiMkMCMkMDAkMzgxMTkxIzIxIyQxIyQ1IyQxMyQzNjEwMDIjNTEjJDEjJDIjJDgz,
JDQ4MTYyMiM1MSMkMiMkMCMkMDAkMzgxMTkxIzIxIyQxIyQ5IyQwMyQzNjEwMDIjNDEjJDEjJDgjJDgz,1830.0
JDQ4MTYyMiM1MSMkMiMkMCMkMDAkMzgxMTkxIzIxIyQxIyQxIyQxMyQyNjE4MzIjNDEjJDEjJDQjJDgz,
JDQ4MTYyMiM1MSMkMiMkMCMkMDAkMzgxMTkxIzMxIyQxIyQzIyQxMyQyNjEyMjIjNDEjJDEjJDgjJDgz,1800.0
JDQ4MTYyMiM1MSMkMiMkMCMkMDAkMzgxMTkxIzMxIyQyIyQ3IyQwMCQzNjE4MzIjNjEjJDEjJDAjJDgz,1800.0
JDQ4MTYyMiM1MSMkMiMkMCMkMDAkMzgxMTkxIzQxIyQxIyQ3IyQ3MiQzNjE4MzIjNjEjJDEjJDQjJDgz,1830.0
JDQ4MTYyMiM1MSMkMiMkMCMkMDAkMzgxMTkxIzUxIyQxIyQ1IyQ4MiQyNjEwMDIjNjEjJDEjJDgjJDgz,
JDQ4MTYyMiM1MSMkMiMkMCMkMDAkMzgxMTkxIzUxIyQxIyQ1IyQxMyQ0NjEwMDIjNTEjJDEjJDYjJDgz,1800.0
JDQ4MTYyMiM1MSMkMiMkMCMkMDAkMzgxMTkxIzUxIyQxIyQxIyQ3OSQzNjEwMDIjODEjJDEjJDYjJDgz,1800.0
JDQ4MTYyMiM1MSMkMiMkMCMkMDAkMzgxMTkxIzUxIyQxIyQxIyQ5OSQyNjE4MzIjNzEjJDEjJDgjJDgz,1800.0
JDQ4MTYyMiM1MSMkMiMkMCMkMDAkMzgxMzUxIzMxIyQxIyQ3IyQwMyQyNjE0ODEjNTEjJDEjJDIjJDgz,1800.0
JDQ4MTYyMiM1MSMkMiMkMCMkMDAkMzgxNzAyIzExIyQxIyQ3IyQ2MiQ0NjEwMDIjNDEjJDEjJDgjJDgz,
JDQ4MTYyMiM1MSMkMiMkMCMkMDAkMzgxNzAyIzExIyQxIyQ3IyQxMyQzNjE0ODEjNzEjJDEjJDgjJDgz,1800.0
JDQ4MTYyMiM1MSMkMiMkMCMkMDAkMzgxNzAyIzIxIyQxIyQxIyQ5MiQzNjEyMjIjNjEjJDEjJDQjJDgz,1800.0
JDQ4MTYyMiM1MSMkMiMkMCMkMDAkMzgxNzAyIzUxIyQxIyQxIyQ5MiQzNjE4MzIjNDEjJDEjJDgjJDgz,1830.0
JDQ4MTYyMiM1MSMkMiMkMCMkMDAkMzgxNzAyIzUxIyQxIyQxIyQwMyQyNjEwMDIjNDEjJDEjJDQjJDgz,1830.0
JDQ4MTYyMiM1MSMkMiMkMCMkMDAkMzgxOTYxIzExIyQxIyQzIyQwMyQ0NjE0ODEjNjEjJDEjJDQjJDgz,1800.0
JDQ4MTYyMiM1MSMkMiMkMCMkMDAkMzgxOTYxIzIxIyQxIyQ5IyQ5MiQyNjE4MzIjNTEjJDEjJDIjJDgz,1800.0
JDQ4MTYyMiM1MSMkMiMkMCMkMDAkMzgxOTYxIzMxIyQxIyQ3IyQ4MiQyNjE4MzIjODEjJDEjJDIjJDgz,
JDQ4MTYyMiM1MSMkMiMkMCMkMDAkMzgxOTYxIzMxIyQyIyQzIyQwMCQ0NjE0ODEjNDEjJDEjJDgjJDgz,1800.0
JDQ4MTYyMiM1MSMkMiMkMCMkMDAkMzgxOTYxIzUxIyQxIyQxIyQ3OSQzNjE4MzIjNDEjJDEjJDQjJDgz,1830.0
JDQ4MTYyMiM1MSMkMiMkMCMkMDAkMzgxOTYxIzUxIyQxIyQxIyQwMyQyNjE0ODEjNDEjJDEjJDgjJDgz,1830.0
JDQ4MTYyMiM1MSMkMiMkMCMkMDAkNDgxMTkxIzExIyQxIyQzIyQwMyQzNjE0ODEjNDEjJDEjJDQjJDgz,1800.0
JDQ4MTYyMiM1MSMkMiMkMCMkMDAkNDgxMTkxIzIxIyQxIyQ1IyQ5OSQzNjE0ODEjNjEjJDEjJDQjJDgz,1930.0
JDQ4MTYyMiM1MSMkMiMkMCMkMDAkNDgxMTkxIzIxIyQxIyQ5IyQ4MiQyNjE4MzIjNTEjJDEjJDIjJDgz,1900.0
JDQ4MTYyMiM1MSMkMiMkMCMkMDAkNDgxMTkxIzIxIyQxIyQxIyQ3OSQyNjE4MzIjNjEjJDEjJDgjJDgz,1800.0
JDQ4MTYyMiM1MSMkMiMkMCMkMDAkNDgxMTkxIzIxIyQxIyQxIyQ5MiQ0NjEwMDIjNjEjJDEjJDgjJDgz,1830.0
JDQ4MTYyMiM1MSMkMiMkMCMkMDAkNDgxMTkxIzIxIyQxIyQxIyQ5OSQ0NjE0ODEjNDEjJDEjJDgjJDgz,1900.0
JDQ4MTYyMiM1MSMkMiMkMCMkMDAkNDgxMTkxIzMxIyQxIyQ3IyQ5OSQzNjE0ODEjNjEjJDEjJDAjJDgz,1800.0
JDQ4MTYyMiM1MSMkMiMkMCMkMDAkNDgxMTkxIzQxIyQxIyQ3IyQ3OSQ0NjE0ODEjODEjJDEjJDYjJDgz,1900.0
JDQ4MTYyMiM1MSMkMiMkMCMkMDAkNDgxMTkxIzUxIyQxIyQ1IyQ3OSQyNjE0ODEjNjEjJDEjJDgjJDgz,550.0
JDQ4MTYyMiM1MSMkMiMkMCMkMDAkNDgxMzUxIzExIyQxIyQ3IyQ3MiQzNjEwMDIjNDEjJDEjJDgjJDgz,1830.0
JDQ4MTYyMiM1MSMkMiMkMCMkMDAkNDgxMzUxIzExIyQxIyQ3IyQ3OSQyNjEwMDIjNTEjJDEjJDIjJDgz,1830.0
JDQ4MTYyMiM1MSMkMiMkMCMkMDAkNDgxMzUxIzExIyQxIyQzIyQ3OSQyNjE4MzIjNTEjJDEjJDIjJDgz,1230.0
JDQ4MTYyMiM1MSMkMiMkMCMkMDAkNDgxMzUxIzExIyQxIyQzIyQwMyQ0NjEwMDIjNDEjJDEjJDQjJDgz,1800.0
JDQ4MTYyMiM1MSMkMiMkMCMkMDAkNDgxMzUxIzIxIyQxIyQ1IyQ4OSQzNjE0ODEjNzEjJDEjJDgjJDgz,0.0
JDQ4MTYyMiM1MSMkMiMkMCMkMDAkNDgxMzUxIzIxIyQxIyQ1IyQ5OSQyNjEwMDIjNDEjJDEjJDQjJDgz,1800.0
JDQ4MTYyMiM1MSMkMiMkMCMkMDAkNDgxMzUxIzIxIyQxIyQ1IyQ5OSQzNjEwMDIjNTEjJDEjJDIjJDgz,2100.0
JDQ4MTYyMiM1MSMkMiMkMCMkMDAkNDgxMzUxIzIxIyQxIyQ1IyQwMyQ0NjEwMDIjODEjJDEjJDYjJDgz,1800.0
JDQ4MTYyMiM1MSMkMiMkMCMkMDAkNDgxMzUxIzIxIyQxIyQxIyQ5OSQzNjEwMDIjNjEjJDEjJDgjJDgz,1800.0
JDQ4MTYyMiM1MSMkMiMkMCMkMDAkNDgxMzUxIzIxIyQyIyQ1IyQwMCQzNjE0ODEjNDEjJDEjJDgjJDgz,1830.0
JDQ4MTYyMiM1MSMkMiMkMCMkMDAkNDgxMzUxIzMxIyQxIyQ3IyQ3MiQzNjE0ODEjNjEjJDEjJDQjJDgz,1800.0
JDQ4MTYyMiM1MSMkMiMkMCMkMDAkNDgxMzUxIzMxIyQxIyQzIyQ5MiQyNjEyMjIjNzEjJDEjJDgjJDgz,1900.0
JDQ4MTYyMiM1MSMkMiMkMCMkMDAkNDgxMzUxIzUxIyQxIyQ1IyQxMyQyNjEwMDIjODEjJDEjJDYjJDgz,1830.0
JDQ4MTYyMiM1MSMkMiMkMCMkMDAkNDgxMzUxIzUxIyQxIyQxIyQ4OSQyNjEwMDIjNjEjJDEjJDAjJDgz,1830.0
JDQ4MTYyMiM1MSMkMiMkMCMkMDAkNDgxMzUxIzUxIyQxIyQxIyQxMyQ0NjE0ODEjNDEjJDEjJDQjJDgz,1800.0
JDQ4MTYyMiM1MSMkMiMkMCMkMDAkNDgxNzAyIzIxIyQxIyQ1IyQ2MiQzNjEyMjIjNDEjJDEjJDgjJDgz,
JDQ4MTYyMiM1MSMkMiMkMCMkMDAkNDgxNzAyIzIxIyQxIyQ1IyQwMyQ0NjEwMDIjNjEjJDEjJDQjJDgz,1800.0
JDQ4MTYyMiM1MSMkMiMkMCMkMDAkNDgxNzAyIzIxIyQxIyQ5IyQwMyQyNjE4MzIjNTEjJDEjJDIjJDgz,
JDQ4MTYyMiM1MSMkMiMkMCMkMDAkNDgxNzAyIzIxIyQxIyQxIyQ2MiQyNjE4MzIjNDEjJDEjJDgjJDgz,
JDQ4MTYyMiM1MSMkMiMkMCMkMDAkNDgxNzAyIzIxIyQxIyQxIyQ4OSQyNjEwMDIjNTEjJDEjJDIjJDgz,1830.0
JDQ4MTYyMiM1MSMkMiMkMCMkMDAkNDgxNzAyIzMxIyQxIyQ3IyQ2MiQ0NjEwMDIjNjEjJDEjJDQjJDgz,1830.0
JDQ4MTYyMiM1MSMkMiMkMCMkMDAkNDgxNzAyIzMxIyQxIyQ3IyQ2MiQyNjEwMDIjNDEjJDEjJDQjJDgz,
JDQ4MTYyMiM1MSMkMiMkMCMkMDAkNDgxNzAyIzMxIyQxIyQ3IyQ2MiQzNjE0ODEjNjEjJDEjJDAjJDgz,2030.0
JDQ4MTYyMiM1MSMkMiMkMCMkMDAkNDgxNzAyIzMxIyQxIyQ3IyQwMyQzNjE0ODEjNTEjJDEjJDYjJDgz,1800.0
JDQ4MTYyMiM1MSMkMiMkMCMkMDAkNDgxNzAyIzMxIyQxIyQzIyQ2MiQzNjE4MzIjNTEjJDEjJDIjJDgz,
JDQ4MTYyMiM1MSMkMiMkMCMkMDAkNDgxNzAyIzMxIyQxIyQzIyQ3OSQ0NjEwMDIjNDEjJDEjJDQjJDgz,1700.0
JDQ4MTYyMiM1MSMkMiMkMCMkMDAkNDgxNzAyIzMxIyQxIyQzIyQxMyQyNjE4MzIjNjEjJDEjJDgjJDgz,1800.0
JDQ4MTYyMiM1MSMkMiMkMCMkMDAkNDgxNzAyIzQxIyQyIyQ3IyQwMCQyNjEyMjIjNzEjJDEjJDgjJDgz,1820.0
JDQ4MTYyMiM1MSMkMiMkMCMkMDAkNDgxNzAyIzUxIyQxIyQxIyQ3MiQyNjE4MzIjNjEjJDEjJDgjJDgz,1700.0
JDQ4MTYyMiM1MSMkMiMkMCMkMDAkNDgxOTYxIzExIyQxIyQ3IyQ4MiQ0NjEwMDIjNzEjJDEjJDgjJDgz,
JDQ4MTYyMiM1MSMkMiMkMCMkMDAkNDgxOTYxIzExIyQxIyQ3IyQxMyQzNjEwMDIjNjEjJDEjJDgjJDgz,1800.0
JDQ4MTYyMiM1MSMkMiMkMCMkMDAkNDgxOTYxIzIxIyQxIyQ5IyQ3MiQzNjEwMDIjNjEjJDEjJDgjJDgz,
JDQ4MTYyMiM1MSMkMiMkMCMkMDAkNDgxOTYxIzIxIyQxIyQ5IyQ5MiQ0NjE0ODEjNjEjJDEjJDQjJDgz,1800.0
JDQ4MTYyMiM1MSMkMiMkMCMkMDAkNDgxOTYxIzIxIyQxIyQxIyQ5OSQyNjE0ODEjNDEjJDEjJDgjJDgz,1830.0
JDQ4MTYyMiM1MSMkMiMkMCMkMDAkNDgxOTYxIzMxIyQxIyQ3IyQ2MiQzNjE4MzIjODEjJDEjJDIjJDgz,1830.0
JDQ4MTYyMiM1MSMkMiMkMCMkMDAkNDgxOTYxIzMxIyQxIyQ3IyQ4MiQyNjE0ODEjNjEjJDEjJDQjJDgz,1700.0
JDQ4MTYyMiM1MSMkMiMkMCMkMDAkNDgxOTYxIzMxIyQyIyQzIyQwMCQyNjE0ODEjNzEjJDEjJDgjJDgz,1800.0
JDQ4MTYyMiM1MSMkMiMkMCMkMDAkNDgxOTYxIzQxIyQxIyQ3IyQwMyQzNjE0ODEjODEjJDEjJDYjJDgz,1900.0
JDQ4MTYyMiM1MSMkMiMkMCMkMDAkNDgxOTYxIzUxIyQxIyQ1IyQ4OSQzNjE4MzIjNjEjJDEjJDQjJDgz,
JDQ4MTYyMiM1MSMkMiMkMCMkMDAkNDgxOTYxIzUxIyQxIyQ1IyQ5OSQzNjE0ODEjODEjJDEjJDIjJDgz,1800.0
JDQ4MTYyMiM1MSMkMiMkMCMkMDAkNTgxMzUxIzExIyQxIyQ3IyQ2MiQzNjEyMjIjNjEjJDEjJDAjJDgz,1800.0
JDQ4MTYyMiM1MSMkMiMkMCMkMDAkNTgxMzUxIzExIyQxIyQ3IyQ3MiQyNjEyMjIjODEjJDEjJDYjJDgz,1800.0
JDQ4MTYyMiM1MSMkMiMkMCMkMDAkNTgxMzUxIzExIyQxIyQzIyQ5OSQyNjEyMjIjNDEjJDEjJDgjJDgz,1830.0
JDQ4MTYyMiM1MSMkMiMkMCMkMDAkNTgxMzUxIzExIyQxIyQzIyQ5OSQzNjEwMDIjNjEjJDEjJDQjJDgz,1800.0
JDQ4MTYyMiM1MSMkMiMkMCMkMDAkNTgxMzUxIzIxIyQxIyQ5IyQ3MiQyNjE4MzIjNjEjJDEjJDgjJDgz,1830.0
JDQ4MTYyMiM1MSMkMiMkMCMkMDAkNTgxMzUxIzIxIyQxIyQ5IyQ4MiQzNjEyMjIjODEjJDEjJDIjJDgz,1830.0
JDQ4MTYyMiM1MSMkMiMkMCMkMDAkNTgxMzUxIzIxIyQxIyQ5IyQ4OSQ0NjEwMDIjNjEjJDEjJDgjJDgz,
JDQ4MTYyMiM1MSMkMiMkMCMkMDAkNTgxMzUxIzIxIyQxIyQxIyQ2MiQyNjEwMDIjNDEjJDEjJDQjJDgz,1830.0
JDQ4MTYyMiM1MSMkMiMkMCMkMDAkNTgxMzUxIzMxIyQxIyQ3IyQ3OSQzNjEyMjIjNzEjJDEjJDgjJDgz,1800.0
JDQ4MTYyMiM1MSMkMiMkMCMkMDAkNTgxMzUxIzMxIyQxIyQ3IyQ4MiQyNjEyMjIjODEjJDEjJDIjJDgz,1800.0
JDQ4MTYyMiM1MSMkMiMkMCMkMDAkNTgxMzUxIzMxIyQxIyQ3IyQ5MiQyNjE4MzIjNTEjJDEjJDYjJDgz,1800.0
JDQ4MTYyMiM1MSMkMiMkMCMkMDAkNTgxMzUxIzMxIyQxIyQ3IyQxMyQyNjEyMjIjNDEjJDEjJDQjJDgz,1900.0
JDQ4MTYyMiM1MSMkMiMkMCMkMDAkNTgxMzUxIzMxIyQxIyQzIyQ2MiQyNjE4MzIjNjEjJDEjJDQjJDgz,1800.0
JDQ4MTYyMiM1MSMkMiMkMCMkMDAkNTgxMzUxIzMxIyQxIyQzIyQ3MiQzNjEyMjIjNzEjJDEjJDgjJDgz,1830.0
JDQ4MTYyMiM1MSMkMiMkMCMkMDAkNTgxMzUxIzQxIyQxIyQ3IyQ5MiQzNjE0ODEjODEjJDEjJDIjJDgz,1800.0
JDQ4MTYyMiM1MSMkMiMkMCMkMDAkNTgxMzUxIzQxIyQyIyQ3IyQwMCQzNjEwMDIjNzEjJDEjJDgjJDgz,1800.0
JDQ4MTYyMiM1MSMkMiMkMCMkMDAkNTgxMzUxIzUxIyQxIyQ1IyQ5MiQzNjEwMDIjODEjJDEjJDYjJDgz,1800.0
JDQ4MTYyMiM1MSMkMiMkMCMkMDAkNTgxMzUxIzUxIyQxIyQ1IyQxMyQ0NjE0ODEjODEjJDEjJDIjJDgz,1800.0
JDQ4MTYyMiM1MSMkMiMkMCMkMDAkNTgxOTYxIzExIyQxIyQ3IyQ2MiQzNjE4MzIjODEjJDEjJDIjJDgz,1900.0
JDQ4MTYyMiM1MSMkMiMkMCMkMDAkNTgxOTYxIzExIyQxIyQ3IyQ4MiQzNjE0ODEjODEjJDEjJDIjJDgz,1830.0
JDQ4MTYyMiM1MSMkMiMkMCMkMDAkNTgxOTYxIzExIyQxIyQzIyQ2MiQzNjEyMjIjNTEjJDEjJDYjJDgz,1830.0
JDQ4MTYyMiM1MSMkMiMkMCMkMDAkNTgxOTYxIzIxIyQxIyQ1IyQ5OSQ0NjE0ODEjNjEjJDEjJDAjJDgz,
JDQ4MTYyMiM1MSMkMiMkMCMkMDAkNTgxOTYxIzIxIyQyIyQxIyQwMCQzNjE0ODEjNTEjJDEjJDIjJDgz,1830.0
JDQ4MTYyMiM1MSMkMiMkMCMkMDAkNTgxOTYxIzMxIyQxIyQ3IyQ3OSQyNjEwMDIjNDEjJDEjJDgjJDgz,1830.0
JDQ4MTYyMiM1MSMkMiMkMCMkMDAkNTgxOTYxIzMxIyQxIyQ3IyQ5OSQzNjEyMjIjNzEjJDEjJDgjJDgz,1900.0
JDQ4MTYyMiM1MSMkMiMkMCMkMDAkNTgxOTYxIzQxIyQyIyQ3IyQwMCQ0NjE0ODEjNzEjJDEjJDgjJDgz,1900.0
JDU4MTI3MSM1MSMkMSMkMCMkMTMkMzgxNzAyIzExIyQxIyQ3IyQ4OSQzNjEwMDIjNzEjJDEjJDgjJDgz,1830.0
JDU4MTI3MSM1MSMkMSMkMCMkMTMkMzgxNzAyIzExIyQxIyQzIyQ5MiQzNjEyMjIjNTEjJDEjJDIjJDgz,2000.0
JDU4MTI3MSM1MSMkMSMkMCMkMTMkMzgxNzAyIzIxIyQxIyQ1IyQ4MiQyNjEyMjIjNDEjJDEjJDgjJDgz,1900.0
JDU4MTI3MSM1MSMkMSMkMCMkMTMkMzgxNzAyIzIxIyQxIyQ1IyQ4OSQyNjE4MzIjNTEjJDEjJDYjJDgz,1930.0
JDU4MTI3MSM1MSMkMSMkMCMkMTMkMzgxNzAyIzIxIyQxIyQ5IyQ2MiQyNjE0ODEjNzEjJDEjJDgjJDgz,2000.0
JDU4MTI3MSM1MSMkMSMkMCMkMTMkMzgxNzAyIzIxIyQxIyQxIyQxMyQzNjEwMDIjNDEjJDEjJDgjJDgz,1900.0
JDU4MTI3MSM1MSMkMSMkMCMkMTMkMzgxNzAyIzIxIyQyIyQ1IyQwMCQyNjE4MzIjODEjJDEjJDIjJDgz,1900.0
JDU4MTI3MSM1MSMkMSMkMCMkMTMkMzgxNzAyIzIxIyQyIyQxIyQwMCQyNjEyMjIjNTEjJDEjJDYjJDgz,1900.0
JDU4MTI3MSM1MSMkMSMkMCMkMTMkMzgxNzAyIzMxIyQxIyQ3IyQ4OSQzNjE4MzIjNjEjJDEjJDQjJDgz,2000.0
JDU4MTI3MSM1MSMkMSMkMCMkMTMkMzgxNzAyIzMxIyQxIyQ3IyQ5MiQyNjE4MzIjNjEjJDEjJDgjJDgz,1820.0
JDU4MTI3MSM1MSMkMSMkMCMkMTMkMzgxNzAyIzMxIyQxIyQzIyQ3OSQzNjE0ODEjNzEjJDEjJDgjJDgz,1930.0
JDU4MTI3MSM1MSMkMSMkMCMkMTMkMzgxNzAyIzQxIyQxIyQ3IyQ5OSQzNjE4MzIjODEjJDEjJDYjJDgz,1930.0
JDU4MTI3MSM1MSMkMSMkMCMkMTMkMzgxNzAyIzUxIyQxIyQ1IyQ3MiQ0NjEwMDIjNDEjJDEjJDQjJDgz,1900.0
JDU4MTI3MSM1MSMkMSMkMCMkMTMkMzgxNzAyIzUxIyQxIyQ1IyQ4OSQ0NjE0ODEjNTEjJDEjJDIjJDgz,1900.0
JDU4MTI3MSM1MSMkMSMkMCMkMTMkMzgxNzAyIzUxIyQxIyQ1IyQwMyQyNjEyMjIjNjEjJDEjJDAjJDgz,
JDU4MTI3MSM1MSMkMSMkMCMkMTMkMzgxNzAyIzUxIyQxIyQxIyQ3MiQzNjEyMjIjODEjJDEjJDYjJDgz,2000.0
JDU4MTI3MSM1MSMkMSMkMCMkMTMkMzgxNzAyIzUxIyQyIyQ1IyQwMCQyNjE0ODEjNDEjJDEjJDgjJDgz,1900.0
JDU4MTI3MSM1MSMkMSMkMCMkMTMkMzgxNzAyIzUxIyQyIyQ1IyQwMCQyNjEwMDIjNDEjJDEjJDQjJDgz,1900.0
JDU4MTI3MSM1MSMkMSMkMCMkMTMkMzgxNzAyIzUxIyQyIyQxIyQwMCQ0NjE0ODEjNDEjJDEjJDgjJDgz,2100.0
JDU4MTI3MSM1MSMkMSMkMCMkMTMkNDgxMzUxIzExIyQxIyQ3IyQ2MiQyNjEwMDIjNDEjJDEjJDgjJDgz,1900.0
JDU4MTI3MSM1MSMkMSMkMCMkMTMkNDgxMzUxIzExIyQxIyQzIyQ3MiQyNjEwMDIjNTEjJDEjJDIjJDgz,2030.0
JDU4MTI3MSM1MSMkMSMkMCMkMTMkNDgxMzUxIzExIyQxIyQzIyQ3MiQyNjEyMjIjNDEjJDEjJDgjJDgz,1830.0
JDU4MTI3MSM1MSMkMSMkMCMkMTMkNDgxMzUxIzExIyQxIyQzIyQ5MiQ0NjEwMDIjNTEjJDEjJDIjJDgz,2100.0
JDU4MTI3MSM1MSMkMSMkMCMkMTMkNDgxMzUxIzExIyQxIyQzIyQwMyQzNjEwMDIjNzEjJDEjJDgjJDgz,2000.0
JDU4MTI3MSM1MSMkMSMkMCMkMTMkNDgxMzUxIzIxIyQxIyQ5IyQ2MiQyNjEwMDIjNDEjJDEjJDgjJDgz,1930.0
JDU4MTI3MSM1MSMkMSMkMCMkMTMkNDgxMzUxIzIxIyQxIyQ5IyQ4MiQyNjE4MzIjNDEjJDEjJDgjJDgz,2100.0
JDU4MTI3MSM1MSMkMSMkMCMkMTMkNDgxMzUxIzIxIyQxIyQxIyQ3MiQ0NjEwMDIjNDEjJDEjJDgjJDgz,1900.0
JDU4MTI3MSM1MSMkMSMkMCMkMTMkNDgxMzUxIzIxIyQxIyQxIyQ3MiQyNjE4MzIjNDEjJDEjJDgjJDgz,1900.0
JDU4MTI3MSM1MSMkMSMkMCMkMTMkNDgxMzUxIzIxIyQxIyQxIyQ4OSQyNjEwMDIjNjEjJDEjJDgjJDgz,1830.0
JDU4MTI3MSM1MSMkMSMkMCMkMTMkNDgxMzUxIzIxIyQxIyQxIyQxMyQ0NjE0ODEjNDEjJDEjJDgjJDgz,1800.0
JDU4MTI3MSM1MSMkMSMkMCMkMTMkNDgxMzUxIzMxIyQxIyQ3IyQ5MiQzNjE4MzIjNjEjJDEjJDAjJDgz,2100.0
JDU4MTI3MSM1MSMkMSMkMCMkMTMkNDgxMzUxIzMxIyQxIyQzIyQ5MiQyNjE4MzIjNjEjJDEjJDQjJDgz,2000.0
JDU4MTI3MSM1MSMkMSMkMCMkMTMkNDgxMzUxIzQxIyQxIyQ3IyQ5MiQzNjEwMDIjNjEjJDEjJDAjJDgz,
JDU4MTI3MSM1MSMkMSMkMCMkMTMkNDgxMzUxIzUxIyQxIyQ1IyQ3MiQ0NjE0ODEjNzEjJDEjJDgjJDgz,2100.0
JDU4MTI3MSM1MSMkMSMkMCMkMTMkNDgxMzUxIzUxIyQxIyQ1IyQ4MiQzNjE4MzIjNjEjJDEjJDgjJDgz,1900.0
JDU4MTI3MSM1MSMkMSMkMCMkMTMkNDgxMzUxIzUxIyQxIyQ1IyQ5OSQ0NjE0ODEjNjEjJDEjJDQjJDgz,630.0
JDU4MTI3MSM1MSMkMSMkMCMkMTMkNDgxMzUxIzUxIyQxIyQxIyQ3OSQyNjEwMDIjNzEjJDEjJDgjJDgz,2100.0
JDU4MTI3MSM1MSMkMSMkMCMkMTMkNDgxOTYxIzExIyQxIyQzIyQ5OSQyNjE0ODEjODEjJDEjJDIjJDgz,2100.0
JDU4MTI3MSM1MSMkMSMkMCMkMTMkNDgxOTYxIzIxIyQxIyQ1IyQ2MiQzNjE4MzIjODEjJDEjJDYjJDgz,1900.0
JDU4MTI3MSM1MSMkMSMkMCMkMTMkNDgxOTYxIzIxIyQxIyQ1IyQ3MiQzNjEwMDIjNDEjJDEjJDQjJDgz,2030.0
JDU4MTI3MSM1MSMkMSMkMCMkMTMkNDgxOTYxIzIxIyQxIyQ1IyQ3OSQyNjEyMjIjODEjJDEjJDYjJDgz,1900.0
JDU4MTI3MSM1MSMkMSMkMCMkMTMkNDgxOTYxIzIxIyQxIyQ1IyQ4MiQyNjE4MzIjNDEjJDEjJDgjJDgz,1830.0
JDU4MTI3MSM1MSMkMSMkMCMkMTMkNDgxOTYxIzIxIyQxIyQ1IyQxMyQ0NjE0ODEjNTEjJDEjJDYjJDgz,2030.0
JDU4MTI3MSM1MSMkMSMkMCMkMTMkNDgxOTYxIzIxIyQxIyQ5IyQ3MiQzNjE0ODEjODEjJDEjJDIjJDgz,1830.0
JDU4MTI3MSM1MSMkMSMkMCMkMTMkNDgxOTYxIzMxIyQxIyQ3IyQwMyQyNjE0ODEjNDEjJDEjJDQjJDgz,2000.0
JDU4MTI3MSM1MSMkMSMkMCMkMTMkNDgxOTYxIzMxIyQxIyQ3IyQxMyQ0NjE0ODEjNTEjJDEjJDIjJDgz,2030.0
JDU4MTI3MSM1MSMkMSMkMCMkOTkkNTgxMzUxIzExIyQxIyQzIyQ3OSQzNjE0ODEjNDEjJDEjJDgjJDgz,1730.0
JDU4MTI3MSM1MSMkMiMkMCMkMDAkMzgxMTkxIzExIyQxIyQ3IyQxMyQyNjE0ODEjNDEjJDEjJDgjJDgz,1800.0
JDU4MTI3MSM1MSMkMiMkMCMkMDAkMzgxMTkxIzExIyQxIyQzIyQ4OSQyNjEyMjIjNTEjJDEjJDYjJDgz,1830.0
JDU4MTI3MSM1MSMkMiMkMCMkMDAkMzgxMTkxIzExIyQxIyQzIyQwMyQ0NjEwMDIjNDEjJDEjJDgjJDgz,640.0
JDU4MTI3MSM1MSMkMiMkMCMkMDAkMzgxMTkxIzIxIyQxIyQ5IyQ5MiQ0NjEwMDIjNDEjJDEjJDQjJDgz,1830.0
JDU4MTI3MSM1MSMkMiMkMCMkMDAkMzgxMTkxIzIxIyQxIyQxIyQ4OSQzNjEyMjIjODEjJDEjJDYjJDgz,1800.0
JDU4MTI3MSM1MSMkMiMkMCMkMDAkMzgxMTkxIzMxIyQxIyQ3IyQwMyQyNjE0ODEjNjEjJDEjJDgjJDgz,2000.0
JDU4MTI3MSM1MSMkMiMkMCMkMDAkMzgxMTkxIzMxIyQxIyQ3IyQwMyQzNjE4MzIjNTEjJDEjJDYjJDgz,
JDU4MTI3MSM1MSMkMiMkMCMkMDAkMzgxMTkxIzMxIyQxIyQzIyQ2MiQzNjE4MzIjODEjJDEjJDIjJDgz,1900.0
JDU4MTI3MSM1MSMkMiMkMCMkMDAkMzgxMTkxIzMxIyQxIyQzIyQ4MiQ0NjEwMDIjODEjJDEjJDYjJDgz,
JDU4MTI3MSM1MSMkMiMkMCMkMDAkMzgxMTkxIzMxIyQyIyQ3IyQwMCQyNjE0ODEjNDEjJDEjJDQjJDgz,1930.0
JDU4MTI3MSM1MSMkMiMkMCMkMDAkMzgxMTkxIzQxIyQxIyQ3IyQ4MiQyNjE0ODEjODEjJDEjJDIjJDgz,1900.0
JDU4MTI3MSM1MSMkMiMkMCMkMDAkMzgxMTkxIzQxIyQxIyQ3IyQ5MiQyNjE4MzIjNDEjJDEjJDQjJDgz,1500.0
JDU4MTI3MSM1MSMkMiMkMCMkMDAkMzgxMTkxIzUxIyQxIyQ1IyQ5MiQzNjEyMjIjNzEjJDEjJDgjJDgz,1800.0
JDU4MTI3MSM1MSMkMiMkMCMkMDAkMzgxMTkxIzUxIyQxIyQ1IyQ5OSQ0NjE0ODEjNzEjJDEjJDgjJDgz,1900.0
JDU4MTI3MSM1MSMkMiMkMCMkMDAkMzgxMTkxIzUxIyQxIyQ1IyQxMyQyNjE4MzIjNzEjJDEjJDgjJDgz,1850.0
JDU4MTI3MSM1MSMkMiMkMCMkMDAkMzgxMTkxIzUxIyQxIyQxIyQ3MiQzNjE4MzIjNjEjJDEjJDAjJDgz,
JDU4MTI3MSM1MSMkMiMkMCMkMDAkMzgxMTkxIzUxIyQyIyQ1IyQwMCQzNjE4MzIjNjEjJDEjJDgjJDgz,1800.0
JDU4MTI3MSM1MSMkMiMkMCMkMDAkMzgxMzUxIzIxIyQxIyQ1IyQ2MiQ0NjEwMDIjNDEjJDEjJDgjJDgz,1900.0
JDU4MTI3MSM1MSMkMiMkMCMkMDAkMzgxMzUxIzIxIyQxIyQ5IyQ3MiQzNjE0ODEjNTEjJDEjJDYjJDgz,1830.0
JDU4MTI3MSM1MSMkMiMkMCMkMDAkMzgxMzUxIzIxIyQxIyQxIyQ3OSQ0NjEwMDIjNjEjJDEjJDQjJDgz,1700.0
JDU4MTI3MSM1MSMkMiMkMCMkMDAkMzgxMzUxIzIxIyQxIyQxIyQ4MiQ0NjEwMDIjODEjJDEjJDYjJDgz,1830.0
JDU4MTI3MSM1MSMkMiMkMCMkMDAkMzgxMzUxIzMxIyQxIyQ3IyQ3OSQyNjEyMjIjNTEjJDEjJDYjJDgz,1800.0
JDU4MTI3MSM1MSMkMiMkMCMkMDAkMzgxMzUxIzMxIyQxIyQzIyQ4MiQyNjE4MzIjODEjJDEjJDYjJDgz,1900.0
JDU4MTI3MSM1MSMkMiMkMCMkMDAkMzgxMzUxIzQxIyQxIyQ3IyQ3OSQzNjEwMDIjNjEjJDEjJDAjJDgz,1930.0
JDU4MTI3MSM1MSMkMiMkMCMkMDAkMzgxMzUxIzUxIyQxIyQ1IyQ2MiQyNjE0ODEjNjEjJDEjJDQjJDgz,2100.0
JDU4MTI3MSM1MSMkMiMkMCMkMDAkMzgxMzUxIzUxIyQxIyQ1IyQ3MiQzNjEwMDIjNTEjJDEjJDYjJDgz,1800.0
JDU4MTI3MSM1MSMkMiMkMCMkMDAkMzgxMzUxIzUxIyQyIyQ1IyQwMCQ0NjE0ODEjNTEjJDEjJDYjJDgz,1800.0
JDU4MTI3MSM1MSMkMiMkMCMkMDAkMzgxNzAyIzExIyQxIyQ3IyQ3MiQzNjEyMjIjNzEjJDEjJDgjJDgz,1820.0
JDU4MTI3MSM1MSMkMiMkMCMkMDAkMzgxNzAyIzExIyQxIyQ3IyQ3OSQzNjE4MzIjODEjJDEjJDYjJDgz,1900.0
JDU4MTI3MSM1MSMkMiMkMCMkMDAkMzgxNzAyIzExIyQxIyQzIyQ3OSQyNjE4MzIjNDEjJDEjJDQjJDgz,1900.0
JDU4MTI3MSM1MSMkMiMkMCMkMDAkMzgxNzAyIzExIyQxIyQzIyQ4MiQyNjE4MzIjNTEjJDEjJDYjJDgz,1730.0
JDU4MTI3MSM1MSMkMiMkMCMkMDAkMzgxNzAyIzIxIyQxIyQ1IyQ4OSQzNjE0ODEjNjEjJDEjJDAjJDgz,1800.0
JDU4MTI3MSM1MSMkMiMkMCMkMDAkMzgxNzAyIzIxIyQxIyQ1IyQ5MiQyNjE0ODEjNjEjJDEjJDQjJDgz,1800.0
JDU4MTI3MSM1MSMkMiMkMCMkMDAkMzgxNzAyIzIxIyQxIyQ5IyQ4OSQ0NjE0ODEjNTEjJDEjJDYjJDgz,1800.0
JDU4MTI3MSM1MSMkMiMkMCMkMDAkMzgxNzAyIzIxIyQxIyQ5IyQ4OSQzNjEyMjIjNzEjJDEjJDgjJDgz,1830.0
JDU4MTI3MSM1MSMkMiMkMCMkMDAkMzgxNzAyIzIxIyQxIyQ5IyQwMyQ0NjEwMDIjNTEjJDEjJDIjJDgz,1800.0
JDU4MTI3MSM1MSMkMiMkMCMkMDAkMzgxNzAyIzIxIyQxIyQ5IyQwMyQzNjEyMjIjODEjJDEjJDIjJDgz,1800.0
JDU4MTI3MSM1MSMkMiMkMCMkMDAkMzgxNzAyIzIxIyQxIyQxIyQ3MiQyNjE4MzIjODEjJDEjJDYjJDgz,
JDU4MTI3MSM1MSMkMiMkMCMkMDAkMzgxNzAyIzIxIyQxIyQxIyQ4MiQzNjE4MzIjODEjJDEjJDYjJDgz,2000.0
JDU4MTI3MSM1MSMkMiMkMCMkMDAkMzgxNzAyIzIxIyQxIyQxIyQwMyQzNjEyMjIjNjEjJDEjJDQjJDgz,2000.0
JDU4MTI3MSM1MSMkMiMkMCMkMDAkMzgxNzAyIzIxIyQyIyQ5IyQwMCQyNjE4MzIjNzEjJDEjJDgjJDgz,1900.0
JDU4MTI3MSM1MSMkMiMkMCMkMDAkMzgxNzAyIzIxIyQyIyQxIyQwMCQzNjEwMDIjNDEjJDEjJDgjJDgz,2030.0
JDU4MTI3MSM1MSMkMiMkMCMkMDAkMzgxNzAyIzMxIyQxIyQ3IyQ4MiQyNjEwMDIjNjEjJDEjJDQjJDgz,630.0
JDU4MTI3MSM1MSMkMiMkMCMkMDAkMzgxNzAyIzMxIyQxIyQ3IyQwMyQzNjEwMDIjNTEjJDEjJDIjJDgz,2100.0
JDU4MTI3MSM1MSMkMiMkMCMkMDAkMzgxNzAyIzMxIyQxIyQzIyQ2MiQ0NjEwMDIjNDEjJDEjJDQjJDgz,
JDU4MTI3MSM1MSMkMiMkMCMkMDAkMzgxNzAyIzMxIyQxIyQzIyQ2MiQyNjE0ODEjNjEjJDEjJDgjJDgz,1800.0
JDU4MTI3MSM1MSMkMiMkMCMkMDAkMzgxNzAyIzMxIyQxIyQzIyQ4MiQzNjEwMDIjNDEjJDEjJDgjJDgz,1800.0
JDU4MTI3MSM1MSMkMiMkMCMkMDAkMzgxNzAyIzMxIyQxIyQzIyQ5MiQyNjEwMDIjNjEjJDEjJDgjJDgz,1800.0
JDU4MTI3MSM1MSMkMiMkMCMkMDAkMzgxNzAyIzQxIyQxIyQ3IyQ3OSQzNjEwMDIjNDEjJDEjJDgjJDgz,1900.0
JDU4MTI3MSM1MSMkMiMkMCMkMDAkMzgxNzAyIzQxIyQxIyQ3IyQ5OSQyNjE4MzIjODEjJDEjJDYjJDgz,1900.0
JDU4MTI3MSM1MSMkMiMkMCMkMDAkMzgxNzAyIzQxIyQxIyQ3IyQwMyQyNjE0ODEjODEjJDEjJDIjJDgz,1800.0
JDU4MTI3MSM1MSMkMiMkMCMkMDAkMzgxNzAyIzQxIyQxIyQ3IyQxMyQzNjE0ODEjODEjJDEjJDIjJDgz,1900.0
JDU4MTI3MSM1MSMkMiMkMCMkMDAkMzgxNzAyIzUxIyQxIyQ1IyQ3MiQ0NjE0ODEjNjEjJDEjJDAjJDgz,1900.0
JDU4MTI3MSM1MSMkMiMkMCMkMDAkMzgxNzAyIzUxIyQxIyQ1IyQ4MiQyNjEwMDIjNjEjJDEjJDAjJDgz,1800.0
JDU4MTI3MSM1MSMkMiMkMCMkMDAkMzgxNzAyIzUxIyQyIyQxIyQwMCQ0NjE0ODEjNTEjJDEjJDYjJDgz,1830.0
JDU4MTI3MSM1MSMkMiMkMCMkMDAkMzgxOTYxIzExIyQxIyQ3IyQ2MiQyNjE4MzIjNjEjJDEjJDAjJDgz,
JDU4MTI3MSM1MSMkMiMkMCMkMDAkMzgxOTYxIzExIyQxIyQ3IyQ2MiQzNjE0ODEjNTEjJDEjJDIjJDgz,2030.0
JDU4MTI3MSM1MSMkMiMkMCMkMDAkMzgxOTYxIzExIyQxIyQ3IyQwMyQzNjEyMjIjODEjJDEjJDIjJDgz,1830.0
JDU4MTI3MSM1MSMkMiMkMCMkMDAkMzgxOTYxIzExIyQxIyQzIyQ4OSQ0NjEwMDIjNjEjJDEjJDQjJDgz,1730.0
JDU4MTI3MSM1MSMkMiMkMCMkMDAkMzgxOTYxIzExIyQyIyQ3IyQwMCQzNjEwMDIjNTEjJDEjJDYjJDgz,1940.0
JDU4MTI3MSM1MSMkMiMkMCMkMDAkMzgxOTYxIzExIyQyIyQzIyQwMCQyNjEyMjIjNTEjJDEjJDIjJDgz,
JDU4MTI3MSM1MSMkMiMkMCMkMDAkMzgxOTYxIzExIyQyIyQzIyQwMCQzNjEyMjIjNjEjJDEjJDQjJDgz,1830.0
JDU4MTI3MSM1MSMkMiMkMCMkMDAkMzgxOTYxIzIxIyQxIyQ1IyQ5MiQzNjEwMDIjNjEjJDEjJDQjJDgz,1700.0
JDU4MTI3MSM1MSMkMiMkMCMkMDAkMzgxOTYxIzIxIyQxIyQxIyQ5OSQyNjE0ODEjNDEjJDEjJDgjJDgz,1800.0
JDU4MTI3MSM1MSMkMiMkMCMkMDAkMzgxOTYxIzIxIyQxIyQxIyQ5OSQzNjE0ODEjNjEjJDEjJDAjJDgz,1700.0
JDU4MTI3MSM1MSMkMiMkMCMkMDAkMzgxOTYxIzMxIyQxIyQ3IyQ3MiQzNjE4MzIjNjEjJDEjJDgjJDgz,1800.0
JDU4MTI3MSM1MSMkMiMkMCMkMDAkMzgxOTYxIzMxIyQxIyQ3IyQ5OSQzNjE0ODEjNDEjJDEjJDQjJDgz,1900.0
JDU4MTI3MSM1MSMkMiMkMCMkMDAkMzgxOTYxIzMxIyQxIyQzIyQ4OSQyNjE0ODEjNTEjJDEjJDYjJDgz,1900.0
JDU4MTI3MSM1MSMkMiMkMCMkMDAkMzgxOTYxIzMxIyQxIyQzIyQ4OSQyNjEyMjIjNDEjJDEjJDQjJDgz,1730.0
JDU4MTI3MSM1MSMkMiMkMCMkMDAkMzgxOTYxIzQxIyQxIyQ3IyQ2MiQyNjE0ODEjODEjJDEjJDIjJDgz,
JDU4MTI3MSM1MSMkMiMkMCMkMDAkMzgxOTYxIzQxIyQxIyQ3IyQ3OSQ0NjEwMDIjNTEjJDEjJDIjJDgz,1300.0
JDU4MTI3MSM1MSMkMiMkMCMkMDAkMzgxOTYxIzQxIyQxIyQ3IyQ4OSQzNjE4MzIjNTEjJDEjJDYjJDgz,
JDU4MTI3MSM1MSMkMiMkMCMkMDAkMzgxOTYxIzUxIyQxIyQ1IyQ2MiQ0NjEwMDIjNjEjJDEjJDAjJDgz,1830.0
JDU4MTI3MSM1MSMkMiMkMCMkMDAkMzgxOTYxIzUxIyQxIyQxIyQwMyQyNjE4MzIjODEjJDEjJDIjJDgz,1900.0
JDU4MTI3MSM1MSMkMiMkMCMkMDAkNDgxMTkxIzExIyQxIyQ3IyQ3MiQ0NjEwMDIjODEjJDEjJDIjJDgz,
JDU4MTI3MSM1MSMkMiMkMCMkMDAkNDgxMTkxIzExIyQxIyQ3IyQwMyQzNjE0ODEjODEjJDEjJDYjJDgz,1800.0
JDU4MTI3MSM1MSMkMiMkMCMkMDAkNDgxMTkxIzIxIyQxIyQ1IyQ2MiQzNjE4MzIjNzEjJDEjJDgjJDgz,1900.0
JDU4MTI3MSM1MSMkMiMkMCMkMDAkNDgxMTkxIzIxIyQxIyQ5IyQ3OSQ0NjE0ODEjNTEjJDEjJDIjJDgz,1800.0
JDU4MTI3MSM1MSMkMiMkMCMkMDAkNDgxMTkxIzMxIyQxIyQ3IyQ2MiQzNjEyMjIjODEjJDEjJDIjJDgz,1830.0
JDU4MTI3MSM1MSMkMiMkMCMkMDAkNDgxMTkxIzMxIyQxIyQ3IyQ3OSQzNjE4MzIjNzEjJDEjJDgjJDgz,1830.0
JDU4MTI3MSM1MSMkMiMkMCMkMDAkNDgxMTkxIzMxIyQxIyQ3IyQ5OSQyNjEwMDIjNTEjJDEjJDIjJDgz,1900.0
JDU4MTI3MSM1MSMkMiMkMCMkMDAkNDgxMTkxIzMxIyQxIyQzIyQwMyQzNjEwMDIjNTEjJDEjJDIjJDgz,600.0
JDU4MTI3MSM1MSMkMiMkMCMkMDAkNDgxMTkxIzMxIyQxIyQzIyQxMyQzNjE4MzIjNjEjJDEjJDgjJDgz,1800.0
JDU4MTI3MSM1MSMkMiMkMCMkMDAkNDgxMTkxIzUxIyQxIyQ1IyQ4MiQ0NjEwMDIjNjEjJDEjJDgjJDgz,1800.0
JDU4MTI3MSM1MSMkMiMkMCMkMDAkNDgxMTkxIzUxIyQxIyQ1IyQ5OSQzNjE0ODEjNjEjJDEjJDgjJDgz,1830.0
JDU4MTI3MSM1MSMkMiMkMCMkMDAkNDgxMTkxIzUxIyQxIyQxIyQ5OSQyNjE4MzIjNDEjJDEjJDgjJDgz,1730.0
JDU4MTI3MSM1MSMkMiMkMCMkMDAkNDgxMzUxIzExIyQxIyQ3IyQ4OSQyNjEyMjIjNDEjJDEjJDgjJDgz,1830.0
JDU4MTI3MSM1MSMkMiMkMCMkMDAkNDgxMzUxIzIxIyQxIyQ1IyQ5MiQyNjEyMjIjNzEjJDEjJDgjJDgz,2100.0
JDU4MTI3MSM1MSMkMiMkMCMkMDAkNDgxMzUxIzIxIyQxIyQxIyQ3OSQzNjEyMjIjNTEjJDEjJDIjJDgz,1800.0
JDU4MTI3MSM1MSMkMiMkMCMkMDAkNDgxMzUxIzMxIyQxIyQ3IyQ4MiQ0NjE0ODEjODEjJDEjJDIjJDgz,1900.0
JDU4MTI3MSM1MSMkMiMkMCMkMDAkNDgxMzUxIzMxIyQxIyQ3IyQxMyQzNjE0ODEjNzEjJDEjJDgjJDgz,1400.0
JDU4MTI3MSM1MSMkMiMkMCMkMDAkNDgxMzUxIzMxIyQxIyQzIyQ2MiQzNjEyMjIjNDEjJDEjJDgjJDgz,1830.0
JDU4MTI3MSM1MSMkMiMkMCMkMDAkNDgxMzUxIzMxIyQyIyQzIyQwMCQ0NjEwMDIjODEjJDEjJDIjJDgz,1900.0
JDU4MTI3MSM1MSMkMiMkMCMkMDAkNDgxMzUxIzQxIyQxIyQ3IyQ4OSQyNjEwMDIjNDEjJDEjJDgjJDgz,1820.0
JDU4MTI3MSM1MSMkMiMkMCMkMDAkNDgxMzUxIzQxIyQxIyQ3IyQwMyQyNjE0ODEjNTEjJDEjJDYjJDgz,1900.0
JDU4MTI3MSM1MSMkMiMkMCMkMDAkNDgxMzUxIzUxIyQxIyQ1IyQ5OSQyNjE0ODEjNTEjJDEjJDIjJDgz,1830.0
JDU4MTI3MSM1MSMkMiMkMCMkMDAkNDgxMzUxIzUxIyQxIyQ1IyQwMyQyNjEyMjIjNTEjJDEjJDIjJDgz,1900.0
JDU4MTI3MSM1MSMkMiMkMCMkMDAkNDgxMzUxIzUxIyQxIyQ1IyQwMyQzNjEwMDIjNzEjJDEjJDgjJDgz,1900.0
JDU4MTI3MSM1MSMkMiMkMCMkMDAkNDgxMzUxIzUxIyQxIyQ1IyQxMyQ0NjE0ODEjODEjJDEjJDYjJDgz,1800.0
JDU4MTI3MSM1MSMkMiMkMCMkMDAkNDgxNzAyIzExIyQxIyQzIyQ5OSQyNjE4MzIjNjEjJDEjJDgjJDgz,1800.0
JDU4MTI3MSM1MSMkMiMkMCMkMDAkNDgxNzAyIzIxIyQxIyQ1IyQ2MiQyNjE0ODEjNjEjJDEjJDQjJDgz,1900.0
JDU4MTI3MSM1MSMkMiMkMCMkMDAkNDgxNzAyIzIxIyQxIyQ1IyQ2MiQzNjEyMjIjNjEjJDEjJDAjJDgz,2100.0
JDU4MTI3MSM1MSMkMiMkMCMkMDAkNDgxNzAyIzIxIyQxIyQ5IyQ2MiQyNjEwMDIjNDEjJDEjJDQjJDgz,2000.0
JDU4MTI3MSM1MSMkMiMkMCMkMDAkNDgxNzAyIzIxIyQxIyQ5IyQ4OSQyNjEyMjIjNjEjJDEjJDgjJDgz,1830.0
JDU4MTI3MSM1MSMkMiMkMCMkMDAkNDgxNzAyIzIxIyQxIyQxIyQ4MiQzNjE0ODEjNjEjJDEjJDgjJDgz,2100.0
JDU4MTI3MSM1MSMkMiMkMCMkMDAkNDgxNzAyIzMxIyQxIyQ3IyQ3OSQzNjEwMDIjNjEjJDEjJDgjJDgz,1900.0
JDU4MTI3MSM1MSMkMiMkMCMkMDAkNDgxNzAyIzQxIyQxIyQ3IyQ3OSQzNjEyMjIjNDEjJDEjJDgjJDgz,1830.0
JDU4MTI3MSM1MSMkMiMkMCMkMDAkNDgxNzAyIzQxIyQxIyQ3IyQ4OSQzNjEwMDIjNDEjJDEjJDQjJDgz,2100.0
JDU4MTI3MSM1MSMkMiMkMCMkMDAkNDgxNzAyIzUxIyQxIyQ1IyQ4OSQzNjE0ODEjNjEjJDEjJDAjJDgz,1730.0
JDU4MTI3MSM1MSMkMiMkMCMkMDAkNDgxNzAyIzUxIyQxIyQ1IyQxMyQzNjE0ODEjNTEjJDEjJDIjJDgz,1900.0
JDU4MTI3MSM1MSMkMiMkMCMkMDAkNDgxNzAyIzUxIyQxIyQxIyQ4MiQzNjEyMjIjNDEjJDEjJDgjJDgz,2000.0
JDU4MTI3MSM1MSMkMiMkMCMkMDAkNDgxOTYxIzExIyQxIyQ3IyQ3OSQ0NjE0ODEjODEjJDEjJDIjJDgz,1800.0
JDU4MTI3MSM1MSMkMiMkMCMkMDAkNDgxOTYxIzExIyQxIyQ3IyQ4OSQzNjE0ODEjNTEjJDEjJDIjJDgz,1830.0
JDU4MTI3MSM1MSMkMiMkMCMkMDAkNDgxOTYxIzExIyQxIyQzIyQ3OSQ0NjEwMDIjNDEjJDEjJDQjJDgz,2000.0
JDU4MTI3MSM1MSMkMiMkMCMkMDAkNDgxOTYxIzIxIyQxIyQ1IyQ3MiQyNjEwMDIjNDEjJDEjJDQjJDgz,1900.0
JDU4MTI3MSM1MSMkMiMkMCMkMDAkNDgxOTYxIzIxIyQxIyQ5IyQ3MiQzNjEyMjIjNzEjJDEjJDgjJDgz,2100.0
JDU4MTI3MSM1MSMkMiMkMCMkMDAkNDgxOTYxIzIxIyQxIyQ5IyQ4MiQ0NjE0ODEjNDEjJDEjJDgjJDgz,1800.0
JDU4MTI3MSM1MSMkMiMkMCMkMDAkNDgxOTYxIzIxIyQxIyQ5IyQ5MiQyNjE0ODEjNTEjJDEjJDIjJDgz,1800.0
JDU4MTI3MSM1MSMkMiMkMCMkMDAkNDgxOTYxIzIxIyQxIyQxIyQ4OSQzNjEwMDIjNzEjJDEjJDgjJDgz,2000.0
JDU4MTI3MSM1MSMkMiMkMCMkMDAkNDgxOTYxIzIxIyQxIyQxIyQ5MiQyNjE0ODEjNDEjJDEjJDQjJDgz,1800.0
JDU4MTI3MSM1MSMkMiMkMCMkMDAkNDgxOTYxIzIxIyQxIyQxIyQ5OSQzNjE0ODEjNjEjJDEjJDgjJDgz,1930.0
JDU4MTI3MSM1MSMkMiMkMCMkMDAkNDgxOTYxIzIxIyQyIyQxIyQwMCQyNjEwMDIjODEjJDEjJDYjJDgz,2000.0
JDU4MTI3MSM1MSMkMiMkMCMkMDAkNDgxOTYxIzMxIyQxIyQ3IyQ4MiQyNjEwMDIjNjEjJDEjJDgjJDgz,1730.0
JDU4MTI3MSM1MSMkMiMkMCMkMDAkNDgxOTYxIzMxIyQxIyQ3IyQ5MiQ0NjE0ODEjNDEjJDEjJDgjJDgz,
JDU4MTI3MSM1MSMkMiMkMCMkMDAkNDgxOTYxIzMxIyQxIyQzIyQ3OSQyNjE4MzIjNTEjJDEjJDIjJDgz,1800.0
JDU4MTI3MSM1MSMkMiMkMCMkMDAkNDgxOTYxIzQxIyQxIyQ3IyQwMyQzNjEwMDIjNDEjJDEjJDQjJDgz,1800.0
JDU4MTI3MSM1MSMkMiMkMCMkMDAkNDgxOTYxIzQxIyQxIyQ3IyQxMyQyNjEwMDIjNjEjJDEjJDAjJDgz,1900.0
JDU4MTI3MSM1MSMkMiMkMCMkMDAkNDgxOTYxIzQxIyQxIyQ3IyQxMyQyNjEyMjIjNTEjJDEjJDIjJDgz,1900.0
JDU4MTI3MSM1MSMkMiMkMCMkMDAkNDgxOTYxIzUxIyQxIyQ1IyQwMyQzNjE0ODEjNjEjJDEjJDAjJDgz,1830.0
JDU4MTI3MSM1MSMkMiMkMCMkMDAkNDgxOTYxIzUxIyQxIyQ1IyQwMyQzNjEyMjIjNDEjJDEjJDgjJDgz,1830.0
JDU4MTI3MSM1MSMkMiMkMCMkMDAkNDgxOTYxIzUxIyQxIyQxIyQ5OSQ0NjE0ODEjNzEjJDEjJDgjJDgz,1900.0
JDU4MTI3MSM1MSMkMiMkMCMkMDAkNTgxMzUxIzExIyQyIyQzIyQwMCQyNjEyMjIjNDEjJDEjJDgjJDgz,1900.0
JDU4MTI3MSM1MSMkMiMkMCMkMDAkNTgxMzUxIzIxIyQxIyQ1IyQ2MiQ0NjEwMDIjNjEjJDEjJDAjJDgz,1900.0
JDU4MTI3MSM1MSMkMiMkMCMkMDAkNTgxMzUxIzIxIyQxIyQ1IyQ4MiQyNjE4MzIjNDEjJDEjJDQjJDgz,
JDU4MTI3MSM1MSMkMiMkMCMkMDAkNTgxMzUxIzIxIyQxIyQ5IyQ4MiQ0NjEwMDIjNjEjJDEjJDQjJDgz,1830.0
JDU4MTI3MSM1MSMkMiMkMCMkMDAkNTgxMzUxIzIxIyQxIyQ5IyQ4MiQyNjEwMDIjNDEjJDEjJDQjJDgz,1830.0
JDU4MTI3MSM1MSMkMiMkMCMkMDAkNTgxMzUxIzQxIyQxIyQ3IyQ4MiQzNjE4MzIjODEjJDEjJDIjJDgz,2100.0
JDU4MTI3MSM1MSMkMiMkMCMkMDAkNTgxMzUxIzQxIyQxIyQ3IyQ5MiQzNjEyMjIjNzEjJDEjJDgjJDgz,1900.0
JDU4MTI3MSM1MSMkMiMkMCMkMDAkNTgxMzUxIzQxIyQxIyQ3IyQ5OSQ0NjEwMDIjNjEjJDEjJDQjJDgz,1800.0
JDU4MTI3MSM1MSMkMiMkMCMkMDAkNTgxMzUxIzUxIyQxIyQ1IyQ4OSQyNjE4MzIjNDEjJDEjJDgjJDgz,1830.0
JDU4MTI3MSM1MSMkMiMkMCMkMDAkNTgxMzUxIzUxIyQxIyQ1IyQ4OSQzNjE4MzIjNjEjJDEjJDAjJDgz,1830.0
JDU4MTI3MSM1MSMkMiMkMCMkMDAkNTgxOTYxIzExIyQxIyQ3IyQxMyQzNjEwMDIjNDEjJDEjJDgjJDgz,2100.0
JDU4MTI3MSM1MSMkMiMkMCMkMDAkNTgxOTYxIzExIyQxIyQzIyQ4OSQzNjEyMjIjNjEjJDEjJDAjJDgz,2100.0
JDU4MTI3MSM1MSMkMiMkMCMkMDAkNTgxOTYxIzExIyQxIyQzIyQxMyQyNjEwMDIjNDEjJDEjJDgjJDgz,1830.0
JDU4MTI3MSM1MSMkMiMkMCMkMDAkNTgxOTYxIzIxIyQxIyQ1IyQ2MiQyNjE4MzIjNDEjJDEjJDgjJDgz,2100.0
JDU4MTI3MSM1MSMkMiMkMCMkMDAkNTgxOTYxIzIxIyQxIyQ1IyQ5OSQzNjE0ODEjNjEjJDEjJDAjJDgz,1800.0
JDU4MTI3MSM1MSMkMiMkMCMkMDAkNTgxOTYxIzIxIyQxIyQ1IyQwMyQyNjE4MzIjNDEjJDEjJDQjJDgz,1900.0
JDU4MTI3MSM1MSMkMiMkMCMkMDAkNTgxOTYxIzIxIyQxIyQ5IyQ5OSQyNjE0ODEjODEjJDEjJDIjJDgz,2000.0
JDU4MTI3MSM1MSMkMiMkMCMkMDAkNTgxOTYxIzIxIyQyIyQ1IyQwMCQyNjEyMjIjNjEjJDEjJDQjJDgz,1900.0
JDU4MTI3MSM1MSMkMiMkMCMkMDAkNTgxOTYxIzIxIyQyIyQxIyQwMCQ0NjEwMDIjNjEjJDEjJDgjJDgz,2000.0
JDU4MTI3MSM1MSMkMiMkMCMkMDAkNTgxOTYxIzMxIyQxIyQ3IyQ2MiQzNjEwMDIjNjEjJDEjJDgjJDgz,1900.0
JDU4MTI3MSM1MSMkMiMkMCMkMDAkNTgxOTYxIzMxIyQxIyQzIyQxMyQzNjEwMDIjNjEjJDEjJDgjJDgz,1900.0
