암호화요양기호,요양기관명
JDQ4MTYyMiM1MSMkMSMkMCMkMTMkMzgxMTkxIzExIyQxIyQzIyQ4OSQzNjEyMjIjNDEjJDEjJDgjJDgz,(학교법인)동국대학교 한의과대학 분당한방병원
JDQ4MTYyMiM1MSMkMSMkMCMkMTMkMzgxMTkxIzIxIyQxIyQxIyQ3MiQyNjE0ODEjNTEjJDEjJDYjJDgz,성남제일한방병원
JDQ4MTYyMiM1MSMkMSMkMCMkMTMkMzgxMTkxIzIxIyQyIyQ5IyQwMCQyNjEyMjIjODEjJDEjJDIjJDgz,365매일한방병원
JDQ4MTYyMiM1MSMkMSMkMCMkMTMkMzgxNzAyIzExIyQxIyQzIyQxMyQzNjEyMjIjNjEjJDEjJDAjJDgz,경희한의원
JDQ4MTYyMiM1MSMkMSMkMCMkMTMkMzgxNzAyIzIxIyQxIyQ1IyQ3MiQzNjEwMDIjNjEjJDEjJDgjJDgz,모란성심한의원
JDQ4MTYyMiM1MSMkMSMkMCMkMTMkMzgxNzAyIzIxIyQxIyQ1IyQxMyQzNjEwMDIjNjEjJDEjJDQjJDgz,길한의원
JDQ4MTYyMiM1MSMkMSMkMCMkMTMkMzgxNzAyIzMxIyQxIyQ3IyQ3OSQzNjEyMjIjNzEjJDEjJDgjJDgz,빛과소리하성한의원
JDQ4MTYyMiM1MSMkMSMkMCMkMTMkMzgxNzAyIzQxIyQxIyQ3IyQ2MiQyNjEwMDIjNDEjJDEjJDgjJDgz,송금당한의원
JDQ4MTYyMiM1MSMkMSMkMCMkMTMkMzgxNzAyIzQxIyQxIyQ3IyQ3OSQ0NjE0ODEjNDEjJDEjJDQjJDgz,경희한중한의원
JDQ4MTYyMiM1MSMkMSMkMCMkMTMkMzgxNzAyIzQxIyQxIyQ3IyQ5MiQzNjE0ODEjODEjJDEjJDIjJDgz,윤한의원
JDQ4MTYyMiM1MSMkMSMkMCMkMTMkMzgxNzAyIzQxIyQyIyQ3IyQwMCQzNjEwMDIjNzEjJDEjJDgjJDgz,오한의원
JDQ4MTYyMiM1MSMkMSMkMCMkMTMkMzgxNzAyIzUxIyQxIyQ1IyQ5OSQzNjEwMDIjNTEjJDEjJDIjJDgz,청강한의원
JDQ4MTYyMiM1MSMkMSMkMCMkMTMkMzgxNzAyIzUxIyQxIyQxIyQxMyQ0NjEwMDIjNDEjJDEjJDQjJDgz,자인한의원
JDQ4MTYyMiM1MSMkMSMkMCMkMTMkNDgxMTkxIzExIyQxIyQzIyQ3OSQyNjE0ODEjNjEjJDEjJDgjJDgz,경희행복한한의원
JDQ4MTYyMiM1MSMkMSMkMCMkMTMkNDgxMTkxIzExIyQxIyQzIyQ5OSQzNjEyMjIjNDEjJDEjJDQjJDgz,밝은덕한의원
JDQ4MTYyMiM1MSMkMSMkMCMkMTMkNDgxMTkxIzExIyQyIyQ3IyQwMCQyNjE4MzIjODEjJDEjJDYjJDgz,분당수내한의원
JDQ4MTYyMiM1MSMkMSMkMCMkMTMkNDgxMTkxIzIxIyQxIyQ1IyQ4MiQzNjEyMjIjODEjJDEjJDIjJDgz,일맥한의원
JDQ4MTYyMiM1MSMkMSMkMCMkMTMkNDgxMTkxIzIxIyQxIyQ1IyQxMyQ0NjE0ODEjNjEjJDEjJDgjJDgz,동서경희한의원
JDQ4MTYyMiM1MSMkMSMkMCMkMTMkNDgxMTkxIzIxIyQxIyQ5IyQ3MiQzNjE0ODEjNDEjJDEjJDgjJDgz,동의보감한의원
JDQ4MTYyMiM1MSMkMSMkMCMkMTMkNDgxMTkxIzIxIyQxIyQ5IyQ5OSQyNjEwMDIjNjEjJDEjJDAjJDgz,으뜸한의원
JDQ4MTYyMiM1MSMkMSMkMCMkMTMkNDgxMTkxIzIxIyQxIyQxIyQ2MiQ0NjE0ODEjNTEjJDEjJDYjJDgz,인상흠한의원
JDQ4MTYyMiM1MSMkMSMkMCMkMTMkNDgxMTkxIzMxIyQxIyQ3IyQ3OSQ0NjEwMDIjODEjJDEjJDIjJDgz,이원익한의원
JDQ4MTYyMiM1MSMkMSMkMCMkMTMkNDgxMTkxIzMxIyQxIyQ3IyQ4OSQ0NjEwMDIjNjEjJDEjJDQjJDgz,해바라기한의원
JDQ4MTYyMiM1MSMkMSMkMCMkMTMkNDgxMTkxIzMxIyQxIyQ3IyQxMyQ0NjE0ODEjNjEjJDEjJDQjJDgz,소생한의원
JDQ4MTYyMiM1MSMkMSMkMCMkMTMkNDgxMTkxIzMxIyQxIyQ3IyQxMyQyNjEyMjIjNjEjJDEjJDgjJDgz,사랑한의원
JDQ4MTYyMiM1MSMkMSMkMCMkMTMkNDgxMTkxIzMxIyQxIyQzIyQ5MiQ0NjEwMDIjNTEjJDEjJDIjJDgz,기운찬한의원
JDQ4MTYyMiM1MSMkMSMkMCMkMTMkNDgxMTkxIzUxIyQxIyQ1IyQ5MiQyNjEwMDIjNTEjJDEjJDIjJDgz,백년지기한의원
JDQ4MTYyMiM1MSMkMSMkMCMkMTMkNDgxMTkxIzUxIyQxIyQxIyQwMyQzNjE4MzIjNTEjJDEjJDIjJDgz,선한의원
JDQ4MTYyMiM1MSMkMSMkMCMkMTMkNDgxMzUxIzExIyQxIyQzIyQ4OSQ0NjEwMDIjNjEjJDEjJDgjJDgz,인다라한의원
JDQ4MTYyMiM1MSMkMSMkMCMkMTMkNDgxMzUxIzExIyQyIyQzIyQwMCQyNjE4MzIjNDEjJDEjJDgjJDgz,신흥한의원
JDQ4MTYyMiM1MSMkMSMkMCMkMTMkNDgxMzUxIzIxIyQxIyQ1IyQxMyQzNjE0ODEjNTEjJDEjJDIjJDgz,거북이한의원
JDQ4MTYyMiM1MSMkMSMkMCMkMTMkNDgxMzUxIzMxIyQxIyQ3IyQ3MiQyNjE4MzIjNjEjJDEjJDAjJDgz,늘좋은한의원
JDQ4MTYyMiM1MSMkMSMkMCMkMTMkNDgxMzUxIzMxIyQxIyQ3IyQ4MiQyNjE4MzIjNDEjJDEjJDgjJDgz,올봄 한의원
JDQ4MTYyMiM1MSMkMSMkMCMkMTMkNDgxMzUxIzMxIyQxIyQzIyQxMyQ0NjEwMDIjNjEjJDEjJDgjJDgz,정재환한의원
JDQ4MTYyMiM1MSMkMSMkMCMkMTMkNDgxMzUxIzQxIyQxIyQ3IyQ3MiQyNjEyMjIjNTEjJDEjJDIjJDgz,박광은한의원
JDQ4MTYyMiM1MSMkMSMkMCMkMTMkNDgxMzUxIzUxIyQxIyQ1IyQ3OSQyNjE0ODEjNTEjJDEjJDIjJDgz,제중한의원
JDQ4MTYyMiM1MSMkMSMkMCMkMTMkNDgxNzAyIzExIyQxIyQ3IyQ4MiQyNjEyMjIjODEjJDEjJDIjJDgz,탑으뜸한의원
JDQ4MTYyMiM1MSMkMSMkMCMkMTMkNDgxNzAyIzExIyQyIyQzIyQwMCQzNjE4MzIjNDEjJDEjJDgjJDgz,휴한의원
JDQ4MTYyMiM1MSMkMSMkMCMkMTMkNDgxNzAyIzIxIyQxIyQ1IyQ3MiQzNjEyMjIjNjEjJDEjJDgjJDgz,시청앞경희한의원
JDQ4MTYyMiM1MSMkMSMkMCMkMTMkNDgxNzAyIzIxIyQyIyQxIyQwMCQyNjE0ODEjNjEjJDEjJDgjJDgz,하늘마음한의원
JDQ4MTYyMiM1MSMkMSMkMCMkMTMkNDgxNzAyIzMxIyQxIyQ3IyQ5MiQzNjE0ODEjNTEjJDEjJDYjJDgz,박종훈경동한의원
JDQ4MTYyMiM1MSMkMSMkMCMkMTMkNDgxNzAyIzMxIyQxIyQ3IyQwMyQyNjE0ODEjODEjJDEjJDIjJDgz,안아픈경희한의원
JDQ4MTYyMiM1MSMkMSMkMCMkMTMkNDgxNzAyIzUxIyQxIyQ1IyQ4OSQzNjE4MzIjNTEjJDEjJDYjJDgz,경희제생한의원
JDQ4MTYyMiM1MSMkMSMkMCMkMTMkNDgxNzAyIzUxIyQxIyQ1IyQ5OSQzNjEwMDIjNjEjJDEjJDAjJDgz,려한의원
JDQ4MTYyMiM1MSMkMSMkMCMkMTMkNDgxNzAyIzUxIyQxIyQxIyQxMyQyNjE4MzIjNTEjJDEjJDIjJDgz,에이치에스한의원
JDQ4MTYyMiM1MSMkMSMkMCMkMTMkNDgxNzAyIzUxIyQyIyQ1IyQwMCQyNjEwMDIjODEjJDEjJDYjJDgz,창창한의원
JDQ4MTYyMiM1MSMkMSMkMCMkMTMkNDgxOTYxIzExIyQxIyQzIyQ2MiQzNjEwMDIjNDEjJDEjJDgjJDgz,자광한의원
JDQ4MTYyMiM1MSMkMSMkMCMkMTMkNDgxOTYxIzExIyQxIyQzIyQxMyQ0NjEwMDIjNDEjJDEjJDQjJDgz,청수한의원
JDQ4MTYyMiM1MSMkMSMkMCMkMTMkNDgxOTYxIzIxIyQxIyQ1IyQ2MiQzNjE0ODEjNDEjJDEjJDgjJDgz,바른추한의원
JDQ4MTYyMiM1MSMkMSMkMCMkMTMkNDgxOTYxIzIxIyQxIyQ1IyQ4MiQyNjE0ODEjNTEjJDEjJDYjJDgz,서현한의원
JDQ4MTYyMiM1MSMkMSMkMCMkMTMkNDgxOTYxIzIxIyQxIyQ1IyQwMyQzNjE0ODEjNDEjJDEjJDgjJDgz,분당8+1한의원
JDQ4MTYyMiM1MSMkMSMkMCMkMTMkNDgxOTYxIzIxIyQxIyQ5IyQ3MiQyNjE4MzIjNzEjJDEjJDgjJDgz,명문한의원
JDQ4MTYyMiM1MSMkMSMkMCMkMTMkNDgxOTYxIzIxIyQxIyQxIyQ3MiQzNjEyMjIjODEjJDEjJDYjJDgz,우제한의원
JDQ4MTYyMiM1MSMkMSMkMCMkMTMkNDgxOTYxIzMxIyQxIyQzIyQ2MiQzNjE0ODEjNjEjJDEjJDAjJDgz,삼성한의원
JDQ4MTYyMiM1MSMkMSMkMCMkMTMkNDgxOTYxIzUxIyQxIyQ1IyQ4OSQ0NjE0ODEjNDEjJDEjJDgjJDgz,청구경희한의원
JDQ4MTYyMiM1MSMkMSMkMCMkMTMkNDgxOTYxIzUxIyQxIyQ1IyQwMyQzNjE0ODEjODEjJDEjJDYjJDgz,김선영한의원
JDQ4MTYyMiM1MSMkMSMkMCMkMTMkNDgxOTYxIzUxIyQxIyQxIyQ2MiQzNjE0ODEjNTEjJDEjJDYjJDgz,우리솔한의원
JDQ4MTYyMiM1MSMkMSMkMCMkMTMkNDgxOTYxIzUxIyQxIyQxIyQ4MiQyNjE4MzIjNDEjJDEjJDQjJDgz,일이삼한의원
JDQ4MTYyMiM1MSMkMSMkMCMkNzIkMzgxMTkxIzExIyQxIyQ3IyQ5MiQzNjE4MzIjNDEjJDEjJDgjJDgz,신현대치과의원
JDQ4MTYyMiM1MSMkMSMkMCMkNzIkMzgxMTkxIzExIyQxIyQzIyQ5OSQ0NjE0ODEjNjEjJDEjJDgjJDgz,예인치과의원
JDQ4MTYyMiM1MSMkMSMkMCMkNzIkMzgxMTkxIzExIyQyIyQzIyQwMCQ0NjE0ODEjNTEjJDEjJDYjJDgz,한솔치과의원
JDQ4MTYyMiM1MSMkMSMkMCMkNzIkMzgxMTkxIzIxIyQxIyQ1IyQ3MiQzNjE0ODEjNjEjJDEjJDAjJDgz,아이사랑치과의원
JDQ4MTYyMiM1MSMkMSMkMCMkNzIkMzgxMTkxIzIxIyQxIyQ1IyQ4MiQyNjE0ODEjODEjJDEjJDYjJDgz,향기로운치과의원
JDQ4MTYyMiM1MSMkMSMkMCMkNzIkMzgxMTkxIzIxIyQxIyQxIyQ3MiQyNjE4MzIjNDEjJDEjJDQjJDgz,온세치과의원
JDQ4MTYyMiM1MSMkMSMkMCMkNzIkMzgxMTkxIzIxIyQxIyQxIyQ4OSQyNjEyMjIjNTEjJDEjJDIjJDgz,진익재치과의원
JDQ4MTYyMiM1MSMkMSMkMCMkNzIkMzgxMTkxIzMxIyQxIyQ3IyQ2MiQyNjE4MzIjODEjJDEjJDIjJDgz,분당NYU치과의원
JDQ4MTYyMiM1MSMkMSMkMCMkNzIkMzgxMTkxIzMxIyQxIyQ3IyQ4OSQzNjE0ODEjNjEjJDEjJDAjJDgz,엠디원치과의원
JDQ4MTYyMiM1MSMkMSMkMCMkNzIkMzgxMTkxIzMxIyQxIyQzIyQwMyQyNjEwMDIjNjEjJDEjJDAjJDgz,김동선치과의원
JDQ4MTYyMiM1MSMkMSMkMCMkNzIkMzgxMTkxIzQxIyQxIyQ3IyQ2MiQzNjE0ODEjNTEjJDEjJDIjJDgz,판교우리치과의원
JDQ4MTYyMiM1MSMkMSMkMCMkNzIkMzgxMTkxIzQxIyQxIyQ3IyQ5MiQyNjE4MzIjNjEjJDEjJDgjJDgz,메디사랑치과의원
JDQ4MTYyMiM1MSMkMSMkMCMkNzIkMzgxMTkxIzQxIyQyIyQ3IyQwMCQyNjE4MzIjNzEjJDEjJDgjJDgz,마이엠치과의원
JDQ4MTYyMiM1MSMkMSMkMCMkNzIkMzgxMTkxIzUxIyQxIyQ1IyQ4OSQyNjE0ODEjNDEjJDEjJDgjJDgz,e-아름다운치과의원
JDQ4MTYyMiM1MSMkMSMkMCMkNzIkMzgxMTkxIzUxIyQxIyQ1IyQ5MiQyNjEyMjIjNDEjJDEjJDgjJDgz,심미치과의원
JDQ4MTYyMiM1MSMkMSMkMCMkNzIkMzgxMTkxIzUxIyQxIyQ1IyQwMyQyNjEyMjIjODEjJDEjJDIjJDgz,하얀이치과의원
JDQ4MTYyMiM1MSMkMSMkMCMkNzIkMzgxMzUxIzExIyQxIyQ3IyQ4MiQyNjE0ODEjNjEjJDEjJDQjJDgz,상아치과의원
JDQ4MTYyMiM1MSMkMSMkMCMkNzIkMzgxMzUxIzExIyQxIyQ3IyQ5OSQ0NjEwMDIjNDEjJDEjJDQjJDgz,성심치과의원
JDQ4MTYyMiM1MSMkMSMkMCMkNzIkMzgxMzUxIzIxIyQxIyQ5IyQ4OSQ0NjE0ODEjNTEjJDEjJDYjJDgz,소망치과의원
JDQ4MTYyMiM1MSMkMSMkMCMkNzIkMzgxMzUxIzIxIyQxIyQxIyQ3MiQyNjE0ODEjNjEjJDEjJDAjJDgz,서헌치과의원
JDQ4MTYyMiM1MSMkMSMkMCMkNzIkMzgxMzUxIzMxIyQxIyQzIyQ5MiQzNjEyMjIjNzEjJDEjJDgjJDgz,김명윤치과의원
JDQ4MTYyMiM1MSMkMSMkMCMkNzIkMzgxMzUxIzMxIyQyIyQzIyQwMCQ0NjEwMDIjNTEjJDEjJDIjJDgz,최기찬치과의원
JDQ4MTYyMiM1MSMkMSMkMCMkNzIkMzgxMzUxIzQxIyQxIyQ3IyQxMyQyNjE4MzIjNDEjJDEjJDQjJDgz,사는기쁨치과의원
JDQ4MTYyMiM1MSMkMSMkMCMkNzIkMzgxMzUxIzQxIyQxIyQ3IyQxMyQzNjEwMDIjNjEjJDEjJDgjJDgz,성가치과의원
JDQ4MTYyMiM1MSMkMSMkMCMkNzIkMzgxMzUxIzUxIyQxIyQ1IyQwMyQzNjE0ODEjNTEjJDEjJDYjJDgz,신세계디지털치과의원
JDQ4MTYyMiM1MSMkMSMkMCMkNzIkMzgxMzUxIzUxIyQxIyQxIyQwMyQyNjE0ODEjNjEjJDEjJDAjJDgz,신구대학교부속치과의원
JDQ4MTYyMiM1MSMkMSMkMCMkNzIkMzgxNzAyIzExIyQxIyQ3IyQ2MiQ0NjE0ODEjNTEjJDEjJDIjJDgz,분당후즈후치과의원
JDQ4MTYyMiM1MSMkMSMkMCMkNzIkMzgxNzAyIzExIyQxIyQ3IyQ3OSQyNjEyMjIjNjEjJDEjJDAjJDgz,구대회현미경치과의원
JDQ4MTYyMiM1MSMkMSMkMCMkNzIkMzgxNzAyIzExIyQxIyQzIyQ2MiQyNjEyMjIjNzEjJDEjJDgjJDgz,MK참사랑치과의원
JDQ4MTYyMiM1MSMkMSMkMCMkNzIkMzgxNzAyIzExIyQxIyQzIyQ3OSQyNjE0ODEjNDEjJDEjJDgjJDgz,두리치과의원
JDQ4MTYyMiM1MSMkMSMkMCMkNzIkMzgxNzAyIzIxIyQxIyQ1IyQ4OSQyNjE4MzIjNTEjJDEjJDIjJDgz,굿모닝치과의원
JDQ4MTYyMiM1MSMkMSMkMCMkNzIkMzgxNzAyIzIxIyQxIyQ5IyQ4MiQ0NjE0ODEjNjEjJDEjJDgjJDgz,조준현치과의원
JDQ4MTYyMiM1MSMkMSMkMCMkNzIkMzgxNzAyIzIxIyQxIyQ5IyQ5OSQ0NjE0ODEjNzEjJDEjJDgjJDgz,우리치과의원
JDQ4MTYyMiM1MSMkMSMkMCMkNzIkMzgxNzAyIzMxIyQxIyQ3IyQwMyQzNjE0ODEjNDEjJDEjJDgjJDgz,메디피움 분당치과의원
JDQ4MTYyMiM1MSMkMSMkMCMkNzIkMzgxNzAyIzMxIyQxIyQ3IyQxMyQyNjEyMjIjNDEjJDEjJDgjJDgz,성남치과의원
JDQ4MTYyMiM1MSMkMSMkMCMkNzIkMzgxNzAyIzQxIyQyIyQ3IyQwMCQyNjEwMDIjNjEjJDEjJDgjJDgz,산호세치과의원
JDQ4MTYyMiM1MSMkMSMkMCMkNzIkMzgxNzAyIzUxIyQxIyQxIyQxMyQ0NjE0ODEjNTEjJDEjJDYjJDgz,연세도앤도치과의원
JDQ4MTYyMiM1MSMkMSMkMCMkNzIkMzgxOTYxIzIxIyQxIyQ1IyQ2MiQyNjEwMDIjNzEjJDEjJDgjJDgz,유정일치과의원
JDQ4MTYyMiM1MSMkMSMkMCMkNzIkMzgxOTYxIzIxIyQxIyQ1IyQwMyQzNjE0ODEjNDEjJDEjJDgjJDgz,장지철치과의원
JDQ4MTYyMiM1MSMkMSMkMCMkNzIkMzgxOTYxIzIxIyQxIyQ1IyQxMyQzNjEwMDIjNjEjJDEjJDgjJDgz,초림지세븐치과의원
JDQ4MTYyMiM1MSMkMSMkMCMkNzIkMzgxOTYxIzIxIyQxIyQ5IyQ3MiQzNjEyMjIjNDEjJDEjJDgjJDgz,분당상아치과의원
JDQ4MTYyMiM1MSMkMSMkMCMkNzIkMzgxOTYxIzIxIyQxIyQ5IyQ4MiQ0NjEwMDIjNTEjJDEjJDYjJDgz,박성원치과의원
JDQ4MTYyMiM1MSMkMSMkMCMkNzIkMzgxOTYxIzIxIyQxIyQ5IyQwMyQyNjEwMDIjNTEjJDEjJDIjJDgz,토우치과의원
JDQ4MTYyMiM1MSMkMSMkMCMkNzIkMzgxOTYxIzMxIyQxIyQ3IyQwMyQzNjEyMjIjNjEjJDEjJDgjJDgz,페리오플란트치과의원
JDQ4MTYyMiM1MSMkMSMkMCMkNzIkMzgxOTYxIzMxIyQxIyQzIyQ3OSQyNjEyMjIjODEjJDEjJDYjJDgz,연플러스치과의원
JDQ4MTYyMiM1MSMkMSMkMCMkNzIkMzgxOTYxIzMxIyQxIyQzIyQxMyQzNjEwMDIjODEjJDEjJDYjJDgz,분당세란치과의원
JDQ4MTYyMiM1MSMkMSMkMCMkNzIkMzgxOTYxIzMxIyQyIyQzIyQwMCQyNjE4MzIjODEjJDEjJDYjJDgz,박진치과의원
JDQ4MTYyMiM1MSMkMSMkMCMkNzIkMzgxOTYxIzQxIyQxIyQ3IyQ3OSQzNjE4MzIjNTEjJDEjJDIjJDgz,류장춘치과의원
JDQ4MTYyMiM1MSMkMSMkMCMkNzIkMzgxOTYxIzQxIyQxIyQ3IyQ5OSQzNjEyMjIjODEjJDEjJDYjJDgz,김선민치과의원
JDQ4MTYyMiM1MSMkMSMkMCMkNzIkMzgxOTYxIzUxIyQxIyQ1IyQ5OSQ0NjEwMDIjNjEjJDEjJDgjJDgz,성남리더스치과의원
JDQ4MTYyMiM1MSMkMSMkMCMkNzIkMzgxOTYxIzUxIyQxIyQ1IyQwMyQ0NjE0ODEjNDEjJDEjJDgjJDgz,백상치과의원
JDQ4MTYyMiM1MSMkMSMkMCMkNzIkMzgxOTYxIzUxIyQxIyQxIyQ2MiQzNjE4MzIjODEjJDEjJDIjJDgz,이승호치과의원
JDQ4MTYyMiM1MSMkMSMkMCMkNzIkMzgxOTYxIzUxIyQxIyQxIyQ4MiQyNjE0ODEjNjEjJDEjJDQjJDgz,노엘치과의원
JDQ4MTYyMiM1MSMkMSMkMCMkNzIkNDgxMTkxIzExIyQxIyQ3IyQ4OSQ0NjE0ODEjNzEjJDEjJDgjJDgz,서울다즐치과교정과치과의원
JDQ4MTYyMiM1MSMkMSMkMCMkNzIkNDgxMTkxIzExIyQxIyQ3IyQ5MiQyNjEwMDIjNTEjJDEjJDYjJDgz,연세나노치과의원
JDQ4MTYyMiM1MSMkMSMkMCMkNzIkNDgxMTkxIzExIyQxIyQ3IyQ5OSQzNjEyMjIjODEjJDEjJDIjJDgz,아이맘치과의원
JDQ4MTYyMiM1MSMkMSMkMCMkNzIkNDgxMTkxIzExIyQxIyQzIyQ4OSQyNjEyMjIjNDEjJDEjJDgjJDgz,판교어린이치과의원
JDQ4MTYyMiM1MSMkMSMkMCMkNzIkNDgxMTkxIzExIyQxIyQzIyQ5OSQyNjEwMDIjNDEjJDEjJDgjJDgz,서울플러스치과의원
JDQ4MTYyMiM1MSMkMSMkMCMkNzIkNDgxMTkxIzIxIyQxIyQ1IyQ4OSQzNjE4MzIjNDEjJDEjJDgjJDgz,인생플란트치과의원
JDQ4MTYyMiM1MSMkMSMkMCMkNzIkNDgxMTkxIzIxIyQxIyQ1IyQ5OSQyNjEyMjIjODEjJDEjJDIjJDgz,선치과의원
JDQ4MTYyMiM1MSMkMSMkMCMkNzIkNDgxMTkxIzIxIyQxIyQ5IyQ3OSQyNjE0ODEjNTEjJDEjJDYjJDgz,연세사랑의치과의원
JDQ4MTYyMiM1MSMkMSMkMCMkNzIkNDgxMTkxIzIxIyQxIyQ5IyQwMyQ0NjEwMDIjNjEjJDEjJDQjJDgz,도촌치과의원
JDQ4MTYyMiM1MSMkMSMkMCMkNzIkNDgxMTkxIzIxIyQxIyQxIyQ3OSQzNjE4MzIjODEjJDEjJDIjJDgz,서울로뎀치과의원
JDQ4MTYyMiM1MSMkMSMkMCMkNzIkNDgxMTkxIzIxIyQxIyQxIyQ5MiQzNjEwMDIjNTEjJDEjJDIjJDgz,S플러스치과의원
JDQ4MTYyMiM1MSMkMSMkMCMkNzIkNDgxMTkxIzMxIyQxIyQzIyQ4OSQyNjE4MzIjNDEjJDEjJDgjJDgz,연세노상엽치과의원
JDQ4MTYyMiM1MSMkMSMkMCMkNzIkNDgxMTkxIzMxIyQxIyQzIyQ5MiQzNjE0ODEjNTEjJDEjJDYjJDgz,웃는하루치과의원
JDQ4MTYyMiM1MSMkMSMkMCMkNzIkNDgxMTkxIzMxIyQyIyQzIyQwMCQzNjE4MzIjODEjJDEjJDYjJDgz,이레치과의원
JDQ4MTYyMiM1MSMkMSMkMCMkNzIkNDgxMTkxIzQxIyQxIyQ3IyQ5OSQyNjE0ODEjNzEjJDEjJDgjJDgz,연세SD 치과의원
JDQ4MTYyMiM1MSMkMSMkMCMkNzIkNDgxMTkxIzQxIyQxIyQ3IyQwMyQyNjEyMjIjNzEjJDEjJDgjJDgz,서울튼튼치과의원
JDQ4MTYyMiM1MSMkMSMkMCMkNzIkNDgxMzUxIzExIyQxIyQ3IyQ5MiQ0NjE0ODEjNDEjJDEjJDQjJDgz,민치과의원
JDQ4MTYyMiM1MSMkMSMkMCMkNzIkNDgxMzUxIzExIyQxIyQ3IyQwMyQyNjEwMDIjNDEjJDEjJDQjJDgz,서울나란이치과의원
JDQ4MTYyMiM1MSMkMSMkMCMkNzIkNDgxMzUxIzExIyQxIyQzIyQ2MiQyNjE4MzIjNDEjJDEjJDgjJDgz,아튼빌치과의원
JDQ4MTYyMiM1MSMkMSMkMCMkNzIkNDgxMzUxIzExIyQxIyQzIyQ3OSQzNjEyMjIjNjEjJDEjJDgjJDgz,뉴욕치과의원
JDQ4MTYyMiM1MSMkMSMkMCMkNzIkNDgxMzUxIzExIyQxIyQzIyQ5MiQ0NjEwMDIjNDEjJDEjJDgjJDgz,연세이미지치과의원
JDQ4MTYyMiM1MSMkMSMkMCMkNzIkNDgxMzUxIzExIyQyIyQzIyQwMCQyNjE4MzIjNTEjJDEjJDYjJDgz,연세센트럴치과의원
JDQ4MTYyMiM1MSMkMSMkMCMkNzIkNDgxMzUxIzIxIyQxIyQ1IyQwMyQ0NjE0ODEjNDEjJDEjJDQjJDgz,보스턴키즈치과의원
JDQ4MTYyMiM1MSMkMSMkMCMkNzIkNDgxMzUxIzIxIyQxIyQ1IyQxMyQyNjE0ODEjNDEjJDEjJDgjJDgz,밝은치과의원
JDQ4MTYyMiM1MSMkMSMkMCMkNzIkNDgxMzUxIzIxIyQxIyQxIyQ3OSQyNjEyMjIjNjEjJDEjJDgjJDgz,연세고운미소치과의원
JDQ4MTYyMiM1MSMkMSMkMCMkNzIkNDgxMzUxIzIxIyQxIyQxIyQ4OSQzNjEwMDIjODEjJDEjJDIjJDgz,서울웰치과의원
JDQ4MTYyMiM1MSMkMSMkMCMkNzIkNDgxMzUxIzMxIyQyIyQ3IyQwMCQ0NjE0ODEjNTEjJDEjJDIjJDgz,연세라인치과의원
JDQ4MTYyMiM1MSMkMSMkMCMkNzIkNDgxMzUxIzMxIyQyIyQ3IyQwMCQyNjEyMjIjNTEjJDEjJDYjJDgz,박근완치과의원
JDQ4MTYyMiM1MSMkMSMkMCMkNzIkNDgxMzUxIzQxIyQxIyQ3IyQxMyQzNjEyMjIjNjEjJDEjJDgjJDgz,카라치과의원
JDQ4MTYyMiM1MSMkMSMkMCMkNzIkNDgxMzUxIzUxIyQxIyQ1IyQ4MiQzNjEwMDIjODEjJDEjJDYjJDgz,에이플러스치과의원
JDQ4MTYyMiM1MSMkMSMkMCMkNzIkNDgxMzUxIzUxIyQxIyQ1IyQ5OSQyNjEyMjIjNjEjJDEjJDQjJDgz,보스톤치과의원
JDQ4MTYyMiM1MSMkMSMkMCMkNzIkNDgxNzAyIzExIyQxIyQzIyQ3MiQzNjEyMjIjODEjJDEjJDYjJDgz,하늘치과의원
JDQ4MTYyMiM1MSMkMSMkMCMkNzIkNDgxNzAyIzExIyQxIyQzIyQxMyQ0NjEwMDIjNTEjJDEjJDIjJDgz,서울아름치과의원
JDQ4MTYyMiM1MSMkMSMkMCMkNzIkNDgxNzAyIzIxIyQxIyQ1IyQ5OSQyNjEwMDIjNjEjJDEjJDQjJDgz,백세이안치과의원
JDQ4MTYyMiM1MSMkMSMkMCMkNzIkNDgxNzAyIzIxIyQxIyQxIyQwMyQ0NjEwMDIjODEjJDEjJDIjJDgz,서울하이안치과의원
JDQ4MTYyMiM1MSMkMSMkMCMkNzIkNDgxNzAyIzIxIyQyIyQ5IyQwMCQ0NjE0ODEjNjEjJDEjJDgjJDgz,더서울치과의원
JDQ4MTYyMiM1MSMkMSMkMCMkNzIkNDgxNzAyIzUxIyQxIyQ1IyQ3OSQ0NjE0ODEjNjEjJDEjJDgjJDgz,위례스마일치과의원
JDQ4MTYyMiM1MSMkMSMkMCMkNzIkNDgxNzAyIzUxIyQxIyQ1IyQxMyQzNjEyMjIjNjEjJDEjJDQjJDgz,정은치과의원
JDQ4MTYyMiM1MSMkMSMkMCMkNzIkNDgxNzAyIzUxIyQxIyQxIyQ4MiQzNjE0ODEjNDEjJDEjJDgjJDgz,라인플란트치과의원
JDQ4MTYyMiM1MSMkMSMkMCMkNzIkNDgxNzAyIzUxIyQxIyQxIyQ4OSQzNjE0ODEjNjEjJDEjJDAjJDgz,서울크리스탈치과의원
JDQ4MTYyMiM1MSMkMSMkMCMkNzIkNDgxOTYxIzExIyQxIyQ3IyQwMyQzNjEwMDIjODEjJDEjJDIjJDgz,수미행치과의원
JDQ4MTYyMiM1MSMkMSMkMCMkNzIkNDgxOTYxIzExIyQxIyQzIyQ2MiQzNjE4MzIjODEjJDEjJDYjJDgz,아름다운치과의원
JDQ4MTYyMiM1MSMkMSMkMCMkNzIkNDgxOTYxIzIxIyQxIyQ1IyQ3OSQzNjE4MzIjODEjJDEjJDYjJDgz,LA포스치과의원
JDQ4MTYyMiM1MSMkMSMkMCMkNzIkNDgxOTYxIzIxIyQxIyQxIyQ3OSQzNjE4MzIjNTEjJDEjJDIjJDgz,서울N치과의원
JDQ4MTYyMiM1MSMkMSMkMCMkNzIkNDgxOTYxIzIxIyQxIyQxIyQ5MiQ0NjEwMDIjNDEjJDEjJDQjJDgz,연치과의원
JDQ4MTYyMiM1MSMkMSMkMCMkNzIkNDgxOTYxIzIxIyQyIyQ1IyQwMCQzNjEyMjIjNTEjJDEjJDIjJDgz,솔플란트치과의원
JDQ4MTYyMiM1MSMkMSMkMCMkNzIkNDgxOTYxIzMxIyQxIyQ3IyQ4MiQzNjE0ODEjNzEjJDEjJDgjJDgz,서울OK치과의원
JDQ4MTYyMiM1MSMkMSMkMCMkNzIkNDgxOTYxIzQxIyQxIyQ3IyQ2MiQyNjEwMDIjNjEjJDEjJDAjJDgz,분당그린치과의원
JDQ4MTYyMiM1MSMkMSMkMCMkNzIkNDgxOTYxIzQxIyQxIyQ3IyQ5MiQyNjE4MzIjNTEjJDEjJDIjJDgz,보스턴완치과의원
JDQ4MTYyMiM1MSMkMSMkMCMkNzIkNDgxOTYxIzQxIyQxIyQ3IyQxMyQyNjE4MzIjNzEjJDEjJDgjJDgz,유디치과의원
JDQ4MTYyMiM1MSMkMSMkMCMkNzIkNDgxOTYxIzUxIyQxIyQ1IyQ3MiQ0NjE0ODEjNDEjJDEjJDgjJDgz,서울예쁜얼굴치과의원
JDQ4MTYyMiM1MSMkMSMkMCMkNzIkNDgxOTYxIzUxIyQxIyQ1IyQ4OSQ0NjEwMDIjNDEjJDEjJDgjJDgz,키즈파파치과의원
JDQ4MTYyMiM1MSMkMSMkMCMkNzIkNDgxOTYxIzUxIyQxIyQxIyQ3MiQzNjEwMDIjNDEjJDEjJDgjJDgz,미서울치과의원
JDQ4MTYyMiM1MSMkMSMkMCMkNzIkNDgxOTYxIzUxIyQxIyQxIyQ4OSQ0NjEwMDIjNjEjJDEjJDAjJDgz,사람과치과의원
JDQ4MTYyMiM1MSMkMSMkMCMkNzIkNTgxMzUxIzIxIyQxIyQ1IyQ5MiQyNjE4MzIjNTEjJDEjJDYjJDgz,소망플란트치과의원
JDQ4MTYyMiM1MSMkMSMkMCMkNzIkNTgxMzUxIzIxIyQxIyQ1IyQ5MiQyNjEyMjIjNjEjJDEjJDQjJDgz,서울산성플란트치과의원
JDQ4MTYyMiM1MSMkMSMkMCMkNzIkNTgxMzUxIzIxIyQxIyQ1IyQxMyQyNjE4MzIjODEjJDEjJDIjJDgz,서울삼성치과의원
JDQ4MTYyMiM1MSMkMSMkMCMkNzIkNTgxMzUxIzIxIyQxIyQ5IyQ3OSQ0NjEwMDIjODEjJDEjJDIjJDgz,고등퍼스트치과의원
JDQ4MTYyMiM1MSMkMSMkMCMkNzIkNTgxMzUxIzIxIyQxIyQ5IyQwMyQyNjEyMjIjODEjJDEjJDYjJDgz,연세청춘치과의원
JDQ4MTYyMiM1MSMkMSMkMCMkNzIkNTgxMzUxIzIxIyQxIyQ5IyQxMyQzNjEyMjIjODEjJDEjJDYjJDgz,탑플란트치과의원
JDQ4MTYyMiM1MSMkMSMkMCMkNzIkNTgxMzUxIzIxIyQxIyQxIyQ5OSQ0NjEwMDIjNDEjJDEjJDQjJDgz,덴플러스치과의원
JDQ4MTYyMiM1MSMkMSMkMCMkNzIkNTgxMzUxIzMxIyQxIyQ3IyQ4MiQyNjEyMjIjNzEjJDEjJDgjJDgz,연세탑치과의원
JDQ4MTYyMiM1MSMkMSMkMCMkNzIkNTgxMzUxIzUxIyQxIyQ1IyQ5OSQzNjEyMjIjNDEjJDEjJDQjJDgz,미담치과의원
JDQ4MTYyMiM1MSMkMSMkMCMkNzIkNTgxOTYxIzExIyQxIyQ3IyQ4MiQ0NjEwMDIjODEjJDEjJDIjJDgz,닥터최 치과보존과 치과의원
JDQ4MTYyMiM1MSMkMSMkMCMkNzIkNTgxOTYxIzExIyQxIyQ3IyQ4OSQyNjEyMjIjNjEjJDEjJDAjJDgz,산성예스치과의원
JDQ4MTYyMiM1MSMkMSMkMCMkNzIkNTgxOTYxIzExIyQxIyQ3IyQwMyQyNjE0ODEjODEjJDEjJDYjJDgz,리볼리치과의원
JDQ4MTYyMiM1MSMkMSMkMCMkNzIkNTgxOTYxIzExIyQxIyQ3IyQwMyQzNjE4MzIjNjEjJDEjJDgjJDgz,오늘플란트치과의원
JDQ4MTYyMiM1MSMkMSMkMCMkNzIkNTgxOTYxIzExIyQxIyQzIyQ5OSQ0NjE0ODEjNjEjJDEjJDAjJDgz,서울박사치과의원
JDQ4MTYyMiM1MSMkMSMkMCMkNzIkNTgxOTYxIzIxIyQxIyQxIyQ5MiQyNjE4MzIjNTEjJDEjJDIjJDgz,서울사랑니안녕치과의원
JDQ4MTYyMiM1MSMkMSMkMCMkODkkMzgxMzUxIzExIyQxIyQ3IyQ3OSQzNjE0ODEjNjEjJDEjJDgjJDgz,순천의료재단 성남정병원
JDQ4MTYyMiM1MSMkMSMkMCMkODkkMzgxMzUxIzExIyQxIyQzIyQ3MiQyNjEwMDIjNDEjJDEjJDgjJDgz,차의과학대학교분당차병원
JDQ4MTYyMiM1MSMkMSMkMCMkODkkMzgxMzUxIzExIyQxIyQzIyQ3OSQzNjE4MzIjNjEjJDEjJDAjJDgz,성남중앙병원
JDQ4MTYyMiM1MSMkMSMkMCMkOTkkMzgxMzUxIzIxIyQxIyQ5IyQxMyQ0NjEwMDIjNjEjJDEjJDgjJDgz,바른세상병원
JDQ4MTYyMiM1MSMkMSMkMCMkOTkkMzgxMzUxIzMxIyQxIyQ3IyQ5OSQyNjEyMjIjNDEjJDEjJDgjJDgz,분당러스크재활병원
JDQ4MTYyMiM1MSMkMSMkMCMkOTkkMzgxMzUxIzMxIyQxIyQzIyQ5MiQzNjEwMDIjNjEjJDEjJDQjJDgz,의료법인 본플러스재단 분당병원
JDQ4MTYyMiM1MSMkMSMkMCMkOTkkMzgxMzUxIzQxIyQxIyQ3IyQwMyQyNjEyMjIjNDEjJDEjJDgjJDgz,분당척병원
JDQ4MTYyMiM1MSMkMSMkMCMkOTkkMzgxMzUxIzUxIyQxIyQ1IyQ3MiQyNjEwMDIjNTEjJDEjJDYjJDgz,휴엔병원
JDQ4MTYyMiM1MSMkMSMkMCMkOTkkMzgxMzUxIzUxIyQxIyQxIyQ5MiQzNjEwMDIjNjEjJDEjJDAjJDgz,분당베스트병원
JDQ4MTYyMiM1MSMkMSMkMCMkOTkkMzgxMzUxIzUxIyQyIyQ1IyQwMCQzNjEwMDIjNDEjJDEjJDgjJDgz,바른마디병원
JDQ4MTYyMiM1MSMkMSMkMCMkOTkkMzgxOTYxIzExIyQxIyQ3IyQ2MiQzNjE0ODEjNjEjJDEjJDQjJDgz,연세스타병원
JDQ4MTYyMiM1MSMkMSMkMCMkOTkkMzgxOTYxIzExIyQxIyQzIyQ4OSQyNjEyMjIjNDEjJDEjJDgjJDgz,지우병원
JDQ4MTYyMiM1MSMkMSMkMCMkOTkkNTgxMzUxIzExIyQxIyQzIyQ3MiQyNjE0ODEjNDEjJDEjJDgjJDgz,보바스기념병원
JDQ4MTYyMiM1MSMkMSMkMCMkOTkkNTgxMzUxIzIxIyQxIyQ1IyQ4OSQzNjE0ODEjNjEjJDEjJDAjJDgz,좋은이웃요양병원
JDQ4MTYyMiM1MSMkMSMkMCMkOTkkNTgxMzUxIzIxIyQxIyQ5IyQ5MiQzNjE4MzIjODEjJDEjJDYjJDgz,카리스요양병원
JDQ4MTYyMiM1MSMkMSMkMCMkOTkkNTgxMzUxIzIxIyQxIyQxIyQxMyQ0NjEwMDIjNzEjJDEjJDgjJDgz,성모요양병원
JDQ4MTYyMiM1MSMkMSMkMCMkOTkkNTgxMzUxIzMxIyQxIyQ3IyQ3MiQ0NjE0ODEjNjEjJDEjJDQjJDgz,성남요양병원
JDQ4MTYyMiM1MSMkMSMkMCMkOTkkNTgxMzUxIzMxIyQxIyQ3IyQ3MiQzNjEwMDIjNDEjJDEjJDgjJDgz,분당수요양병원
JDQ4MTYyMiM1MSMkMSMkMCMkOTkkNTgxMzUxIzMxIyQxIyQ3IyQ5OSQ0NjEwMDIjNDEjJDEjJDgjJDgz,라온힐요양병원
JDQ4MTYyMiM1MSMkMSMkMCMkOTkkNTgxMzUxIzMxIyQxIyQzIyQ5OSQyNjE4MzIjNjEjJDEjJDgjJDgz,분당연세요양병원
JDQ4MTYyMiM1MSMkMSMkMCMkOTkkNTgxMzUxIzUxIyQxIyQ1IyQ3OSQyNjE0ODEjNTEjJDEjJDIjJDgz,파티마 요양병원
JDQ4MTYyMiM1MSMkMSMkMCMkOTkkNTgxMzUxIzUxIyQxIyQ1IyQ3OSQyNjEwMDIjNDEjJDEjJDgjJDgz,위례센트럴요양병원
JDQ4MTYyMiM1MSMkMSMkMCMkOTkkNTgxMzUxIzUxIyQxIyQxIyQ3OSQ0NjE0ODEjNDEjJDEjJDgjJDgz,위례서울닥터스요양병원
JDQ4MTYyMiM1MSMkMSMkMCMkOTkkNTgxMzUxIzUxIyQxIyQxIyQwMyQyNjE4MzIjODEjJDEjJDYjJDgz,위례스마트요양병원
JDQ4MTYyMiM1MSMkMSMkMCMkOTkkNTgxMzUxIzUxIyQxIyQxIyQxMyQyNjE4MzIjNjEjJDEjJDgjJDgz,서울위례바이오요양병원
JDQ4MTYyMiM1MSMkMiMkMCMkMDAkMzgxMTkxIzIxIyQxIyQ1IyQxMyQzNjEwMDIjNTEjJDEjJDIjJDgz,이상일이비인후과의원
JDQ4MTYyMiM1MSMkMiMkMCMkMDAkMzgxMTkxIzIxIyQxIyQ5IyQwMyQzNjEwMDIjNDEjJDEjJDgjJDgz,김현소아청소년과의원
JDQ4MTYyMiM1MSMkMiMkMCMkMDAkMzgxMTkxIzIxIyQxIyQxIyQxMyQyNjE4MzIjNDEjJDEjJDQjJDgz,허안과의원
JDQ4MTYyMiM1MSMkMiMkMCMkMDAkMzgxMTkxIzMxIyQxIyQzIyQxMyQyNjEyMjIjNDEjJDEjJDgjJDgz,한양의원
JDQ4MTYyMiM1MSMkMiMkMCMkMDAkMzgxMTkxIzMxIyQyIyQ3IyQwMCQzNjE4MzIjNjEjJDEjJDAjJDgz,요셉신경외과의원
JDQ4MTYyMiM1MSMkMiMkMCMkMDAkMzgxMTkxIzQxIyQxIyQ3IyQ3MiQzNjE4MzIjNjEjJDEjJDQjJDgz,세브란스내과의원
JDQ4MTYyMiM1MSMkMiMkMCMkMDAkMzgxMTkxIzUxIyQxIyQ1IyQ4MiQyNjEwMDIjNjEjJDEjJDgjJDgz,공송의원
JDQ4MTYyMiM1MSMkMiMkMCMkMDAkMzgxMTkxIzUxIyQxIyQ1IyQxMyQ0NjEwMDIjNTEjJDEjJDYjJDgz,계정이비인후과의원
JDQ4MTYyMiM1MSMkMiMkMCMkMDAkMzgxMTkxIzUxIyQxIyQxIyQ3OSQzNjEwMDIjODEjJDEjJDYjJDgz,황정형외과의원
JDQ4MTYyMiM1MSMkMiMkMCMkMDAkMzgxMTkxIzUxIyQxIyQxIyQ5OSQyNjE4MzIjNzEjJDEjJDgjJDgz,한독의원
JDQ4MTYyMiM1MSMkMiMkMCMkMDAkMzgxMzUxIzMxIyQxIyQ3IyQwMyQyNjE0ODEjNTEjJDEjJDIjJDgz,파티마외과의원
JDQ4MTYyMiM1MSMkMiMkMCMkMDAkMzgxNzAyIzExIyQxIyQ3IyQ2MiQ0NjEwMDIjNDEjJDEjJDgjJDgz,송산부인과의원
JDQ4MTYyMiM1MSMkMiMkMCMkMDAkMzgxNzAyIzExIyQxIyQ3IyQxMyQzNjE0ODEjNzEjJDEjJDgjJDgz,분당여성산부인과의원
JDQ4MTYyMiM1MSMkMiMkMCMkMDAkMzgxNzAyIzIxIyQxIyQxIyQ5MiQzNjEyMjIjNjEjJDEjJDQjJDgz,성남동산의원
JDQ4MTYyMiM1MSMkMiMkMCMkMDAkMzgxNzAyIzUxIyQxIyQxIyQ5MiQzNjE4MzIjNDEjJDEjJDgjJDgz,권이비인후과의원
JDQ4MTYyMiM1MSMkMiMkMCMkMDAkMzgxNzAyIzUxIyQxIyQxIyQwMyQyNjEwMDIjNDEjJDEjJDQjJDgz,우리의원
JDQ4MTYyMiM1MSMkMiMkMCMkMDAkMzgxOTYxIzExIyQxIyQzIyQwMyQ0NjE0ODEjNjEjJDEjJDQjJDgz,임안과의원
JDQ4MTYyMiM1MSMkMiMkMCMkMDAkMzgxOTYxIzIxIyQxIyQ5IyQ5MiQyNjE4MzIjNTEjJDEjJDIjJDgz,양충모내과의원
JDQ4MTYyMiM1MSMkMiMkMCMkMDAkMzgxOTYxIzMxIyQxIyQ3IyQ4MiQyNjE4MzIjODEjJDEjJDIjJDgz,일신여성의원
JDQ4MTYyMiM1MSMkMiMkMCMkMDAkMzgxOTYxIzMxIyQyIyQzIyQwMCQ0NjE0ODEjNDEjJDEjJDgjJDgz,김정혜산부인과의원
JDQ4MTYyMiM1MSMkMiMkMCMkMDAkMzgxOTYxIzUxIyQxIyQxIyQ3OSQzNjE4MzIjNDEjJDEjJDQjJDgz,이두성비뇨기과의원
JDQ4MTYyMiM1MSMkMiMkMCMkMDAkMzgxOTYxIzUxIyQxIyQxIyQwMyQyNjE0ODEjNDEjJDEjJDgjJDgz,남형근소아청소년과의원
JDQ4MTYyMiM1MSMkMiMkMCMkMDAkNDgxMTkxIzExIyQxIyQzIyQwMyQzNjE0ODEjNDEjJDEjJDQjJDgz,한사랑가정의원
JDQ4MTYyMiM1MSMkMiMkMCMkMDAkNDgxMTkxIzIxIyQxIyQ1IyQ5OSQzNjE0ODEjNjEjJDEjJDQjJDgz,메디파크산부인과의원
JDQ4MTYyMiM1MSMkMiMkMCMkMDAkNDgxMTkxIzIxIyQxIyQ5IyQ4MiQyNjE4MzIjNTEjJDEjJDIjJDgz,선한이웃가정의원
JDQ4MTYyMiM1MSMkMiMkMCMkMDAkNDgxMTkxIzIxIyQxIyQxIyQ3OSQyNjE4MzIjNjEjJDEjJDgjJDgz,예나산부인과의원
JDQ4MTYyMiM1MSMkMiMkMCMkMDAkNDgxMTkxIzIxIyQxIyQxIyQ5MiQ0NjEwMDIjNjEjJDEjJDgjJDgz,금동소아청소년과의원
JDQ4MTYyMiM1MSMkMiMkMCMkMDAkNDgxMTkxIzIxIyQxIyQxIyQ5OSQ0NjE0ODEjNDEjJDEjJDgjJDgz,세민의원
JDQ4MTYyMiM1MSMkMiMkMCMkMDAkNDgxMTkxIzMxIyQxIyQ3IyQ5OSQzNjE0ODEjNjEjJDEjJDAjJDgz,늘푸른산부인과의원
JDQ4MTYyMiM1MSMkMiMkMCMkMDAkNDgxMTkxIzQxIyQxIyQ3IyQ3OSQ0NjE0ODEjODEjJDEjJDYjJDgz,분당박소아청소년과의원
JDQ4MTYyMiM1MSMkMiMkMCMkMDAkNDgxMTkxIzUxIyQxIyQ1IyQ3OSQyNjE0ODEjNjEjJDEjJDgjJDgz,김영수내과의원
JDQ4MTYyMiM1MSMkMiMkMCMkMDAkNDgxMzUxIzExIyQxIyQ3IyQ3MiQzNjEwMDIjNDEjJDEjJDgjJDgz,현대중앙의원
JDQ4MTYyMiM1MSMkMiMkMCMkMDAkNDgxMzUxIzExIyQxIyQ3IyQ3OSQyNjEwMDIjNTEjJDEjJDIjJDgz,배희동내과의원
JDQ4MTYyMiM1MSMkMiMkMCMkMDAkNDgxMzUxIzExIyQxIyQzIyQ3OSQyNjE4MzIjNTEjJDEjJDIjJDgz,최숙경안과의원
JDQ4MTYyMiM1MSMkMiMkMCMkMDAkNDgxMzUxIzExIyQxIyQzIyQwMyQ0NjEwMDIjNDEjJDEjJDQjJDgz,신구의원
JDQ4MTYyMiM1MSMkMiMkMCMkMDAkNDgxMzUxIzIxIyQxIyQ1IyQ4OSQzNjE0ODEjNzEjJDEjJDgjJDgz,황혜영소아과의원
JDQ4MTYyMiM1MSMkMiMkMCMkMDAkNDgxMzUxIzIxIyQxIyQ1IyQ5OSQyNjEwMDIjNDEjJDEjJDQjJDgz,성남가정의원
JDQ4MTYyMiM1MSMkMiMkMCMkMDAkNDgxMzUxIzIxIyQxIyQ1IyQ5OSQzNjEwMDIjNTEjJDEjJDIjJDgz,김동남소아청소년과의원
JDQ4MTYyMiM1MSMkMiMkMCMkMDAkNDgxMzUxIzIxIyQxIyQ1IyQwMyQ0NjEwMDIjODEjJDEjJDYjJDgz,박상균내과의원
JDQ4MTYyMiM1MSMkMiMkMCMkMDAkNDgxMzUxIzIxIyQxIyQxIyQ5OSQzNjEwMDIjNjEjJDEjJDgjJDgz,차영수피부과의원
JDQ4MTYyMiM1MSMkMiMkMCMkMDAkNDgxMzUxIzIxIyQyIyQ1IyQwMCQzNjE0ODEjNDEjJDEjJDgjJDgz,한광선소아청소년과의원
JDQ4MTYyMiM1MSMkMiMkMCMkMDAkNDgxMzUxIzMxIyQxIyQ3IyQ3MiQzNjE0ODEjNjEjJDEjJDQjJDgz,선내과의원
JDQ4MTYyMiM1MSMkMiMkMCMkMDAkNDgxMzUxIzMxIyQxIyQzIyQ5MiQyNjEyMjIjNzEjJDEjJDgjJDgz,김내과의원
JDQ4MTYyMiM1MSMkMiMkMCMkMDAkNDgxMzUxIzUxIyQxIyQ1IyQxMyQyNjEwMDIjODEjJDEjJDYjJDgz,분당연합의원
JDQ4MTYyMiM1MSMkMiMkMCMkMDAkNDgxMzUxIzUxIyQxIyQxIyQ4OSQyNjEwMDIjNjEjJDEjJDAjJDgz,안기완내과의원
JDQ4MTYyMiM1MSMkMiMkMCMkMDAkNDgxMzUxIzUxIyQxIyQxIyQxMyQ0NjE0ODEjNDEjJDEjJDQjJDgz,분당연세가정의학과의원
JDQ4MTYyMiM1MSMkMiMkMCMkMDAkNDgxNzAyIzIxIyQxIyQ1IyQ2MiQzNjEyMjIjNDEjJDEjJDgjJDgz,정든내과의원
JDQ4MTYyMiM1MSMkMiMkMCMkMDAkNDgxNzAyIzIxIyQxIyQ1IyQwMyQ0NjEwMDIjNjEjJDEjJDQjJDgz,현내과의원
JDQ4MTYyMiM1MSMkMiMkMCMkMDAkNDgxNzAyIzIxIyQxIyQ5IyQwMyQyNjE4MzIjNTEjJDEjJDIjJDgz,엘에스정형외과의원
JDQ4MTYyMiM1MSMkMiMkMCMkMDAkNDgxNzAyIzIxIyQxIyQxIyQ2MiQyNjE4MzIjNDEjJDEjJDgjJDgz,노성희산부인과의원
JDQ4MTYyMiM1MSMkMiMkMCMkMDAkNDgxNzAyIzIxIyQxIyQxIyQ4OSQyNjEwMDIjNTEjJDEjJDIjJDgz,푸른의원
JDQ4MTYyMiM1MSMkMiMkMCMkMDAkNDgxNzAyIzMxIyQxIyQ3IyQ2MiQ0NjEwMDIjNjEjJDEjJDQjJDgz,분당서울안과의원
JDQ4MTYyMiM1MSMkMiMkMCMkMDAkNDgxNzAyIzMxIyQxIyQ3IyQ2MiQyNjEwMDIjNDEjJDEjJDQjJDgz,권비뇨기과의원
JDQ4MTYyMiM1MSMkMiMkMCMkMDAkNDgxNzAyIzMxIyQxIyQ3IyQ2MiQzNjE0ODEjNjEjJDEjJDAjJDgz,연세두리소아청소년과의원
JDQ4MTYyMiM1MSMkMiMkMCMkMDAkNDgxNzAyIzMxIyQxIyQ3IyQwMyQzNjE0ODEjNTEjJDEjJDYjJDgz,야탑이비인후과의원
JDQ4MTYyMiM1MSMkMiMkMCMkMDAkNDgxNzAyIzMxIyQxIyQzIyQ2MiQzNjE4MzIjNTEjJDEjJDIjJDgz,고형기소아청소년과의원
JDQ4MTYyMiM1MSMkMiMkMCMkMDAkNDgxNzAyIzMxIyQxIyQzIyQ3OSQ0NjEwMDIjNDEjJDEjJDQjJDgz,(의)열린의료재단 분당열린의원
JDQ4MTYyMiM1MSMkMiMkMCMkMDAkNDgxNzAyIzMxIyQxIyQzIyQxMyQyNjE4MzIjNjEjJDEjJDgjJDgz,서울내과의원
JDQ4MTYyMiM1MSMkMiMkMCMkMDAkNDgxNzAyIzQxIyQyIyQ3IyQwMCQyNjEyMjIjNzEjJDEjJDgjJDgz,원이비인후과의원
JDQ4MTYyMiM1MSMkMiMkMCMkMDAkNDgxNzAyIzUxIyQxIyQxIyQ3MiQyNjE4MzIjNjEjJDEjJDgjJDgz,토우의원
JDQ4MTYyMiM1MSMkMiMkMCMkMDAkNDgxOTYxIzExIyQxIyQ3IyQ4MiQ0NjEwMDIjNzEjJDEjJDgjJDgz,서지영소아청소년과의원
JDQ4MTYyMiM1MSMkMiMkMCMkMDAkNDgxOTYxIzExIyQxIyQ3IyQxMyQzNjEwMDIjNjEjJDEjJDgjJDgz,성모신경정신건강의학과의원
JDQ4MTYyMiM1MSMkMiMkMCMkMDAkNDgxOTYxIzIxIyQxIyQ5IyQ3MiQzNjEwMDIjNjEjJDEjJDgjJDgz,태평산부인과의원
JDQ4MTYyMiM1MSMkMiMkMCMkMDAkNDgxOTYxIzIxIyQxIyQ5IyQ5MiQ0NjE0ODEjNjEjJDEjJDQjJDgz,상탑성모의원
JDQ4MTYyMiM1MSMkMiMkMCMkMDAkNDgxOTYxIzIxIyQxIyQxIyQ5OSQyNjE0ODEjNDEjJDEjJDgjJDgz,판교연세독수리안과의원
JDQ4MTYyMiM1MSMkMiMkMCMkMDAkNDgxOTYxIzMxIyQxIyQ3IyQ2MiQzNjE4MzIjODEjJDEjJDIjJDgz,웰정형외과의원
JDQ4MTYyMiM1MSMkMiMkMCMkMDAkNDgxOTYxIzMxIyQxIyQ3IyQ4MiQyNjE0ODEjNjEjJDEjJDQjJDgz,연세김남수안과의원
JDQ4MTYyMiM1MSMkMiMkMCMkMDAkNDgxOTYxIzMxIyQyIyQzIyQwMCQyNjE0ODEjNzEjJDEjJDgjJDgz,박해일정형외과의원
JDQ4MTYyMiM1MSMkMiMkMCMkMDAkNDgxOTYxIzQxIyQxIyQ3IyQwMyQzNjE0ODEjODEjJDEjJDYjJDgz,하나중앙의원
JDQ4MTYyMiM1MSMkMiMkMCMkMDAkNDgxOTYxIzUxIyQxIyQ1IyQ4OSQzNjE4MzIjNjEjJDEjJDQjJDgz,성원비뇨기과의원
JDQ4MTYyMiM1MSMkMiMkMCMkMDAkNDgxOTYxIzUxIyQxIyQ1IyQ5OSQzNjE0ODEjODEjJDEjJDIjJDgz,큰나무정형외과의원
JDQ4MTYyMiM1MSMkMiMkMCMkMDAkNTgxMzUxIzExIyQxIyQ3IyQ2MiQzNjEyMjIjNjEjJDEjJDAjJDgz,바른정형외과의원
JDQ4MTYyMiM1MSMkMiMkMCMkMDAkNTgxMzUxIzExIyQxIyQ3IyQ3MiQyNjEyMjIjODEjJDEjJDYjJDgz,메디파크내과의원
JDQ4MTYyMiM1MSMkMiMkMCMkMDAkNTgxMzUxIzExIyQxIyQzIyQ5OSQyNjEyMjIjNDEjJDEjJDgjJDgz,노블진내과의원
JDQ4MTYyMiM1MSMkMiMkMCMkMDAkNTgxMzUxIzExIyQxIyQzIyQ5OSQzNjEwMDIjNjEjJDEjJDQjJDgz,소망소아청소년과의원
JDQ4MTYyMiM1MSMkMiMkMCMkMDAkNTgxMzUxIzIxIyQxIyQ5IyQ3MiQyNjE4MzIjNjEjJDEjJDgjJDgz,3대정이비인후과의원
JDQ4MTYyMiM1MSMkMiMkMCMkMDAkNTgxMzUxIzIxIyQxIyQ5IyQ4MiQzNjEyMjIjODEjJDEjJDIjJDgz,코앤코김규식이비인후과의원
JDQ4MTYyMiM1MSMkMiMkMCMkMDAkNTgxMzUxIzIxIyQxIyQ5IyQ4OSQ0NjEwMDIjNjEjJDEjJDgjJDgz,연세손소아청소년과의원
JDQ4MTYyMiM1MSMkMiMkMCMkMDAkNTgxMzUxIzIxIyQxIyQxIyQ2MiQyNjEwMDIjNDEjJDEjJDQjJDgz,구소아청소년과의원
JDQ4MTYyMiM1MSMkMiMkMCMkMDAkNTgxMzUxIzMxIyQxIyQ3IyQ3OSQzNjEyMjIjNzEjJDEjJDgjJDgz,정애란가정의학과의원
JDQ4MTYyMiM1MSMkMiMkMCMkMDAkNTgxMzUxIzMxIyQxIyQ3IyQ4MiQyNjEyMjIjODEjJDEjJDIjJDgz,다나이비인후과의원
JDQ4MTYyMiM1MSMkMiMkMCMkMDAkNTgxMzUxIzMxIyQxIyQ3IyQ5MiQyNjE4MzIjNTEjJDEjJDYjJDgz,연세권이비인후과의원
JDQ4MTYyMiM1MSMkMiMkMCMkMDAkNTgxMzUxIzMxIyQxIyQ3IyQxMyQyNjEyMjIjNDEjJDEjJDQjJDgz,태평수소아청소년과의원
JDQ4MTYyMiM1MSMkMiMkMCMkMDAkNTgxMzUxIzMxIyQxIyQzIyQ2MiQyNjE4MzIjNjEjJDEjJDQjJDgz,좋은하루외과의원
JDQ4MTYyMiM1MSMkMiMkMCMkMDAkNTgxMzUxIzMxIyQxIyQzIyQ3MiQzNjEyMjIjNzEjJDEjJDgjJDgz,박병찬피부과의원
JDQ4MTYyMiM1MSMkMiMkMCMkMDAkNTgxMzUxIzQxIyQxIyQ3IyQ5MiQzNjE0ODEjODEjJDEjJDIjJDgz,연세베스트외과의원
JDQ4MTYyMiM1MSMkMiMkMCMkMDAkNTgxMzUxIzQxIyQyIyQ3IyQwMCQzNjEwMDIjNzEjJDEjJDgjJDgz,맑은샘서울내과의원
JDQ4MTYyMiM1MSMkMiMkMCMkMDAkNTgxMzUxIzUxIyQxIyQ1IyQ5MiQzNjEwMDIjODEjJDEjJDYjJDgz,참내과의원
JDQ4MTYyMiM1MSMkMiMkMCMkMDAkNTgxMzUxIzUxIyQxIyQ1IyQxMyQ0NjE0ODEjODEjJDEjJDIjJDgz,맑은눈안과의원
JDQ4MTYyMiM1MSMkMiMkMCMkMDAkNTgxOTYxIzExIyQxIyQ3IyQ2MiQzNjE4MzIjODEjJDEjJDIjJDgz,한일정형외과의원
JDQ4MTYyMiM1MSMkMiMkMCMkMDAkNTgxOTYxIzExIyQxIyQ3IyQ4MiQzNjE0ODEjODEjJDEjJDIjJDgz,조은정형외과의원
JDQ4MTYyMiM1MSMkMiMkMCMkMDAkNTgxOTYxIzExIyQxIyQzIyQ2MiQzNjEyMjIjNTEjJDEjJDYjJDgz,분당연세플러스안과의원
JDQ4MTYyMiM1MSMkMiMkMCMkMDAkNTgxOTYxIzIxIyQxIyQ1IyQ5OSQ0NjE0ODEjNjEjJDEjJDAjJDgz,수의원
JDQ4MTYyMiM1MSMkMiMkMCMkMDAkNTgxOTYxIzIxIyQyIyQxIyQwMCQzNjE0ODEjNTEjJDEjJDIjJDgz,전내과의원
JDQ4MTYyMiM1MSMkMiMkMCMkMDAkNTgxOTYxIzMxIyQxIyQ3IyQ3OSQyNjEwMDIjNDEjJDEjJDgjJDgz,연세에덴정신건강의학과의원
JDQ4MTYyMiM1MSMkMiMkMCMkMDAkNTgxOTYxIzMxIyQxIyQ3IyQ5OSQzNjEyMjIjNzEjJDEjJDgjJDgz,리지안안과의원
JDQ4MTYyMiM1MSMkMiMkMCMkMDAkNTgxOTYxIzQxIyQyIyQ3IyQwMCQ0NjE0ODEjNzEjJDEjJDgjJDgz,상쾌한이비인후과의원
JDU4MTI3MSM1MSMkMSMkMCMkMTMkMzgxNzAyIzExIyQxIyQ3IyQ4OSQzNjEwMDIjNzEjJDEjJDgjJDgz,청담한의원
JDU4MTI3MSM1MSMkMSMkMCMkMTMkMzgxNzAyIzExIyQxIyQzIyQ5MiQzNjEyMjIjNTEjJDEjJDIjJDgz,경희김한의원
JDU4MTI3MSM1MSMkMSMkMCMkMTMkMzgxNzAyIzIxIyQxIyQ1IyQ4MiQyNjEyMjIjNDEjJDEjJDgjJDgz,숨쉬는한의원
JDU4MTI3MSM1MSMkMSMkMCMkMTMkMzgxNzAyIzIxIyQxIyQ1IyQ4OSQyNjE4MzIjNTEjJDEjJDYjJDgz,한마음한의원
JDU4MTI3MSM1MSMkMSMkMCMkMTMkMzgxNzAyIzIxIyQxIyQ5IyQ2MiQyNjE0ODEjNzEjJDEjJDgjJDgz,태후한의원
JDU4MTI3MSM1MSMkMSMkMCMkMTMkMzgxNzAyIzIxIyQxIyQxIyQxMyQzNjEwMDIjNDEjJDEjJDgjJDgz,길벗한의원
JDU4MTI3MSM1MSMkMSMkMCMkMTMkMzgxNzAyIzIxIyQyIyQ1IyQwMCQyNjE4MzIjODEjJDEjJDIjJDgz,수한의원
JDU4MTI3MSM1MSMkMSMkMCMkMTMkMzgxNzAyIzIxIyQyIyQxIyQwMCQyNjEyMjIjNTEjJDEjJDYjJDgz,최우진행복한의원
JDU4MTI3MSM1MSMkMSMkMCMkMTMkMzgxNzAyIzMxIyQxIyQ3IyQ4OSQzNjE4MzIjNjEjJDEjJDQjJDgz,분당태강한의원
JDU4MTI3MSM1MSMkMSMkMCMkMTMkMzgxNzAyIzMxIyQxIyQ3IyQ5MiQyNjE4MzIjNjEjJDEjJDgjJDgz,분당야탑약선당한의원
JDU4MTI3MSM1MSMkMSMkMCMkMTMkMzgxNzAyIzMxIyQxIyQzIyQ3OSQzNjE0ODEjNzEjJDEjJDgjJDgz,하늘담한의원
JDU4MTI3MSM1MSMkMSMkMCMkMTMkMzgxNzAyIzQxIyQxIyQ3IyQ5OSQzNjE4MzIjODEjJDEjJDYjJDgz,더휴한의원
JDU4MTI3MSM1MSMkMSMkMCMkMTMkMzgxNzAyIzUxIyQxIyQ1IyQ3MiQ0NjEwMDIjNDEjJDEjJDQjJDgz,모란경희한의원
JDU4MTI3MSM1MSMkMSMkMCMkMTMkMzgxNzAyIzUxIyQxIyQ1IyQ4OSQ0NjE0ODEjNTEjJDEjJDIjJDgz,성남경희한의원
JDU4MTI3MSM1MSMkMSMkMCMkMTMkMzgxNzAyIzUxIyQxIyQ1IyQwMyQyNjEyMjIjNjEjJDEjJDAjJDgz,미소로한의원
JDU4MTI3MSM1MSMkMSMkMCMkMTMkMzgxNzAyIzUxIyQxIyQxIyQ3MiQzNjEyMjIjODEjJDEjJDYjJDgz,좋은꿈한의원
JDU4MTI3MSM1MSMkMSMkMCMkMTMkMzgxNzAyIzUxIyQyIyQ1IyQwMCQyNjE0ODEjNDEjJDEjJDgjJDgz,예안한의원
JDU4MTI3MSM1MSMkMSMkMCMkMTMkMzgxNzAyIzUxIyQyIyQ1IyQwMCQyNjEwMDIjNDEjJDEjJDQjJDgz,순한의원
JDU4MTI3MSM1MSMkMSMkMCMkMTMkMzgxNzAyIzUxIyQyIyQxIyQwMCQ0NjE0ODEjNDEjJDEjJDgjJDgz,분당삼성한의원
JDU4MTI3MSM1MSMkMSMkMCMkMTMkNDgxMzUxIzExIyQxIyQ3IyQ2MiQyNjEwMDIjNDEjJDEjJDgjJDgz,경희사랑방한의원
JDU4MTI3MSM1MSMkMSMkMCMkMTMkNDgxMzUxIzExIyQxIyQzIyQ3MiQyNjEwMDIjNTEjJDEjJDIjJDgz,정성한의원
JDU4MTI3MSM1MSMkMSMkMCMkMTMkNDgxMzUxIzExIyQxIyQzIyQ3MiQyNjEyMjIjNDEjJDEjJDgjJDgz,정든경희한의원
JDU4MTI3MSM1MSMkMSMkMCMkMTMkNDgxMzUxIzExIyQxIyQzIyQ5MiQ0NjEwMDIjNTEjJDEjJDIjJDgz,아침빛한의원
JDU4MTI3MSM1MSMkMSMkMCMkMTMkNDgxMzUxIzExIyQxIyQzIyQwMyQzNjEwMDIjNzEjJDEjJDgjJDgz,사랑인한의원
JDU4MTI3MSM1MSMkMSMkMCMkMTMkNDgxMzUxIzIxIyQxIyQ5IyQ2MiQyNjEwMDIjNDEjJDEjJDgjJDgz,나비온한의원
JDU4MTI3MSM1MSMkMSMkMCMkMTMkNDgxMzUxIzIxIyQxIyQ5IyQ4MiQyNjE4MzIjNDEjJDEjJDgjJDgz,위례하늘애한의원
JDU4MTI3MSM1MSMkMSMkMCMkMTMkNDgxMzUxIzIxIyQxIyQxIyQ3MiQ0NjEwMDIjNDEjJDEjJDgjJDgz,태림당한의원
JDU4MTI3MSM1MSMkMSMkMCMkMTMkNDgxMzUxIzIxIyQxIyQxIyQ3MiQyNjE4MzIjNDEjJDEjJDgjJDgz,경희하늘맘한의원
JDU4MTI3MSM1MSMkMSMkMCMkMTMkNDgxMzUxIzIxIyQxIyQxIyQ4OSQyNjEwMDIjNjEjJDEjJDgjJDgz,해담은한의원
JDU4MTI3MSM1MSMkMSMkMCMkMTMkNDgxMzUxIzIxIyQxIyQxIyQxMyQ0NjE0ODEjNDEjJDEjJDgjJDgz,효자촌도원한의원
JDU4MTI3MSM1MSMkMSMkMCMkMTMkNDgxMzUxIzMxIyQxIyQ3IyQ5MiQzNjE4MzIjNjEjJDEjJDAjJDgz,경희대인한의원
JDU4MTI3MSM1MSMkMSMkMCMkMTMkNDgxMzUxIzMxIyQxIyQzIyQ5MiQyNjE4MzIjNjEjJDEjJDQjJDgz,형주한의원
JDU4MTI3MSM1MSMkMSMkMCMkMTMkNDgxMzUxIzQxIyQxIyQ3IyQ5MiQzNjEwMDIjNjEjJDEjJDAjJDgz,경희한의원
JDU4MTI3MSM1MSMkMSMkMCMkMTMkNDgxMzUxIzUxIyQxIyQ1IyQ3MiQ0NjE0ODEjNzEjJDEjJDgjJDgz,경희건강한의원
JDU4MTI3MSM1MSMkMSMkMCMkMTMkNDgxMzUxIzUxIyQxIyQ1IyQ4MiQzNjE4MzIjNjEjJDEjJDgjJDgz,경희유진한의원
JDU4MTI3MSM1MSMkMSMkMCMkMTMkNDgxMzUxIzUxIyQxIyQ1IyQ5OSQ0NjE0ODEjNjEjJDEjJDQjJDgz,동인한의원
JDU4MTI3MSM1MSMkMSMkMCMkMTMkNDgxMzUxIzUxIyQxIyQxIyQ3OSQyNjEwMDIjNzEjJDEjJDgjJDgz,피브로한의원
JDU4MTI3MSM1MSMkMSMkMCMkMTMkNDgxOTYxIzExIyQxIyQzIyQ5OSQyNjE0ODEjODEjJDEjJDIjJDgz,재호한의원
JDU4MTI3MSM1MSMkMSMkMCMkMTMkNDgxOTYxIzIxIyQxIyQ1IyQ2MiQzNjE4MzIjODEjJDEjJDYjJDgz,예온한의원
JDU4MTI3MSM1MSMkMSMkMCMkMTMkNDgxOTYxIzIxIyQxIyQ1IyQ3MiQzNjEwMDIjNDEjJDEjJDQjJDgz,위례경희한의원
JDU4MTI3MSM1MSMkMSMkMCMkMTMkNDgxOTYxIzIxIyQxIyQ1IyQ3OSQyNjEyMjIjODEjJDEjJDYjJDgz,창덕궁한의원
JDU4MTI3MSM1MSMkMSMkMCMkMTMkNDgxOTYxIzIxIyQxIyQ1IyQ4MiQyNjE4MzIjNDEjJDEjJDgjJDgz,경희으뜸한의원
JDU4MTI3MSM1MSMkMSMkMCMkMTMkNDgxOTYxIzIxIyQxIyQ1IyQxMyQ0NjE0ODEjNTEjJDEjJDYjJDgz,리바디한의원
JDU4MTI3MSM1MSMkMSMkMCMkMTMkNDgxOTYxIzIxIyQxIyQ5IyQ3MiQzNjE0ODEjODEjJDEjJDIjJDgz,곽희준한의원
JDU4MTI3MSM1MSMkMSMkMCMkMTMkNDgxOTYxIzMxIyQxIyQ3IyQwMyQyNjE0ODEjNDEjJDEjJDQjJDgz,인본한의원
JDU4MTI3MSM1MSMkMSMkMCMkMTMkNDgxOTYxIzMxIyQxIyQ3IyQxMyQ0NjE0ODEjNTEjJDEjJDIjJDgz,가까이한의원
JDU4MTI3MSM1MSMkMSMkMCMkOTkkNTgxMzUxIzExIyQxIyQzIyQ3OSQzNjE0ODEjNDEjJDEjJDgjJDgz,분당센트럴요양병원
JDU4MTI3MSM1MSMkMiMkMCMkMDAkMzgxMTkxIzExIyQxIyQ3IyQxMyQyNjE0ODEjNDEjJDEjJDgjJDgz,스타비뇨기과의원
JDU4MTI3MSM1MSMkMiMkMCMkMDAkMzgxMTkxIzExIyQxIyQzIyQ4OSQyNjEyMjIjNTEjJDEjJDYjJDgz,로즈피부과의원
JDU4MTI3MSM1MSMkMiMkMCMkMDAkMzgxMTkxIzExIyQxIyQzIyQwMyQ0NjEwMDIjNDEjJDEjJDgjJDgz,연세우의원
JDU4MTI3MSM1MSMkMiMkMCMkMDAkMzgxMTkxIzIxIyQxIyQ5IyQ5MiQ0NjEwMDIjNDEjJDEjJDQjJDgz,서울메이피부과의원
JDU4MTI3MSM1MSMkMiMkMCMkMDAkMzgxMTkxIzIxIyQxIyQxIyQ4OSQzNjEyMjIjODEjJDEjJDYjJDgz,연세미금내과의원
JDU4MTI3MSM1MSMkMiMkMCMkMDAkMzgxMTkxIzMxIyQxIyQ3IyQwMyQyNjE0ODEjNjEjJDEjJDgjJDgz,서울신경외과재활의학과의원
JDU4MTI3MSM1MSMkMiMkMCMkMDAkMzgxMTkxIzMxIyQxIyQ3IyQwMyQzNjE4MzIjNTEjJDEjJDYjJDgz,노유석내과의원
JDU4MTI3MSM1MSMkMiMkMCMkMDAkMzgxMTkxIzMxIyQxIyQzIyQ2MiQzNjE4MzIjODEjJDEjJDIjJDgz,고려정형외과의원
JDU4MTI3MSM1MSMkMiMkMCMkMDAkMzgxMTkxIzMxIyQxIyQzIyQ4MiQ0NjEwMDIjODEjJDEjJDYjJDgz,신영피부과의원
JDU4MTI3MSM1MSMkMiMkMCMkMDAkMzgxMTkxIzMxIyQyIyQ3IyQwMCQyNjE0ODEjNDEjJDEjJDQjJDgz,베네핏의원
JDU4MTI3MSM1MSMkMiMkMCMkMDAkMzgxMTkxIzQxIyQxIyQ3IyQ4MiQyNjE0ODEjODEjJDEjJDIjJDgz,분당현피부과의원
JDU4MTI3MSM1MSMkMiMkMCMkMDAkMzgxMTkxIzQxIyQxIyQ3IyQ5MiQyNjE4MzIjNDEjJDEjJDQjJDgz,서현삼성이비인후과의원
JDU4MTI3MSM1MSMkMiMkMCMkMDAkMzgxMTkxIzUxIyQxIyQ1IyQ5MiQzNjEyMjIjNzEjJDEjJDgjJDgz,스마일내과의원
JDU4MTI3MSM1MSMkMiMkMCMkMDAkMzgxMTkxIzUxIyQxIyQ1IyQ5OSQ0NjE0ODEjNzEjJDEjJDgjJDgz,오라클피부과의원
JDU4MTI3MSM1MSMkMiMkMCMkMDAkMzgxMTkxIzUxIyQxIyQ1IyQxMyQyNjE4MzIjNzEjJDEjJDgjJDgz,우리가정의학과의원
JDU4MTI3MSM1MSMkMiMkMCMkMDAkMzgxMTkxIzUxIyQxIyQxIyQ3MiQzNjE4MzIjNjEjJDEjJDAjJDgz,분당우리산부인과의원
JDU4MTI3MSM1MSMkMiMkMCMkMDAkMzgxMTkxIzUxIyQyIyQ1IyQwMCQzNjE4MzIjNjEjJDEjJDgjJDgz,최성림유외과의원
JDU4MTI3MSM1MSMkMiMkMCMkMDAkMzgxMzUxIzIxIyQxIyQ1IyQ2MiQ0NjEwMDIjNDEjJDEjJDgjJDgz,이지브레인 정신건강의학과의원
JDU4MTI3MSM1MSMkMiMkMCMkMDAkMzgxMzUxIzIxIyQxIyQ5IyQ3MiQzNjE0ODEjNTEjJDEjJDYjJDgz,우리집의원
JDU4MTI3MSM1MSMkMiMkMCMkMDAkMzgxMzUxIzIxIyQxIyQxIyQ3OSQ0NjEwMDIjNjEjJDEjJDQjJDgz,삼성항외과의원
JDU4MTI3MSM1MSMkMiMkMCMkMDAkMzgxMzUxIzIxIyQxIyQxIyQ4MiQ0NjEwMDIjODEjJDEjJDYjJDgz,메트로재활의학과의원
JDU4MTI3MSM1MSMkMiMkMCMkMDAkMzgxMzUxIzMxIyQxIyQ3IyQ3OSQyNjEyMjIjNTEjJDEjJDYjJDgz,장앤전내과이비인후과의원
JDU4MTI3MSM1MSMkMiMkMCMkMDAkMzgxMzUxIzMxIyQxIyQzIyQ4MiQyNjE4MzIjODEjJDEjJDYjJDgz,노블정형외과의원
JDU4MTI3MSM1MSMkMiMkMCMkMDAkMzgxMzUxIzQxIyQxIyQ3IyQ3OSQzNjEwMDIjNjEjJDEjJDAjJDgz,리즈피부과의원
JDU4MTI3MSM1MSMkMiMkMCMkMDAkMzgxMzUxIzUxIyQxIyQ1IyQ2MiQyNjE0ODEjNjEjJDEjJDQjJDgz,서울휴재활의학과의원
JDU4MTI3MSM1MSMkMiMkMCMkMDAkMzgxMzUxIzUxIyQxIyQ1IyQ3MiQzNjEwMDIjNTEjJDEjJDYjJDgz,분당연세비뇨의학과의원
JDU4MTI3MSM1MSMkMiMkMCMkMDAkMzgxMzUxIzUxIyQyIyQ1IyQwMCQ0NjE0ODEjNTEjJDEjJDYjJDgz,행복한내과의원
JDU4MTI3MSM1MSMkMiMkMCMkMDAkMzgxNzAyIzExIyQxIyQ3IyQ3MiQzNjEyMjIjNzEjJDEjJDgjJDgz,연세맑은이비인후과의원
JDU4MTI3MSM1MSMkMiMkMCMkMDAkMzgxNzAyIzExIyQxIyQ3IyQ3OSQzNjE4MzIjODEjJDEjJDYjJDgz,모란이비인후과의원
JDU4MTI3MSM1MSMkMiMkMCMkMDAkMzgxNzAyIzExIyQxIyQzIyQ3OSQyNjE4MzIjNDEjJDEjJDQjJDgz,연세유효민내과의원
JDU4MTI3MSM1MSMkMiMkMCMkMDAkMzgxNzAyIzExIyQxIyQzIyQ4MiQyNjE4MzIjNTEjJDEjJDYjJDgz,윤유마취통증의학과의원
JDU4MTI3MSM1MSMkMiMkMCMkMDAkMzgxNzAyIzIxIyQxIyQ1IyQ4OSQzNjE0ODEjNjEjJDEjJDAjJDgz,성남속편한내과의원
JDU4MTI3MSM1MSMkMiMkMCMkMDAkMzgxNzAyIzIxIyQxIyQ1IyQ5MiQyNjE0ODEjNjEjJDEjJDQjJDgz,맑은유영상의학과의원
JDU4MTI3MSM1MSMkMiMkMCMkMDAkMzgxNzAyIzIxIyQxIyQ5IyQ4OSQ0NjE0ODEjNTEjJDEjJDYjJDgz,조인정형외과의원
JDU4MTI3MSM1MSMkMiMkMCMkMDAkMzgxNzAyIzIxIyQxIyQ5IyQ4OSQzNjEyMjIjNzEjJDEjJDgjJDgz,그랜드비뇨의학과의원
JDU4MTI3MSM1MSMkMiMkMCMkMDAkMzgxNzAyIzIxIyQxIyQ5IyQwMyQ0NjEwMDIjNTEjJDEjJDIjJDgz,연세더리더스내과의원
JDU4MTI3MSM1MSMkMiMkMCMkMDAkMzgxNzAyIzIxIyQxIyQ5IyQwMyQzNjEyMjIjODEjJDEjJDIjJDgz,위례나무의원
JDU4MTI3MSM1MSMkMiMkMCMkMDAkMzgxNzAyIzIxIyQxIyQxIyQ3MiQyNjE4MzIjODEjJDEjJDYjJDgz,고려드림내과의원
JDU4MTI3MSM1MSMkMiMkMCMkMDAkMzgxNzAyIzIxIyQxIyQxIyQ4MiQzNjE4MzIjODEjJDEjJDYjJDgz,행복한정신건강의학과의원
JDU4MTI3MSM1MSMkMiMkMCMkMDAkMzgxNzAyIzIxIyQxIyQxIyQwMyQzNjEyMjIjNjEjJDEjJDQjJDgz,알파비뇨의학과의원
JDU4MTI3MSM1MSMkMiMkMCMkMDAkMzgxNzAyIzIxIyQyIyQ5IyQwMCQyNjE4MzIjNzEjJDEjJDgjJDgz,새봄이비인후과의원
JDU4MTI3MSM1MSMkMiMkMCMkMDAkMzgxNzAyIzIxIyQyIyQxIyQwMCQzNjEwMDIjNDEjJDEjJDgjJDgz,닥터엘의원
JDU4MTI3MSM1MSMkMiMkMCMkMDAkMzgxNzAyIzMxIyQxIyQ3IyQ4MiQyNjEwMDIjNjEjJDEjJDQjJDgz,신상건신경과의원
JDU4MTI3MSM1MSMkMiMkMCMkMDAkMzgxNzAyIzMxIyQxIyQ3IyQwMyQzNjEwMDIjNTEjJDEjJDIjJDgz,서울미피부과의원
JDU4MTI3MSM1MSMkMiMkMCMkMDAkMzgxNzAyIzMxIyQxIyQzIyQ2MiQ0NjEwMDIjNDEjJDEjJDQjJDgz,비타민의원
JDU4MTI3MSM1MSMkMiMkMCMkMDAkMzgxNzAyIzMxIyQxIyQzIyQ2MiQyNjE0ODEjNjEjJDEjJDgjJDgz,21세기미금의원
JDU4MTI3MSM1MSMkMiMkMCMkMDAkMzgxNzAyIzMxIyQxIyQzIyQ4MiQzNjEwMDIjNDEjJDEjJDgjJDgz,우리희망내과의원
JDU4MTI3MSM1MSMkMiMkMCMkMDAkMzgxNzAyIzMxIyQxIyQzIyQ5MiQyNjEwMDIjNjEjJDEjJDgjJDgz,판교연세내과의원
JDU4MTI3MSM1MSMkMiMkMCMkMDAkMzgxNzAyIzQxIyQxIyQ3IyQ3OSQzNjEwMDIjNDEjJDEjJDgjJDgz,서울탑정신건강의학과의원
JDU4MTI3MSM1MSMkMiMkMCMkMDAkMzgxNzAyIzQxIyQxIyQ3IyQ5OSQyNjE4MzIjODEjJDEjJDYjJDgz,청의원
JDU4MTI3MSM1MSMkMiMkMCMkMDAkMzgxNzAyIzQxIyQxIyQ3IyQwMyQyNjE0ODEjODEjJDEjJDIjJDgz,에디슨 소아청소년과의원
JDU4MTI3MSM1MSMkMiMkMCMkMDAkMzgxNzAyIzQxIyQxIyQ3IyQxMyQzNjE0ODEjODEjJDEjJDIjJDgz,이앤박내과의원
JDU4MTI3MSM1MSMkMiMkMCMkMDAkMzgxNzAyIzUxIyQxIyQ1IyQ3MiQ0NjE0ODEjNjEjJDEjJDAjJDgz,미모아피부과의원
JDU4MTI3MSM1MSMkMiMkMCMkMDAkMzgxNzAyIzUxIyQxIyQ1IyQ4MiQyNjEwMDIjNjEjJDEjJDAjJDgz,뜰에샘의원
JDU4MTI3MSM1MSMkMiMkMCMkMDAkMzgxNzAyIzUxIyQyIyQxIyQwMCQ0NjE0ODEjNTEjJDEjJDYjJDgz,준이비인후과의원
JDU4MTI3MSM1MSMkMiMkMCMkMDAkMzgxOTYxIzExIyQxIyQ3IyQ2MiQyNjE4MzIjNjEjJDEjJDAjJDgz,엘성형외과의원
JDU4MTI3MSM1MSMkMiMkMCMkMDAkMzgxOTYxIzExIyQxIyQ3IyQ2MiQzNjE0ODEjNTEjJDEjJDIjJDgz,신의의원
JDU4MTI3MSM1MSMkMiMkMCMkMDAkMzgxOTYxIzExIyQxIyQ3IyQwMyQzNjEyMjIjODEjJDEjJDIjJDgz,서현안과의원
JDU4MTI3MSM1MSMkMiMkMCMkMDAkMzgxOTYxIzExIyQxIyQzIyQ4OSQ0NjEwMDIjNjEjJDEjJDQjJDgz,연세플러스내과의원
JDU4MTI3MSM1MSMkMiMkMCMkMDAkMzgxOTYxIzExIyQyIyQ3IyQwMCQzNjEwMDIjNTEjJDEjJDYjJDgz,늘푸른피부과의원
JDU4MTI3MSM1MSMkMiMkMCMkMDAkMzgxOTYxIzExIyQyIyQzIyQwMCQyNjEyMjIjNTEjJDEjJDIjJDgz,이지의원
JDU4MTI3MSM1MSMkMiMkMCMkMDAkMzgxOTYxIzExIyQyIyQzIyQwMCQzNjEyMjIjNjEjJDEjJDQjJDgz,홍만제정신건강의학과의원
JDU4MTI3MSM1MSMkMiMkMCMkMDAkMzgxOTYxIzIxIyQxIyQ1IyQ5MiQzNjEwMDIjNjEjJDEjJDQjJDgz,분당우태하피부과의원
JDU4MTI3MSM1MSMkMiMkMCMkMDAkMzgxOTYxIzIxIyQxIyQxIyQ5OSQyNjE0ODEjNDEjJDEjJDgjJDgz,우리의원
JDU4MTI3MSM1MSMkMiMkMCMkMDAkMzgxOTYxIzIxIyQxIyQxIyQ5OSQzNjE0ODEjNjEjJDEjJDAjJDgz,LH의원
JDU4MTI3MSM1MSMkMiMkMCMkMDAkMzgxOTYxIzMxIyQxIyQ3IyQ3MiQzNjE4MzIjNjEjJDEjJDgjJDgz,분당예비뇨기과의원
JDU4MTI3MSM1MSMkMiMkMCMkMDAkMzgxOTYxIzMxIyQxIyQ3IyQ5OSQzNjE0ODEjNDEjJDEjJDQjJDgz,상쾌한이비인후과의원
JDU4MTI3MSM1MSMkMiMkMCMkMDAkMzgxOTYxIzMxIyQxIyQzIyQ4OSQyNjE0ODEjNTEjJDEjJDYjJDgz,메디원변재광의원
JDU4MTI3MSM1MSMkMiMkMCMkMDAkMzgxOTYxIzMxIyQxIyQzIyQ4OSQyNjEyMjIjNDEjJDEjJDQjJDgz,필립의원
JDU4MTI3MSM1MSMkMiMkMCMkMDAkMzgxOTYxIzQxIyQxIyQ3IyQ2MiQyNjE0ODEjODEjJDEjJDIjJDgz,오월의아침피부과의원
JDU4MTI3MSM1MSMkMiMkMCMkMDAkMzgxOTYxIzQxIyQxIyQ3IyQ3OSQ0NjEwMDIjNTEjJDEjJDIjJDgz,21C프라자내과의원
JDU4MTI3MSM1MSMkMiMkMCMkMDAkMzgxOTYxIzQxIyQxIyQ3IyQ4OSQzNjE4MzIjNTEjJDEjJDYjJDgz,수정형외과의원
JDU4MTI3MSM1MSMkMiMkMCMkMDAkMzgxOTYxIzUxIyQxIyQ1IyQ2MiQ0NjEwMDIjNjEjJDEjJDAjJDgz,노블클래식의원
JDU4MTI3MSM1MSMkMiMkMCMkMDAkMzgxOTYxIzUxIyQxIyQxIyQwMyQyNjE4MzIjODEjJDEjJDIjJDgz,참서울의원
JDU4MTI3MSM1MSMkMiMkMCMkMDAkNDgxMTkxIzExIyQxIyQ3IyQ3MiQ0NjEwMDIjODEjJDEjJDIjJDgz,더나은내과의원
JDU4MTI3MSM1MSMkMiMkMCMkMDAkNDgxMTkxIzExIyQxIyQ3IyQwMyQzNjE0ODEjODEjJDEjJDYjJDgz,위례연세정신건강의학과의원
JDU4MTI3MSM1MSMkMiMkMCMkMDAkNDgxMTkxIzIxIyQxIyQ1IyQ2MiQzNjE4MzIjNzEjJDEjJDgjJDgz,하나정형외과의원
JDU4MTI3MSM1MSMkMiMkMCMkMDAkNDgxMTkxIzIxIyQxIyQ5IyQ3OSQ0NjE0ODEjNTEjJDEjJDIjJDgz,이승철신경외과의원
JDU4MTI3MSM1MSMkMiMkMCMkMDAkNDgxMTkxIzMxIyQxIyQ3IyQ2MiQzNjEyMjIjODEjJDEjJDIjJDgz,코앤코이비인후과의원
JDU4MTI3MSM1MSMkMiMkMCMkMDAkNDgxMTkxIzMxIyQxIyQ3IyQ3OSQzNjE4MzIjNzEjJDEjJDgjJDgz,이삭정신건강의학과의원
JDU4MTI3MSM1MSMkMiMkMCMkMDAkNDgxMTkxIzMxIyQxIyQ3IyQ5OSQyNjEwMDIjNTEjJDEjJDIjJDgz,제이탑정형외과의원
JDU4MTI3MSM1MSMkMiMkMCMkMDAkNDgxMTkxIzMxIyQxIyQzIyQwMyQzNjEwMDIjNTEjJDEjJDIjJDgz,네이버부속의원
JDU4MTI3MSM1MSMkMiMkMCMkMDAkNDgxMTkxIzMxIyQxIyQzIyQxMyQzNjE4MzIjNjEjJDEjJDgjJDgz,한양솔가정의학과의원
JDU4MTI3MSM1MSMkMiMkMCMkMDAkNDgxMTkxIzUxIyQxIyQ1IyQ4MiQ0NjEwMDIjNjEjJDEjJDgjJDgz,정배연공감동의원
JDU4MTI3MSM1MSMkMiMkMCMkMDAkNDgxMTkxIzUxIyQxIyQ1IyQ5OSQzNjE0ODEjNjEjJDEjJDgjJDgz,이지가정의학과의원
JDU4MTI3MSM1MSMkMiMkMCMkMDAkNDgxMTkxIzUxIyQxIyQxIyQ5OSQyNjE4MzIjNDEjJDEjJDgjJDgz,치유미가정의학과의원
JDU4MTI3MSM1MSMkMiMkMCMkMDAkNDgxMzUxIzExIyQxIyQ3IyQ4OSQyNjEyMjIjNDEjJDEjJDgjJDgz,아이엠정형외과의원
JDU4MTI3MSM1MSMkMiMkMCMkMDAkNDgxMzUxIzIxIyQxIyQ1IyQ5MiQyNjEyMjIjNzEjJDEjJDgjJDgz,분당톡스앤필의원
JDU4MTI3MSM1MSMkMiMkMCMkMDAkNDgxMzUxIzIxIyQxIyQxIyQ3OSQzNjEyMjIjNTEjJDEjJDIjJDgz,마음속내과 의원
JDU4MTI3MSM1MSMkMiMkMCMkMDAkNDgxMzUxIzMxIyQxIyQ3IyQ4MiQ0NjE0ODEjODEjJDEjJDIjJDgz,더그레이스의원
JDU4MTI3MSM1MSMkMiMkMCMkMDAkNDgxMzUxIzMxIyQxIyQ3IyQxMyQzNjE0ODEjNzEjJDEjJDgjJDgz,서울탑내과의원
JDU4MTI3MSM1MSMkMiMkMCMkMDAkNDgxMzUxIzMxIyQxIyQzIyQ2MiQzNjEyMjIjNDEjJDEjJDgjJDgz,연세권마취통증의학과의원
JDU4MTI3MSM1MSMkMiMkMCMkMDAkNDgxMzUxIzMxIyQyIyQzIyQwMCQ0NjEwMDIjODEjJDEjJDIjJDgz,연세아이맘소아청소년과의원
JDU4MTI3MSM1MSMkMiMkMCMkMDAkNDgxMzUxIzQxIyQxIyQ3IyQ4OSQyNjEwMDIjNDEjJDEjJDgjJDgz,분당서울의원
JDU4MTI3MSM1MSMkMiMkMCMkMDAkNDgxMzUxIzQxIyQxIyQ3IyQwMyQyNjE0ODEjNTEjJDEjJDYjJDgz,미래성모이비인후과의원
JDU4MTI3MSM1MSMkMiMkMCMkMDAkNDgxMzUxIzUxIyQxIyQ1IyQ5OSQyNjE0ODEjNTEjJDEjJDIjJDgz,서울아산정형외과의원
JDU4MTI3MSM1MSMkMiMkMCMkMDAkNDgxMzUxIzUxIyQxIyQ1IyQwMyQyNjEyMjIjNTEjJDEjJDIjJDgz,허리편한신경외과의원
JDU4MTI3MSM1MSMkMiMkMCMkMDAkNDgxMzUxIzUxIyQxIyQ1IyQwMyQzNjEwMDIjNzEjJDEjJDgjJDgz,리뉴미피부과의원
JDU4MTI3MSM1MSMkMiMkMCMkMDAkNDgxMzUxIzUxIyQxIyQ1IyQxMyQ0NjE0ODEjODEjJDEjJDYjJDgz,콕마취통증의학과의원
JDU4MTI3MSM1MSMkMiMkMCMkMDAkNDgxNzAyIzExIyQxIyQzIyQ5OSQyNjE4MzIjNjEjJDEjJDgjJDgz,분당삼성내과의원
JDU4MTI3MSM1MSMkMiMkMCMkMDAkNDgxNzAyIzIxIyQxIyQ1IyQ2MiQyNjE0ODEjNjEjJDEjJDQjJDgz,이세환마취통증의학과의원
JDU4MTI3MSM1MSMkMiMkMCMkMDAkNDgxNzAyIzIxIyQxIyQ1IyQ2MiQzNjEyMjIjNjEjJDEjJDAjJDgz,해수소중한아이정신건강의학과의원
JDU4MTI3MSM1MSMkMiMkMCMkMDAkNDgxNzAyIzIxIyQxIyQ5IyQ2MiQyNjEwMDIjNDEjJDEjJDQjJDgz,365MC의원
JDU4MTI3MSM1MSMkMiMkMCMkMDAkNDgxNzAyIzIxIyQxIyQ5IyQ4OSQyNjEyMjIjNjEjJDEjJDgjJDgz,서울유이비인후과의원
JDU4MTI3MSM1MSMkMiMkMCMkMDAkNDgxNzAyIzIxIyQxIyQxIyQ4MiQzNjE0ODEjNjEjJDEjJDgjJDgz,서울문정형외과의원
JDU4MTI3MSM1MSMkMiMkMCMkMDAkNDgxNzAyIzMxIyQxIyQ3IyQ3OSQzNjEwMDIjNjEjJDEjJDgjJDgz,아산유재활의학과의원 유한의원
JDU4MTI3MSM1MSMkMiMkMCMkMDAkNDgxNzAyIzQxIyQxIyQ3IyQ3OSQzNjEyMjIjNDEjJDEjJDgjJDgz,성남센트럴안과의원
JDU4MTI3MSM1MSMkMiMkMCMkMDAkNDgxNzAyIzQxIyQxIyQ3IyQ4OSQzNjEwMDIjNDEjJDEjJDQjJDgz,분당정자역정형외과의원
JDU4MTI3MSM1MSMkMiMkMCMkMDAkNDgxNzAyIzUxIyQxIyQ1IyQ4OSQzNjE0ODEjNjEjJDEjJDAjJDgz,분당선내과의원
JDU4MTI3MSM1MSMkMiMkMCMkMDAkNDgxNzAyIzUxIyQxIyQ1IyQxMyQzNjE0ODEjNTEjJDEjJDIjJDgz,조아산부인과의원
JDU4MTI3MSM1MSMkMiMkMCMkMDAkNDgxNzAyIzUxIyQxIyQxIyQ4MiQzNjEyMjIjNDEjJDEjJDgjJDgz,서현정신건강의학과의원
JDU4MTI3MSM1MSMkMiMkMCMkMDAkNDgxOTYxIzExIyQxIyQ3IyQ3OSQ0NjE0ODEjODEjJDEjJDIjJDgz,서현S마취통증의학과의원
JDU4MTI3MSM1MSMkMiMkMCMkMDAkNDgxOTYxIzExIyQxIyQ3IyQ4OSQzNjE0ODEjNTEjJDEjJDIjJDgz,수내밝은성모안과의원
JDU4MTI3MSM1MSMkMiMkMCMkMDAkNDgxOTYxIzExIyQxIyQzIyQ3OSQ0NjEwMDIjNDEjJDEjJDQjJDgz,연세힐링의원
JDU4MTI3MSM1MSMkMiMkMCMkMDAkNDgxOTYxIzIxIyQxIyQ1IyQ3MiQyNjEwMDIjNDEjJDEjJDQjJDgz,이든소아청소년과의원
JDU4MTI3MSM1MSMkMiMkMCMkMDAkNDgxOTYxIzIxIyQxIyQ5IyQ3MiQzNjEyMjIjNzEjJDEjJDgjJDgz,위례상쾌한이비인후과의원
JDU4MTI3MSM1MSMkMiMkMCMkMDAkNDgxOTYxIzIxIyQxIyQ5IyQ4MiQ0NjE0ODEjNDEjJDEjJDgjJDgz,서울삼성안과의원
JDU4MTI3MSM1MSMkMiMkMCMkMDAkNDgxOTYxIzIxIyQxIyQ5IyQ5MiQyNjE0ODEjNTEjJDEjJDIjJDgz,항도외과의원
JDU4MTI3MSM1MSMkMiMkMCMkMDAkNDgxOTYxIzIxIyQxIyQxIyQ4OSQzNjEwMDIjNzEjJDEjJDgjJDgz,라파이비인후과의원
JDU4MTI3MSM1MSMkMiMkMCMkMDAkNDgxOTYxIzIxIyQxIyQxIyQ5MiQyNjE0ODEjNDEjJDEjJDQjJDgz,등마루신경외과의원
JDU4MTI3MSM1MSMkMiMkMCMkMDAkNDgxOTYxIzIxIyQxIyQxIyQ5OSQzNjE0ODEjNjEjJDEjJDgjJDgz,나드라의원
JDU4MTI3MSM1MSMkMiMkMCMkMDAkNDgxOTYxIzIxIyQyIyQxIyQwMCQyNjEwMDIjODEjJDEjJDYjJDgz,365프렌즈내과의원
JDU4MTI3MSM1MSMkMiMkMCMkMDAkNDgxOTYxIzMxIyQxIyQ3IyQ4MiQyNjEwMDIjNjEjJDEjJDgjJDgz,늘해랑소아청소년과의원
JDU4MTI3MSM1MSMkMiMkMCMkMDAkNDgxOTYxIzMxIyQxIyQ3IyQ5MiQ0NjE0ODEjNDEjJDEjJDgjJDgz,서울김안과의원
JDU4MTI3MSM1MSMkMiMkMCMkMDAkNDgxOTYxIzMxIyQxIyQzIyQ3OSQyNjE4MzIjNTEjJDEjJDIjJDgz,로아신경과의원
JDU4MTI3MSM1MSMkMiMkMCMkMDAkNDgxOTYxIzQxIyQxIyQ3IyQwMyQzNjEwMDIjNDEjJDEjJDQjJDgz,위례중앙내과외과의원
JDU4MTI3MSM1MSMkMiMkMCMkMDAkNDgxOTYxIzQxIyQxIyQ3IyQxMyQyNjEwMDIjNjEjJDEjJDAjJDgz,아산플러스가정의학과의원
JDU4MTI3MSM1MSMkMiMkMCMkMDAkNDgxOTYxIzQxIyQxIyQ3IyQxMyQyNjEyMjIjNTEjJDEjJDIjJDgz,위례플러스이비인후과의원
JDU4MTI3MSM1MSMkMiMkMCMkMDAkNDgxOTYxIzUxIyQxIyQ1IyQwMyQzNjE0ODEjNjEjJDEjJDAjJDgz,바로힐마취통증의학과의원
JDU4MTI3MSM1MSMkMiMkMCMkMDAkNDgxOTYxIzUxIyQxIyQ1IyQwMyQzNjEyMjIjNDEjJDEjJDgjJDgz,삼성공감정신건강의학과의원
JDU4MTI3MSM1MSMkMiMkMCMkMDAkNDgxOTYxIzUxIyQxIyQxIyQ5OSQ0NjE0ODEjNzEjJDEjJDgjJDgz,블루비뇨기과의원
JDU4MTI3MSM1MSMkMiMkMCMkMDAkNTgxMzUxIzExIyQyIyQzIyQwMCQyNjEyMjIjNDEjJDEjJDgjJDgz,분당제일마디의원
JDU4MTI3MSM1MSMkMiMkMCMkMDAkNTgxMzUxIzIxIyQxIyQ1IyQ2MiQ0NjEwMDIjNjEjJDEjJDAjJDgz,위례삼성정형외과의원
JDU4MTI3MSM1MSMkMiMkMCMkMDAkNTgxMzUxIzIxIyQxIyQ1IyQ4MiQyNjE4MzIjNDEjJDEjJDQjJDgz,고든정형외과의원
JDU4MTI3MSM1MSMkMiMkMCMkMDAkNTgxMzUxIzIxIyQxIyQ5IyQ4MiQ0NjEwMDIjNjEjJDEjJDQjJDgz,코모키이비인후과의원
JDU4MTI3MSM1MSMkMiMkMCMkMDAkNTgxMzUxIzIxIyQxIyQ5IyQ4MiQyNjEwMDIjNDEjJDEjJDQjJDgz,서울용마취통증의학과의원
JDU4MTI3MSM1MSMkMiMkMCMkMDAkNTgxMzUxIzQxIyQxIyQ3IyQ4MiQzNjE4MzIjODEjJDEjJDIjJDgz,나라의원
JDU4MTI3MSM1MSMkMiMkMCMkMDAkNTgxMzUxIzQxIyQxIyQ3IyQ5MiQzNjEyMjIjNzEjJDEjJDgjJDgz,서울샤인이비인후과의원
JDU4MTI3MSM1MSMkMiMkMCMkMDAkNTgxMzUxIzQxIyQxIyQ3IyQ5OSQ0NjEwMDIjNjEjJDEjJDQjJDgz,연세우리내과의원
JDU4MTI3MSM1MSMkMiMkMCMkMDAkNTgxMzUxIzUxIyQxIyQ1IyQ4OSQyNjE4MzIjNDEjJDEjJDgjJDgz,판교잘보는연세안과의원
JDU4MTI3MSM1MSMkMiMkMCMkMDAkNTgxMzUxIzUxIyQxIyQ1IyQ4OSQzNjE4MzIjNjEjJDEjJDAjJDgz,안주영소아청소년과의원
JDU4MTI3MSM1MSMkMiMkMCMkMDAkNTgxOTYxIzExIyQxIyQ3IyQxMyQzNjEwMDIjNDEjJDEjJDgjJDgz,미금더튼튼의원
JDU4MTI3MSM1MSMkMiMkMCMkMDAkNTgxOTYxIzExIyQxIyQzIyQ4OSQzNjEyMjIjNjEjJDEjJDAjJDgz,판교365의원
JDU4MTI3MSM1MSMkMiMkMCMkMDAkNTgxOTYxIzExIyQxIyQzIyQxMyQyNjEwMDIjNDEjJDEjJDgjJDgz,위례밝은성모안과의원
JDU4MTI3MSM1MSMkMiMkMCMkMDAkNTgxOTYxIzIxIyQxIyQ1IyQ2MiQyNjE4MzIjNDEjJDEjJDgjJDgz,리셋의원
JDU4MTI3MSM1MSMkMiMkMCMkMDAkNTgxOTYxIzIxIyQxIyQ1IyQ5OSQzNjE0ODEjNjEjJDEjJDAjJDgz,바른마음유외과의원
JDU4MTI3MSM1MSMkMiMkMCMkMDAkNTgxOTYxIzIxIyQxIyQ1IyQwMyQyNjE4MzIjNDEjJDEjJDQjJDgz,파워비뇨의학과의원
JDU4MTI3MSM1MSMkMiMkMCMkMDAkNTgxOTYxIzIxIyQxIyQ5IyQ5OSQyNjE0ODEjODEjJDEjJDIjJDgz,위례퍼스트정형외과의원
JDU4MTI3MSM1MSMkMiMkMCMkMDAkNTgxOTYxIzIxIyQyIyQ1IyQwMCQyNjEyMjIjNjEjJDEjJDQjJDgz,분당정자굿본재활의학과의원
JDU4MTI3MSM1MSMkMiMkMCMkMDAkNTgxOTYxIzIxIyQyIyQxIyQwMCQ0NjEwMDIjNjEjJDEjJDgjJDgz,서현삼성산부인과의원
JDU4MTI3MSM1MSMkMiMkMCMkMDAkNTgxOTYxIzMxIyQxIyQ3IyQ2MiQzNjEwMDIjNjEjJDEjJDgjJDgz,서울진정신건강의학과의원
JDU4MTI3MSM1MSMkMiMkMCMkMDAkNTgxOTYxIzMxIyQxIyQzIyQxMyQzNjEwMDIjNjEjJDEjJDgjJDgz,단대오거리정형외과의원
