암호화요양기호,진료시작시간_일요일
JDQ4MTYyMiM1MSMkMSMkMCMkMTMkMzgxMTkxIzExIyQxIyQzIyQ4OSQzNjEyMjIjNDEjJDEjJDgjJDgz,
JDQ4MTYyMiM1MSMkMSMkMCMkMTMkMzgxMTkxIzIxIyQxIyQxIyQ3MiQyNjE0ODEjNTEjJDEjJDYjJDgz,930.0
JDQ4MTYyMiM1MSMkMSMkMCMkMTMkMzgxMTkxIzIxIyQyIyQ5IyQwMCQyNjEyMjIjODEjJDEjJDIjJDgz,900.0
JDQ4MTYyMiM1MSMkMSMkMCMkMTMkMzgxNzAyIzExIyQxIyQzIyQxMyQzNjEyMjIjNjEjJDEjJDAjJDgz,
JDQ4MTYyMiM1MSMkMSMkMCMkMTMkMzgxNzAyIzIxIyQxIyQ1IyQ3MiQzNjEwMDIjNjEjJDEjJDgjJDgz,
JDQ4MTYyMiM1MSMkMSMkMCMkMTMkMzgxNzAyIzIxIyQxIyQ1IyQxMyQzNjEwMDIjNjEjJDEjJDQjJDgz,
JDQ4MTYyMiM1MSMkMSMkMCMkMTMkMzgxNzAyIzMxIyQxIyQ3IyQ3OSQzNjEyMjIjNzEjJDEjJDgjJDgz,
JDQ4MTYyMiM1MSMkMSMkMCMkMTMkMzgxNzAyIzQxIyQxIyQ3IyQ2MiQyNjEwMDIjNDEjJDEjJDgjJDgz,
JDQ4MTYyMiM1MSMkMSMkMCMkMTMkMzgxNzAyIzQxIyQxIyQ3IyQ3OSQ0NjE0ODEjNDEjJDEjJDQjJDgz,
JDQ4MTYyMiM1MSMkMSMkMCMkMTMkMzgxNzAyIzQxIyQxIyQ3IyQ5MiQzNjE0ODEjODEjJDEjJDIjJDgz,
JDQ4MTYyMiM1MSMkMSMkMCMkMTMkMzgxNzAyIzQxIyQyIyQ3IyQwMCQzNjEwMDIjNzEjJDEjJDgjJDgz,
JDQ4MTYyMiM1MSMkMSMkMCMkMTMkMzgxNzAyIzUxIyQxIyQ1IyQ5OSQzNjEwMDIjNTEjJDEjJDIjJDgz,
JDQ4MTYyMiM1MSMkMSMkMCMkMTMkMzgxNzAyIzUxIyQxIyQxIyQxMyQ0NjEwMDIjNDEjJDEjJDQjJDgz,
JDQ4MTYyMiM1MSMkMSMkMCMkMTMkNDgxMTkxIzExIyQxIyQzIyQ3OSQyNjE0ODEjNjEjJDEjJDgjJDgz,
JDQ4MTYyMiM1MSMkMSMkMCMkMTMkNDgxMTkxIzExIyQxIyQzIyQ5OSQzNjEyMjIjNDEjJDEjJDQjJDgz,
JDQ4MTYyMiM1MSMkMSMkMCMkMTMkNDgxMTkxIzExIyQyIyQ3IyQwMCQyNjE4MzIjODEjJDEjJDYjJDgz,1000.0
JDQ4MTYyMiM1MSMkMSMkMCMkMTMkNDgxMTkxIzIxIyQxIyQ1IyQ4MiQzNjEyMjIjODEjJDEjJDIjJDgz,
JDQ4MTYyMiM1MSMkMSMkMCMkMTMkNDgxMTkxIzIxIyQxIyQ1IyQxMyQ0NjE0ODEjNjEjJDEjJDgjJDgz,
JDQ4MTYyMiM1MSMkMSMkMCMkMTMkNDgxMTkxIzIxIyQxIyQ5IyQ3MiQzNjE0ODEjNDEjJDEjJDgjJDgz,
JDQ4MTYyMiM1MSMkMSMkMCMkMTMkNDgxMTkxIzIxIyQxIyQ5IyQ5OSQyNjEwMDIjNjEjJDEjJDAjJDgz,
JDQ4MTYyMiM1MSMkMSMkMCMkMTMkNDgxMTkxIzIxIyQxIyQxIyQ2MiQ0NjE0ODEjNTEjJDEjJDYjJDgz,
JDQ4MTYyMiM1MSMkMSMkMCMkMTMkNDgxMTkxIzMxIyQxIyQ3IyQ3OSQ0NjEwMDIjODEjJDEjJDIjJDgz,
JDQ4MTYyMiM1MSMkMSMkMCMkMTMkNDgxMTkxIzMxIyQxIyQ3IyQ4OSQ0NjEwMDIjNjEjJDEjJDQjJDgz,
JDQ4MTYyMiM1MSMkMSMkMCMkMTMkNDgxMTkxIzMxIyQxIyQ3IyQxMyQ0NjE0ODEjNjEjJDEjJDQjJDgz,
JDQ4MTYyMiM1MSMkMSMkMCMkMTMkNDgxMTkxIzMxIyQxIyQ3IyQxMyQyNjEyMjIjNjEjJDEjJDgjJDgz,
JDQ4MTYyMiM1MSMkMSMkMCMkMTMkNDgxMTkxIzMxIyQxIyQzIyQ5MiQ0NjEwMDIjNTEjJDEjJDIjJDgz,
JDQ4MTYyMiM1MSMkMSMkMCMkMTMkNDgxMTkxIzUxIyQxIyQ1IyQ5MiQyNjEwMDIjNTEjJDEjJDIjJDgz,
JDQ4MTYyMiM1MSMkMSMkMCMkMTMkNDgxMTkxIzUxIyQxIyQxIyQwMyQzNjE4MzIjNTEjJDEjJDIjJDgz,
JDQ4MTYyMiM1MSMkMSMkMCMkMTMkNDgxMzUxIzExIyQxIyQzIyQ4OSQ0NjEwMDIjNjEjJDEjJDgjJDgz,
JDQ4MTYyMiM1MSMkMSMkMCMkMTMkNDgxMzUxIzExIyQyIyQzIyQwMCQyNjE4MzIjNDEjJDEjJDgjJDgz,
JDQ4MTYyMiM1MSMkMSMkMCMkMTMkNDgxMzUxIzIxIyQxIyQ1IyQxMyQzNjE0ODEjNTEjJDEjJDIjJDgz,
JDQ4MTYyMiM1MSMkMSMkMCMkMTMkNDgxMzUxIzMxIyQxIyQ3IyQ3MiQyNjE4MzIjNjEjJDEjJDAjJDgz,
JDQ4MTYyMiM1MSMkMSMkMCMkMTMkNDgxMzUxIzMxIyQxIyQ3IyQ4MiQyNjE4MzIjNDEjJDEjJDgjJDgz,
JDQ4MTYyMiM1MSMkMSMkMCMkMTMkNDgxMzUxIzMxIyQxIyQzIyQxMyQ0NjEwMDIjNjEjJDEjJDgjJDgz,
JDQ4MTYyMiM1MSMkMSMkMCMkMTMkNDgxMzUxIzQxIyQxIyQ3IyQ3MiQyNjEyMjIjNTEjJDEjJDIjJDgz,
JDQ4MTYyMiM1MSMkMSMkMCMkMTMkNDgxMzUxIzUxIyQxIyQ1IyQ3OSQyNjE0ODEjNTEjJDEjJDIjJDgz,
JDQ4MTYyMiM1MSMkMSMkMCMkMTMkNDgxNzAyIzExIyQxIyQ3IyQ4MiQyNjEyMjIjODEjJDEjJDIjJDgz,
JDQ4MTYyMiM1MSMkMSMkMCMkMTMkNDgxNzAyIzExIyQyIyQzIyQwMCQzNjE4MzIjNDEjJDEjJDgjJDgz,
JDQ4MTYyMiM1MSMkMSMkMCMkMTMkNDgxNzAyIzIxIyQxIyQ1IyQ3MiQzNjEyMjIjNjEjJDEjJDgjJDgz,
JDQ4MTYyMiM1MSMkMSMkMCMkMTMkNDgxNzAyIzIxIyQyIyQxIyQwMCQyNjE0ODEjNjEjJDEjJDgjJDgz,
JDQ4MTYyMiM1MSMkMSMkMCMkMTMkNDgxNzAyIzMxIyQxIyQ3IyQ5MiQzNjE0ODEjNTEjJDEjJDYjJDgz,1000.0
JDQ4MTYyMiM1MSMkMSMkMCMkMTMkNDgxNzAyIzMxIyQxIyQ3IyQwMyQyNjE0ODEjODEjJDEjJDIjJDgz,
JDQ4MTYyMiM1MSMkMSMkMCMkMTMkNDgxNzAyIzUxIyQxIyQ1IyQ4OSQzNjE4MzIjNTEjJDEjJDYjJDgz,
JDQ4MTYyMiM1MSMkMSMkMCMkMTMkNDgxNzAyIzUxIyQxIyQ1IyQ5OSQzNjEwMDIjNjEjJDEjJDAjJDgz,
JDQ4MTYyMiM1MSMkMSMkMCMkMTMkNDgxNzAyIzUxIyQxIyQxIyQxMyQyNjE4MzIjNTEjJDEjJDIjJDgz,
JDQ4MTYyMiM1MSMkMSMkMCMkMTMkNDgxNzAyIzUxIyQyIyQ1IyQwMCQyNjEwMDIjODEjJDEjJDYjJDgz,
JDQ4MTYyMiM1MSMkMSMkMCMkMTMkNDgxOTYxIzExIyQxIyQzIyQ2MiQzNjEwMDIjNDEjJDEjJDgjJDgz,0.0
JDQ4MTYyMiM1MSMkMSMkMCMkMTMkNDgxOTYxIzExIyQxIyQzIyQxMyQ0NjEwMDIjNDEjJDEjJDQjJDgz,
JDQ4MTYyMiM1MSMkMSMkMCMkMTMkNDgxOTYxIzIxIyQxIyQ1IyQ2MiQzNjE0ODEjNDEjJDEjJDgjJDgz,
JDQ4MTYyMiM1MSMkMSMkMCMkMTMkNDgxOTYxIzIxIyQxIyQ1IyQ4MiQyNjE0ODEjNTEjJDEjJDYjJDgz,
JDQ4MTYyMiM1MSMkMSMkMCMkMTMkNDgxOTYxIzIxIyQxIyQ1IyQwMyQzNjE0ODEjNDEjJDEjJDgjJDgz,
JDQ4MTYyMiM1MSMkMSMkMCMkMTMkNDgxOTYxIzIxIyQxIyQ5IyQ3MiQyNjE4MzIjNzEjJDEjJDgjJDgz,
JDQ4MTYyMiM1MSMkMSMkMCMkMTMkNDgxOTYxIzIxIyQxIyQxIyQ3MiQzNjEyMjIjODEjJDEjJDYjJDgz,
JDQ4MTYyMiM1MSMkMSMkMCMkMTMkNDgxOTYxIzMxIyQxIyQzIyQ2MiQzNjE0ODEjNjEjJDEjJDAjJDgz,
JDQ4MTYyMiM1MSMkMSMkMCMkMTMkNDgxOTYxIzUxIyQxIyQ1IyQ4OSQ0NjE0ODEjNDEjJDEjJDgjJDgz,
JDQ4MTYyMiM1MSMkMSMkMCMkMTMkNDgxOTYxIzUxIyQxIyQ1IyQwMyQzNjE0ODEjODEjJDEjJDYjJDgz,
JDQ4MTYyMiM1MSMkMSMkMCMkMTMkNDgxOTYxIzUxIyQxIyQxIyQ2MiQzNjE0ODEjNTEjJDEjJDYjJDgz,
JDQ4MTYyMiM1MSMkMSMkMCMkMTMkNDgxOTYxIzUxIyQxIyQxIyQ4MiQyNjE4MzIjNDEjJDEjJDQjJDgz,
JDQ4MTYyMiM1MSMkMSMkMCMkNzIkMzgxMTkxIzExIyQxIyQ3IyQ5MiQzNjE4MzIjNDEjJDEjJDgjJDgz,
JDQ4MTYyMiM1MSMkMSMkMCMkNzIkMzgxMTkxIzExIyQxIyQzIyQ5OSQ0NjE0ODEjNjEjJDEjJDgjJDgz,
JDQ4MTYyMiM1MSMkMSMkMCMkNzIkMzgxMTkxIzExIyQyIyQzIyQwMCQ0NjE0ODEjNTEjJDEjJDYjJDgz,
JDQ4MTYyMiM1MSMkMSMkMCMkNzIkMzgxMTkxIzIxIyQxIyQ1IyQ3MiQzNjE0ODEjNjEjJDEjJDAjJDgz,
JDQ4MTYyMiM1MSMkMSMkMCMkNzIkMzgxMTkxIzIxIyQxIyQ1IyQ4MiQyNjE0ODEjODEjJDEjJDYjJDgz,
JDQ4MTYyMiM1MSMkMSMkMCMkNzIkMzgxMTkxIzIxIyQxIyQxIyQ3MiQyNjE4MzIjNDEjJDEjJDQjJDgz,
JDQ4MTYyMiM1MSMkMSMkMCMkNzIkMzgxMTkxIzIxIyQxIyQxIyQ4OSQyNjEyMjIjNTEjJDEjJDIjJDgz,
JDQ4MTYyMiM1MSMkMSMkMCMkNzIkMzgxMTkxIzMxIyQxIyQ3IyQ2MiQyNjE4MzIjODEjJDEjJDIjJDgz,
JDQ4MTYyMiM1MSMkMSMkMCMkNzIkMzgxMTkxIzMxIyQxIyQ3IyQ4OSQzNjE0ODEjNjEjJDEjJDAjJDgz,
JDQ4MTYyMiM1MSMkMSMkMCMkNzIkMzgxMTkxIzMxIyQxIyQzIyQwMyQyNjEwMDIjNjEjJDEjJDAjJDgz,
JDQ4MTYyMiM1MSMkMSMkMCMkNzIkMzgxMTkxIzQxIyQxIyQ3IyQ2MiQzNjE0ODEjNTEjJDEjJDIjJDgz,
JDQ4MTYyMiM1MSMkMSMkMCMkNzIkMzgxMTkxIzQxIyQxIyQ3IyQ5MiQyNjE4MzIjNjEjJDEjJDgjJDgz,
JDQ4MTYyMiM1MSMkMSMkMCMkNzIkMzgxMTkxIzQxIyQyIyQ3IyQwMCQyNjE4MzIjNzEjJDEjJDgjJDgz,
JDQ4MTYyMiM1MSMkMSMkMCMkNzIkMzgxMTkxIzUxIyQxIyQ1IyQ4OSQyNjE0ODEjNDEjJDEjJDgjJDgz,
JDQ4MTYyMiM1MSMkMSMkMCMkNzIkMzgxMTkxIzUxIyQxIyQ1IyQ5MiQyNjEyMjIjNDEjJDEjJDgjJDgz,
JDQ4MTYyMiM1MSMkMSMkMCMkNzIkMzgxMTkxIzUxIyQxIyQ1IyQwMyQyNjEyMjIjODEjJDEjJDIjJDgz,
JDQ4MTYyMiM1MSMkMSMkMCMkNzIkMzgxMzUxIzExIyQxIyQ3IyQ4MiQyNjE0ODEjNjEjJDEjJDQjJDgz,
JDQ4MTYyMiM1MSMkMSMkMCMkNzIkMzgxMzUxIzExIyQxIyQ3IyQ5OSQ0NjEwMDIjNDEjJDEjJDQjJDgz,
JDQ4MTYyMiM1MSMkMSMkMCMkNzIkMzgxMzUxIzIxIyQxIyQ5IyQ4OSQ0NjE0ODEjNTEjJDEjJDYjJDgz,
JDQ4MTYyMiM1MSMkMSMkMCMkNzIkMzgxMzUxIzIxIyQxIyQxIyQ3MiQyNjE0ODEjNjEjJDEjJDAjJDgz,
JDQ4MTYyMiM1MSMkMSMkMCMkNzIkMzgxMzUxIzMxIyQxIyQzIyQ5MiQzNjEyMjIjNzEjJDEjJDgjJDgz,
JDQ4MTYyMiM1MSMkMSMkMCMkNzIkMzgxMzUxIzMxIyQyIyQzIyQwMCQ0NjEwMDIjNTEjJDEjJDIjJDgz,
JDQ4MTYyMiM1MSMkMSMkMCMkNzIkMzgxMzUxIzQxIyQxIyQ3IyQxMyQyNjE4MzIjNDEjJDEjJDQjJDgz,
JDQ4MTYyMiM1MSMkMSMkMCMkNzIkMzgxMzUxIzQxIyQxIyQ3IyQxMyQzNjEwMDIjNjEjJDEjJDgjJDgz,
JDQ4MTYyMiM1MSMkMSMkMCMkNzIkMzgxMzUxIzUxIyQxIyQ1IyQwMyQzNjE0ODEjNTEjJDEjJDYjJDgz,
JDQ4MTYyMiM1MSMkMSMkMCMkNzIkMzgxMzUxIzUxIyQxIyQxIyQwMyQyNjE0ODEjNjEjJDEjJDAjJDgz,
JDQ4MTYyMiM1MSMkMSMkMCMkNzIkMzgxNzAyIzExIyQxIyQ3IyQ2MiQ0NjE0ODEjNTEjJDEjJDIjJDgz,
JDQ4MTYyMiM1MSMkMSMkMCMkNzIkMzgxNzAyIzExIyQxIyQ3IyQ3OSQyNjEyMjIjNjEjJDEjJDAjJDgz,
JDQ4MTYyMiM1MSMkMSMkMCMkNzIkMzgxNzAyIzExIyQxIyQzIyQ2MiQyNjEyMjIjNzEjJDEjJDgjJDgz,
JDQ4MTYyMiM1MSMkMSMkMCMkNzIkMzgxNzAyIzExIyQxIyQzIyQ3OSQyNjE0ODEjNDEjJDEjJDgjJDgz,
JDQ4MTYyMiM1MSMkMSMkMCMkNzIkMzgxNzAyIzIxIyQxIyQ1IyQ4OSQyNjE4MzIjNTEjJDEjJDIjJDgz,
JDQ4MTYyMiM1MSMkMSMkMCMkNzIkMzgxNzAyIzIxIyQxIyQ5IyQ4MiQ0NjE0ODEjNjEjJDEjJDgjJDgz,
JDQ4MTYyMiM1MSMkMSMkMCMkNzIkMzgxNzAyIzIxIyQxIyQ5IyQ5OSQ0NjE0ODEjNzEjJDEjJDgjJDgz,
JDQ4MTYyMiM1MSMkMSMkMCMkNzIkMzgxNzAyIzMxIyQxIyQ3IyQwMyQzNjE0ODEjNDEjJDEjJDgjJDgz,
JDQ4MTYyMiM1MSMkMSMkMCMkNzIkMzgxNzAyIzMxIyQxIyQ3IyQxMyQyNjEyMjIjNDEjJDEjJDgjJDgz,
JDQ4MTYyMiM1MSMkMSMkMCMkNzIkMzgxNzAyIzQxIyQyIyQ3IyQwMCQyNjEwMDIjNjEjJDEjJDgjJDgz,
JDQ4MTYyMiM1MSMkMSMkMCMkNzIkMzgxNzAyIzUxIyQxIyQxIyQxMyQ0NjE0ODEjNTEjJDEjJDYjJDgz,
JDQ4MTYyMiM1MSMkMSMkMCMkNzIkMzgxOTYxIzIxIyQxIyQ1IyQ2MiQyNjEwMDIjNzEjJDEjJDgjJDgz,
JDQ4MTYyMiM1MSMkMSMkMCMkNzIkMzgxOTYxIzIxIyQxIyQ1IyQwMyQzNjE0ODEjNDEjJDEjJDgjJDgz,
JDQ4MTYyMiM1MSMkMSMkMCMkNzIkMzgxOTYxIzIxIyQxIyQ1IyQxMyQzNjEwMDIjNjEjJDEjJDgjJDgz,
JDQ4MTYyMiM1MSMkMSMkMCMkNzIkMzgxOTYxIzIxIyQxIyQ5IyQ3MiQzNjEyMjIjNDEjJDEjJDgjJDgz,
JDQ4MTYyMiM1MSMkMSMkMCMkNzIkMzgxOTYxIzIxIyQxIyQ5IyQ4MiQ0NjEwMDIjNTEjJDEjJDYjJDgz,
JDQ4MTYyMiM1MSMkMSMkMCMkNzIkMzgxOTYxIzIxIyQxIyQ5IyQwMyQyNjEwMDIjNTEjJDEjJDIjJDgz,
JDQ4MTYyMiM1MSMkMSMkMCMkNzIkMzgxOTYxIzMxIyQxIyQ3IyQwMyQzNjEyMjIjNjEjJDEjJDgjJDgz,
JDQ4MTYyMiM1MSMkMSMkMCMkNzIkMzgxOTYxIzMxIyQxIyQzIyQ3OSQyNjEyMjIjODEjJDEjJDYjJDgz,
JDQ4MTYyMiM1MSMkMSMkMCMkNzIkMzgxOTYxIzMxIyQxIyQzIyQxMyQzNjEwMDIjODEjJDEjJDYjJDgz,
JDQ4MTYyMiM1MSMkMSMkMCMkNzIkMzgxOTYxIzMxIyQyIyQzIyQwMCQyNjE4MzIjODEjJDEjJDYjJDgz,
JDQ4MTYyMiM1MSMkMSMkMCMkNzIkMzgxOTYxIzQxIyQxIyQ3IyQ3OSQzNjE4MzIjNTEjJDEjJDIjJDgz,
JDQ4MTYyMiM1MSMkMSMkMCMkNzIkMzgxOTYxIzQxIyQxIyQ3IyQ5OSQzNjEyMjIjODEjJDEjJDYjJDgz,
JDQ4MTYyMiM1MSMkMSMkMCMkNzIkMzgxOTYxIzUxIyQxIyQ1IyQ5OSQ0NjEwMDIjNjEjJDEjJDgjJDgz,
JDQ4MTYyMiM1MSMkMSMkMCMkNzIkMzgxOTYxIzUxIyQxIyQ1IyQwMyQ0NjE0ODEjNDEjJDEjJDgjJDgz,
JDQ4MTYyMiM1MSMkMSMkMCMkNzIkMzgxOTYxIzUxIyQxIyQxIyQ2MiQzNjE4MzIjODEjJDEjJDIjJDgz,
JDQ4MTYyMiM1MSMkMSMkMCMkNzIkMzgxOTYxIzUxIyQxIyQxIyQ4MiQyNjE0ODEjNjEjJDEjJDQjJDgz,
JDQ4MTYyMiM1MSMkMSMkMCMkNzIkNDgxMTkxIzExIyQxIyQ3IyQ4OSQ0NjE0ODEjNzEjJDEjJDgjJDgz,
JDQ4MTYyMiM1MSMkMSMkMCMkNzIkNDgxMTkxIzExIyQxIyQ3IyQ5MiQyNjEwMDIjNTEjJDEjJDYjJDgz,
JDQ4MTYyMiM1MSMkMSMkMCMkNzIkNDgxMTkxIzExIyQxIyQ3IyQ5OSQzNjEyMjIjODEjJDEjJDIjJDgz,
JDQ4MTYyMiM1MSMkMSMkMCMkNzIkNDgxMTkxIzExIyQxIyQzIyQ4OSQyNjEyMjIjNDEjJDEjJDgjJDgz,
JDQ4MTYyMiM1MSMkMSMkMCMkNzIkNDgxMTkxIzExIyQxIyQzIyQ5OSQyNjEwMDIjNDEjJDEjJDgjJDgz,
JDQ4MTYyMiM1MSMkMSMkMCMkNzIkNDgxMTkxIzIxIyQxIyQ1IyQ4OSQzNjE4MzIjNDEjJDEjJDgjJDgz,1000.0
JDQ4MTYyMiM1MSMkMSMkMCMkNzIkNDgxMTkxIzIxIyQxIyQ1IyQ5OSQyNjEyMjIjODEjJDEjJDIjJDgz,
JDQ4MTYyMiM1MSMkMSMkMCMkNzIkNDgxMTkxIzIxIyQxIyQ5IyQ3OSQyNjE0ODEjNTEjJDEjJDYjJDgz,
JDQ4MTYyMiM1MSMkMSMkMCMkNzIkNDgxMTkxIzIxIyQxIyQ5IyQwMyQ0NjEwMDIjNjEjJDEjJDQjJDgz,
JDQ4MTYyMiM1MSMkMSMkMCMkNzIkNDgxMTkxIzIxIyQxIyQxIyQ3OSQzNjE4MzIjODEjJDEjJDIjJDgz,
JDQ4MTYyMiM1MSMkMSMkMCMkNzIkNDgxMTkxIzIxIyQxIyQxIyQ5MiQzNjEwMDIjNTEjJDEjJDIjJDgz,
JDQ4MTYyMiM1MSMkMSMkMCMkNzIkNDgxMTkxIzMxIyQxIyQzIyQ4OSQyNjE4MzIjNDEjJDEjJDgjJDgz,
JDQ4MTYyMiM1MSMkMSMkMCMkNzIkNDgxMTkxIzMxIyQxIyQzIyQ5MiQzNjE0ODEjNTEjJDEjJDYjJDgz,
JDQ4MTYyMiM1MSMkMSMkMCMkNzIkNDgxMTkxIzMxIyQyIyQzIyQwMCQzNjE4MzIjODEjJDEjJDYjJDgz,
JDQ4MTYyMiM1MSMkMSMkMCMkNzIkNDgxMTkxIzQxIyQxIyQ3IyQ5OSQyNjE0ODEjNzEjJDEjJDgjJDgz,
JDQ4MTYyMiM1MSMkMSMkMCMkNzIkNDgxMTkxIzQxIyQxIyQ3IyQwMyQyNjEyMjIjNzEjJDEjJDgjJDgz,
JDQ4MTYyMiM1MSMkMSMkMCMkNzIkNDgxMzUxIzExIyQxIyQ3IyQ5MiQ0NjE0ODEjNDEjJDEjJDQjJDgz,
JDQ4MTYyMiM1MSMkMSMkMCMkNzIkNDgxMzUxIzExIyQxIyQ3IyQwMyQyNjEwMDIjNDEjJDEjJDQjJDgz,
JDQ4MTYyMiM1MSMkMSMkMCMkNzIkNDgxMzUxIzExIyQxIyQzIyQ2MiQyNjE4MzIjNDEjJDEjJDgjJDgz,
JDQ4MTYyMiM1MSMkMSMkMCMkNzIkNDgxMzUxIzExIyQxIyQzIyQ3OSQzNjEyMjIjNjEjJDEjJDgjJDgz,
JDQ4MTYyMiM1MSMkMSMkMCMkNzIkNDgxMzUxIzExIyQxIyQzIyQ5MiQ0NjEwMDIjNDEjJDEjJDgjJDgz,
JDQ4MTYyMiM1MSMkMSMkMCMkNzIkNDgxMzUxIzExIyQyIyQzIyQwMCQyNjE4MzIjNTEjJDEjJDYjJDgz,
JDQ4MTYyMiM1MSMkMSMkMCMkNzIkNDgxMzUxIzIxIyQxIyQ1IyQwMyQ0NjE0ODEjNDEjJDEjJDQjJDgz,
JDQ4MTYyMiM1MSMkMSMkMCMkNzIkNDgxMzUxIzIxIyQxIyQ1IyQxMyQyNjE0ODEjNDEjJDEjJDgjJDgz,
JDQ4MTYyMiM1MSMkMSMkMCMkNzIkNDgxMzUxIzIxIyQxIyQxIyQ3OSQyNjEyMjIjNjEjJDEjJDgjJDgz,
JDQ4MTYyMiM1MSMkMSMkMCMkNzIkNDgxMzUxIzIxIyQxIyQxIyQ4OSQzNjEwMDIjODEjJDEjJDIjJDgz,
JDQ4MTYyMiM1MSMkMSMkMCMkNzIkNDgxMzUxIzMxIyQyIyQ3IyQwMCQ0NjE0ODEjNTEjJDEjJDIjJDgz,
JDQ4MTYyMiM1MSMkMSMkMCMkNzIkNDgxMzUxIzMxIyQyIyQ3IyQwMCQyNjEyMjIjNTEjJDEjJDYjJDgz,
JDQ4MTYyMiM1MSMkMSMkMCMkNzIkNDgxMzUxIzQxIyQxIyQ3IyQxMyQzNjEyMjIjNjEjJDEjJDgjJDgz,
JDQ4MTYyMiM1MSMkMSMkMCMkNzIkNDgxMzUxIzUxIyQxIyQ1IyQ4MiQzNjEwMDIjODEjJDEjJDYjJDgz,
JDQ4MTYyMiM1MSMkMSMkMCMkNzIkNDgxMzUxIzUxIyQxIyQ1IyQ5OSQyNjEyMjIjNjEjJDEjJDQjJDgz,1400.0
JDQ4MTYyMiM1MSMkMSMkMCMkNzIkNDgxNzAyIzExIyQxIyQzIyQ3MiQzNjEyMjIjODEjJDEjJDYjJDgz,
JDQ4MTYyMiM1MSMkMSMkMCMkNzIkNDgxNzAyIzExIyQxIyQzIyQxMyQ0NjEwMDIjNTEjJDEjJDIjJDgz,
JDQ4MTYyMiM1MSMkMSMkMCMkNzIkNDgxNzAyIzIxIyQxIyQ1IyQ5OSQyNjEwMDIjNjEjJDEjJDQjJDgz,
JDQ4MTYyMiM1MSMkMSMkMCMkNzIkNDgxNzAyIzIxIyQxIyQxIyQwMyQ0NjEwMDIjODEjJDEjJDIjJDgz,
JDQ4MTYyMiM1MSMkMSMkMCMkNzIkNDgxNzAyIzIxIyQyIyQ5IyQwMCQ0NjE0ODEjNjEjJDEjJDgjJDgz,
JDQ4MTYyMiM1MSMkMSMkMCMkNzIkNDgxNzAyIzUxIyQxIyQ1IyQ3OSQ0NjE0ODEjNjEjJDEjJDgjJDgz,1000.0
JDQ4MTYyMiM1MSMkMSMkMCMkNzIkNDgxNzAyIzUxIyQxIyQ1IyQxMyQzNjEyMjIjNjEjJDEjJDQjJDgz,
JDQ4MTYyMiM1MSMkMSMkMCMkNzIkNDgxNzAyIzUxIyQxIyQxIyQ4MiQzNjE0ODEjNDEjJDEjJDgjJDgz,
JDQ4MTYyMiM1MSMkMSMkMCMkNzIkNDgxNzAyIzUxIyQxIyQxIyQ4OSQzNjE0ODEjNjEjJDEjJDAjJDgz,
JDQ4MTYyMiM1MSMkMSMkMCMkNzIkNDgxOTYxIzExIyQxIyQ3IyQwMyQzNjEwMDIjODEjJDEjJDIjJDgz,
JDQ4MTYyMiM1MSMkMSMkMCMkNzIkNDgxOTYxIzExIyQxIyQzIyQ2MiQzNjE4MzIjODEjJDEjJDYjJDgz,
JDQ4MTYyMiM1MSMkMSMkMCMkNzIkNDgxOTYxIzIxIyQxIyQ1IyQ3OSQzNjE4MzIjODEjJDEjJDYjJDgz,
JDQ4MTYyMiM1MSMkMSMkMCMkNzIkNDgxOTYxIzIxIyQxIyQxIyQ3OSQzNjE4MzIjNTEjJDEjJDIjJDgz,
JDQ4MTYyMiM1MSMkMSMkMCMkNzIkNDgxOTYxIzIxIyQxIyQxIyQ5MiQ0NjEwMDIjNDEjJDEjJDQjJDgz,
JDQ4MTYyMiM1MSMkMSMkMCMkNzIkNDgxOTYxIzIxIyQyIyQ1IyQwMCQzNjEyMjIjNTEjJDEjJDIjJDgz,
JDQ4MTYyMiM1MSMkMSMkMCMkNzIkNDgxOTYxIzMxIyQxIyQ3IyQ4MiQzNjE0ODEjNzEjJDEjJDgjJDgz,
JDQ4MTYyMiM1MSMkMSMkMCMkNzIkNDgxOTYxIzQxIyQxIyQ3IyQ2MiQyNjEwMDIjNjEjJDEjJDAjJDgz,
JDQ4MTYyMiM1MSMkMSMkMCMkNzIkNDgxOTYxIzQxIyQxIyQ3IyQ5MiQyNjE4MzIjNTEjJDEjJDIjJDgz,
JDQ4MTYyMiM1MSMkMSMkMCMkNzIkNDgxOTYxIzQxIyQxIyQ3IyQxMyQyNjE4MzIjNzEjJDEjJDgjJDgz,
JDQ4MTYyMiM1MSMkMSMkMCMkNzIkNDgxOTYxIzUxIyQxIyQ1IyQ3MiQ0NjE0ODEjNDEjJDEjJDgjJDgz,
JDQ4MTYyMiM1MSMkMSMkMCMkNzIkNDgxOTYxIzUxIyQxIyQ1IyQ4OSQ0NjEwMDIjNDEjJDEjJDgjJDgz,
JDQ4MTYyMiM1MSMkMSMkMCMkNzIkNDgxOTYxIzUxIyQxIyQxIyQ3MiQzNjEwMDIjNDEjJDEjJDgjJDgz,
JDQ4MTYyMiM1MSMkMSMkMCMkNzIkNDgxOTYxIzUxIyQxIyQxIyQ4OSQ0NjEwMDIjNjEjJDEjJDAjJDgz,
JDQ4MTYyMiM1MSMkMSMkMCMkNzIkNTgxMzUxIzIxIyQxIyQ1IyQ5MiQyNjE4MzIjNTEjJDEjJDYjJDgz,
JDQ4MTYyMiM1MSMkMSMkMCMkNzIkNTgxMzUxIzIxIyQxIyQ1IyQ5MiQyNjEyMjIjNjEjJDEjJDQjJDgz,
JDQ4MTYyMiM1MSMkMSMkMCMkNzIkNTgxMzUxIzIxIyQxIyQ1IyQxMyQyNjE4MzIjODEjJDEjJDIjJDgz,
JDQ4MTYyMiM1MSMkMSMkMCMkNzIkNTgxMzUxIzIxIyQxIyQ5IyQ3OSQ0NjEwMDIjODEjJDEjJDIjJDgz,
JDQ4MTYyMiM1MSMkMSMkMCMkNzIkNTgxMzUxIzIxIyQxIyQ5IyQwMyQyNjEyMjIjODEjJDEjJDYjJDgz,1000.0
JDQ4MTYyMiM1MSMkMSMkMCMkNzIkNTgxMzUxIzIxIyQxIyQ5IyQxMyQzNjEyMjIjODEjJDEjJDYjJDgz,
JDQ4MTYyMiM1MSMkMSMkMCMkNzIkNTgxMzUxIzIxIyQxIyQxIyQ5OSQ0NjEwMDIjNDEjJDEjJDQjJDgz,
JDQ4MTYyMiM1MSMkMSMkMCMkNzIkNTgxMzUxIzMxIyQxIyQ3IyQ4MiQyNjEyMjIjNzEjJDEjJDgjJDgz,
JDQ4MTYyMiM1MSMkMSMkMCMkNzIkNTgxMzUxIzUxIyQxIyQ1IyQ5OSQzNjEyMjIjNDEjJDEjJDQjJDgz,
JDQ4MTYyMiM1MSMkMSMkMCMkNzIkNTgxOTYxIzExIyQxIyQ3IyQ4MiQ0NjEwMDIjODEjJDEjJDIjJDgz,
JDQ4MTYyMiM1MSMkMSMkMCMkNzIkNTgxOTYxIzExIyQxIyQ3IyQ4OSQyNjEyMjIjNjEjJDEjJDAjJDgz,
JDQ4MTYyMiM1MSMkMSMkMCMkNzIkNTgxOTYxIzExIyQxIyQ3IyQwMyQyNjE0ODEjODEjJDEjJDYjJDgz,
JDQ4MTYyMiM1MSMkMSMkMCMkNzIkNTgxOTYxIzExIyQxIyQ3IyQwMyQzNjE4MzIjNjEjJDEjJDgjJDgz,
JDQ4MTYyMiM1MSMkMSMkMCMkNzIkNTgxOTYxIzExIyQxIyQzIyQ5OSQ0NjE0ODEjNjEjJDEjJDAjJDgz,
JDQ4MTYyMiM1MSMkMSMkMCMkNzIkNTgxOTYxIzIxIyQxIyQxIyQ5MiQyNjE4MzIjNTEjJDEjJDIjJDgz,
JDQ4MTYyMiM1MSMkMSMkMCMkODkkMzgxMzUxIzExIyQxIyQ3IyQ3OSQzNjE0ODEjNjEjJDEjJDgjJDgz,
JDQ4MTYyMiM1MSMkMSMkMCMkODkkMzgxMzUxIzExIyQxIyQzIyQ3MiQyNjEwMDIjNDEjJDEjJDgjJDgz,
JDQ4MTYyMiM1MSMkMSMkMCMkODkkMzgxMzUxIzExIyQxIyQzIyQ3OSQzNjE4MzIjNjEjJDEjJDAjJDgz,
JDQ4MTYyMiM1MSMkMSMkMCMkOTkkMzgxMzUxIzIxIyQxIyQ5IyQxMyQ0NjEwMDIjNjEjJDEjJDgjJDgz,
JDQ4MTYyMiM1MSMkMSMkMCMkOTkkMzgxMzUxIzMxIyQxIyQ3IyQ5OSQyNjEyMjIjNDEjJDEjJDgjJDgz,
JDQ4MTYyMiM1MSMkMSMkMCMkOTkkMzgxMzUxIzMxIyQxIyQzIyQ5MiQzNjEwMDIjNjEjJDEjJDQjJDgz,1000.0
JDQ4MTYyMiM1MSMkMSMkMCMkOTkkMzgxMzUxIzQxIyQxIyQ3IyQwMyQyNjEyMjIjNDEjJDEjJDgjJDgz,
JDQ4MTYyMiM1MSMkMSMkMCMkOTkkMzgxMzUxIzUxIyQxIyQ1IyQ3MiQyNjEwMDIjNTEjJDEjJDYjJDgz,
JDQ4MTYyMiM1MSMkMSMkMCMkOTkkMzgxMzUxIzUxIyQxIyQxIyQ5MiQzNjEwMDIjNjEjJDEjJDAjJDgz,
JDQ4MTYyMiM1MSMkMSMkMCMkOTkkMzgxMzUxIzUxIyQyIyQ1IyQwMCQzNjEwMDIjNDEjJDEjJDgjJDgz,
JDQ4MTYyMiM1MSMkMSMkMCMkOTkkMzgxOTYxIzExIyQxIyQ3IyQ2MiQzNjE0ODEjNjEjJDEjJDQjJDgz,
JDQ4MTYyMiM1MSMkMSMkMCMkOTkkMzgxOTYxIzExIyQxIyQzIyQ4OSQyNjEyMjIjNDEjJDEjJDgjJDgz,
JDQ4MTYyMiM1MSMkMSMkMCMkOTkkNTgxMzUxIzExIyQxIyQzIyQ3MiQyNjE0ODEjNDEjJDEjJDgjJDgz,
JDQ4MTYyMiM1MSMkMSMkMCMkOTkkNTgxMzUxIzIxIyQxIyQ1IyQ4OSQzNjE0ODEjNjEjJDEjJDAjJDgz,
JDQ4MTYyMiM1MSMkMSMkMCMkOTkkNTgxMzUxIzIxIyQxIyQ5IyQ5MiQzNjE4MzIjODEjJDEjJDYjJDgz,
JDQ4MTYyMiM1MSMkMSMkMCMkOTkkNTgxMzUxIzIxIyQxIyQxIyQxMyQ0NjEwMDIjNzEjJDEjJDgjJDgz,
JDQ4MTYyMiM1MSMkMSMkMCMkOTkkNTgxMzUxIzMxIyQxIyQ3IyQ3MiQ0NjE0ODEjNjEjJDEjJDQjJDgz,
JDQ4MTYyMiM1MSMkMSMkMCMkOTkkNTgxMzUxIzMxIyQxIyQ3IyQ3MiQzNjEwMDIjNDEjJDEjJDgjJDgz,
JDQ4MTYyMiM1MSMkMSMkMCMkOTkkNTgxMzUxIzMxIyQxIyQ3IyQ5OSQ0NjEwMDIjNDEjJDEjJDgjJDgz,
JDQ4MTYyMiM1MSMkMSMkMCMkOTkkNTgxMzUxIzMxIyQxIyQzIyQ5OSQyNjE4MzIjNjEjJDEjJDgjJDgz,
JDQ4MTYyMiM1MSMkMSMkMCMkOTkkNTgxMzUxIzUxIyQxIyQ1IyQ3OSQyNjE0ODEjNTEjJDEjJDIjJDgz,0.0
JDQ4MTYyMiM1MSMkMSMkMCMkOTkkNTgxMzUxIzUxIyQxIyQ1IyQ3OSQyNjEwMDIjNDEjJDEjJDgjJDgz,
JDQ4MTYyMiM1MSMkMSMkMCMkOTkkNTgxMzUxIzUxIyQxIyQxIyQ3OSQ0NjE0ODEjNDEjJDEjJDgjJDgz,
JDQ4MTYyMiM1MSMkMSMkMCMkOTkkNTgxMzUxIzUxIyQxIyQxIyQwMyQyNjE4MzIjODEjJDEjJDYjJDgz,
JDQ4MTYyMiM1MSMkMSMkMCMkOTkkNTgxMzUxIzUxIyQxIyQxIyQxMyQyNjE4MzIjNjEjJDEjJDgjJDgz,900.0
JDQ4MTYyMiM1MSMkMiMkMCMkMDAkMzgxMTkxIzIxIyQxIyQ1IyQxMyQzNjEwMDIjNTEjJDEjJDIjJDgz,
JDQ4MTYyMiM1MSMkMiMkMCMkMDAkMzgxMTkxIzIxIyQxIyQ5IyQwMyQzNjEwMDIjNDEjJDEjJDgjJDgz,
JDQ4MTYyMiM1MSMkMiMkMCMkMDAkMzgxMTkxIzIxIyQxIyQxIyQxMyQyNjE4MzIjNDEjJDEjJDQjJDgz,
JDQ4MTYyMiM1MSMkMiMkMCMkMDAkMzgxMTkxIzMxIyQxIyQzIyQxMyQyNjEyMjIjNDEjJDEjJDgjJDgz,
JDQ4MTYyMiM1MSMkMiMkMCMkMDAkMzgxMTkxIzMxIyQyIyQ3IyQwMCQzNjE4MzIjNjEjJDEjJDAjJDgz,
JDQ4MTYyMiM1MSMkMiMkMCMkMDAkMzgxMTkxIzQxIyQxIyQ3IyQ3MiQzNjE4MzIjNjEjJDEjJDQjJDgz,
JDQ4MTYyMiM1MSMkMiMkMCMkMDAkMzgxMTkxIzUxIyQxIyQ1IyQ4MiQyNjEwMDIjNjEjJDEjJDgjJDgz,
JDQ4MTYyMiM1MSMkMiMkMCMkMDAkMzgxMTkxIzUxIyQxIyQ1IyQxMyQ0NjEwMDIjNTEjJDEjJDYjJDgz,
JDQ4MTYyMiM1MSMkMiMkMCMkMDAkMzgxMTkxIzUxIyQxIyQxIyQ3OSQzNjEwMDIjODEjJDEjJDYjJDgz,
JDQ4MTYyMiM1MSMkMiMkMCMkMDAkMzgxMTkxIzUxIyQxIyQxIyQ5OSQyNjE4MzIjNzEjJDEjJDgjJDgz,
JDQ4MTYyMiM1MSMkMiMkMCMkMDAkMzgxMzUxIzMxIyQxIyQ3IyQwMyQyNjE0ODEjNTEjJDEjJDIjJDgz,
JDQ4MTYyMiM1MSMkMiMkMCMkMDAkMzgxNzAyIzExIyQxIyQ3IyQ2MiQ0NjEwMDIjNDEjJDEjJDgjJDgz,
JDQ4MTYyMiM1MSMkMiMkMCMkMDAkMzgxNzAyIzExIyQxIyQ3IyQxMyQzNjE0ODEjNzEjJDEjJDgjJDgz,
JDQ4MTYyMiM1MSMkMiMkMCMkMDAkMzgxNzAyIzIxIyQxIyQxIyQ5MiQzNjEyMjIjNjEjJDEjJDQjJDgz,
JDQ4MTYyMiM1MSMkMiMkMCMkMDAkMzgxNzAyIzUxIyQxIyQxIyQ5MiQzNjE4MzIjNDEjJDEjJDgjJDgz,
JDQ4MTYyMiM1MSMkMiMkMCMkMDAkMzgxNzAyIzUxIyQxIyQxIyQwMyQyNjEwMDIjNDEjJDEjJDQjJDgz,
JDQ4MTYyMiM1MSMkMiMkMCMkMDAkMzgxOTYxIzExIyQxIyQzIyQwMyQ0NjE0ODEjNjEjJDEjJDQjJDgz,
JDQ4MTYyMiM1MSMkMiMkMCMkMDAkMzgxOTYxIzIxIyQxIyQ5IyQ5MiQyNjE4MzIjNTEjJDEjJDIjJDgz,
JDQ4MTYyMiM1MSMkMiMkMCMkMDAkMzgxOTYxIzMxIyQxIyQ3IyQ4MiQyNjE4MzIjODEjJDEjJDIjJDgz,
JDQ4MTYyMiM1MSMkMiMkMCMkMDAkMzgxOTYxIzMxIyQyIyQzIyQwMCQ0NjE0ODEjNDEjJDEjJDgjJDgz,
JDQ4MTYyMiM1MSMkMiMkMCMkMDAkMzgxOTYxIzUxIyQxIyQxIyQ3OSQzNjE4MzIjNDEjJDEjJDQjJDgz,
JDQ4MTYyMiM1MSMkMiMkMCMkMDAkMzgxOTYxIzUxIyQxIyQxIyQwMyQyNjE0ODEjNDEjJDEjJDgjJDgz,
JDQ4MTYyMiM1MSMkMiMkMCMkMDAkNDgxMTkxIzExIyQxIyQzIyQwMyQzNjE0ODEjNDEjJDEjJDQjJDgz,
JDQ4MTYyMiM1MSMkMiMkMCMkMDAkNDgxMTkxIzIxIyQxIyQ1IyQ5OSQzNjE0ODEjNjEjJDEjJDQjJDgz,
JDQ4MTYyMiM1MSMkMiMkMCMkMDAkNDgxMTkxIzIxIyQxIyQ5IyQ4MiQyNjE4MzIjNTEjJDEjJDIjJDgz,
JDQ4MTYyMiM1MSMkMiMkMCMkMDAkNDgxMTkxIzIxIyQxIyQxIyQ3OSQyNjE4MzIjNjEjJDEjJDgjJDgz,
JDQ4MTYyMiM1MSMkMiMkMCMkMDAkNDgxMTkxIzIxIyQxIyQxIyQ5MiQ0NjEwMDIjNjEjJDEjJDgjJDgz,
JDQ4MTYyMiM1MSMkMiMkMCMkMDAkNDgxMTkxIzIxIyQxIyQxIyQ5OSQ0NjE0ODEjNDEjJDEjJDgjJDgz,
JDQ4MTYyMiM1MSMkMiMkMCMkMDAkNDgxMTkxIzMxIyQxIyQ3IyQ5OSQzNjE0ODEjNjEjJDEjJDAjJDgz,
JDQ4MTYyMiM1MSMkMiMkMCMkMDAkNDgxMTkxIzQxIyQxIyQ3IyQ3OSQ0NjE0ODEjODEjJDEjJDYjJDgz,
JDQ4MTYyMiM1MSMkMiMkMCMkMDAkNDgxMTkxIzUxIyQxIyQ1IyQ3OSQyNjE0ODEjNjEjJDEjJDgjJDgz,
JDQ4MTYyMiM1MSMkMiMkMCMkMDAkNDgxMzUxIzExIyQxIyQ3IyQ3MiQzNjEwMDIjNDEjJDEjJDgjJDgz,900.0
JDQ4MTYyMiM1MSMkMiMkMCMkMDAkNDgxMzUxIzExIyQxIyQ3IyQ3OSQyNjEwMDIjNTEjJDEjJDIjJDgz,
JDQ4MTYyMiM1MSMkMiMkMCMkMDAkNDgxMzUxIzExIyQxIyQzIyQ3OSQyNjE4MzIjNTEjJDEjJDIjJDgz,
JDQ4MTYyMiM1MSMkMiMkMCMkMDAkNDgxMzUxIzExIyQxIyQzIyQwMyQ0NjEwMDIjNDEjJDEjJDQjJDgz,
JDQ4MTYyMiM1MSMkMiMkMCMkMDAkNDgxMzUxIzIxIyQxIyQ1IyQ4OSQzNjE0ODEjNzEjJDEjJDgjJDgz,
JDQ4MTYyMiM1MSMkMiMkMCMkMDAkNDgxMzUxIzIxIyQxIyQ1IyQ5OSQyNjEwMDIjNDEjJDEjJDQjJDgz,
JDQ4MTYyMiM1MSMkMiMkMCMkMDAkNDgxMzUxIzIxIyQxIyQ1IyQ5OSQzNjEwMDIjNTEjJDEjJDIjJDgz,900.0
JDQ4MTYyMiM1MSMkMiMkMCMkMDAkNDgxMzUxIzIxIyQxIyQ1IyQwMyQ0NjEwMDIjODEjJDEjJDYjJDgz,
JDQ4MTYyMiM1MSMkMiMkMCMkMDAkNDgxMzUxIzIxIyQxIyQxIyQ5OSQzNjEwMDIjNjEjJDEjJDgjJDgz,
JDQ4MTYyMiM1MSMkMiMkMCMkMDAkNDgxMzUxIzIxIyQyIyQ1IyQwMCQzNjE0ODEjNDEjJDEjJDgjJDgz,
JDQ4MTYyMiM1MSMkMiMkMCMkMDAkNDgxMzUxIzMxIyQxIyQ3IyQ3MiQzNjE0ODEjNjEjJDEjJDQjJDgz,
JDQ4MTYyMiM1MSMkMiMkMCMkMDAkNDgxMzUxIzMxIyQxIyQzIyQ5MiQyNjEyMjIjNzEjJDEjJDgjJDgz,
JDQ4MTYyMiM1MSMkMiMkMCMkMDAkNDgxMzUxIzUxIyQxIyQ1IyQxMyQyNjEwMDIjODEjJDEjJDYjJDgz,0.0
JDQ4MTYyMiM1MSMkMiMkMCMkMDAkNDgxMzUxIzUxIyQxIyQxIyQ4OSQyNjEwMDIjNjEjJDEjJDAjJDgz,
JDQ4MTYyMiM1MSMkMiMkMCMkMDAkNDgxMzUxIzUxIyQxIyQxIyQxMyQ0NjE0ODEjNDEjJDEjJDQjJDgz,
JDQ4MTYyMiM1MSMkMiMkMCMkMDAkNDgxNzAyIzIxIyQxIyQ1IyQ2MiQzNjEyMjIjNDEjJDEjJDgjJDgz,
JDQ4MTYyMiM1MSMkMiMkMCMkMDAkNDgxNzAyIzIxIyQxIyQ1IyQwMyQ0NjEwMDIjNjEjJDEjJDQjJDgz,
JDQ4MTYyMiM1MSMkMiMkMCMkMDAkNDgxNzAyIzIxIyQxIyQ5IyQwMyQyNjE4MzIjNTEjJDEjJDIjJDgz,
JDQ4MTYyMiM1MSMkMiMkMCMkMDAkNDgxNzAyIzIxIyQxIyQxIyQ2MiQyNjE4MzIjNDEjJDEjJDgjJDgz,
JDQ4MTYyMiM1MSMkMiMkMCMkMDAkNDgxNzAyIzIxIyQxIyQxIyQ4OSQyNjEwMDIjNTEjJDEjJDIjJDgz,
JDQ4MTYyMiM1MSMkMiMkMCMkMDAkNDgxNzAyIzMxIyQxIyQ3IyQ2MiQ0NjEwMDIjNjEjJDEjJDQjJDgz,
JDQ4MTYyMiM1MSMkMiMkMCMkMDAkNDgxNzAyIzMxIyQxIyQ3IyQ2MiQyNjEwMDIjNDEjJDEjJDQjJDgz,
JDQ4MTYyMiM1MSMkMiMkMCMkMDAkNDgxNzAyIzMxIyQxIyQ3IyQ2MiQzNjE0ODEjNjEjJDEjJDAjJDgz,
JDQ4MTYyMiM1MSMkMiMkMCMkMDAkNDgxNzAyIzMxIyQxIyQ3IyQwMyQzNjE0ODEjNTEjJDEjJDYjJDgz,
JDQ4MTYyMiM1MSMkMiMkMCMkMDAkNDgxNzAyIzMxIyQxIyQzIyQ2MiQzNjE4MzIjNTEjJDEjJDIjJDgz,
JDQ4MTYyMiM1MSMkMiMkMCMkMDAkNDgxNzAyIzMxIyQxIyQzIyQ3OSQ0NjEwMDIjNDEjJDEjJDQjJDgz,
JDQ4MTYyMiM1MSMkMiMkMCMkMDAkNDgxNzAyIzMxIyQxIyQzIyQxMyQyNjE4MzIjNjEjJDEjJDgjJDgz,
JDQ4MTYyMiM1MSMkMiMkMCMkMDAkNDgxNzAyIzQxIyQyIyQ3IyQwMCQyNjEyMjIjNzEjJDEjJDgjJDgz,
JDQ4MTYyMiM1MSMkMiMkMCMkMDAkNDgxNzAyIzUxIyQxIyQxIyQ3MiQyNjE4MzIjNjEjJDEjJDgjJDgz,
JDQ4MTYyMiM1MSMkMiMkMCMkMDAkNDgxOTYxIzExIyQxIyQ3IyQ4MiQ0NjEwMDIjNzEjJDEjJDgjJDgz,
JDQ4MTYyMiM1MSMkMiMkMCMkMDAkNDgxOTYxIzExIyQxIyQ3IyQxMyQzNjEwMDIjNjEjJDEjJDgjJDgz,
JDQ4MTYyMiM1MSMkMiMkMCMkMDAkNDgxOTYxIzIxIyQxIyQ5IyQ3MiQzNjEwMDIjNjEjJDEjJDgjJDgz,
JDQ4MTYyMiM1MSMkMiMkMCMkMDAkNDgxOTYxIzIxIyQxIyQ5IyQ5MiQ0NjE0ODEjNjEjJDEjJDQjJDgz,
JDQ4MTYyMiM1MSMkMiMkMCMkMDAkNDgxOTYxIzIxIyQxIyQxIyQ5OSQyNjE0ODEjNDEjJDEjJDgjJDgz,
JDQ4MTYyMiM1MSMkMiMkMCMkMDAkNDgxOTYxIzMxIyQxIyQ3IyQ2MiQzNjE4MzIjODEjJDEjJDIjJDgz,
JDQ4MTYyMiM1MSMkMiMkMCMkMDAkNDgxOTYxIzMxIyQxIyQ3IyQ4MiQyNjE0ODEjNjEjJDEjJDQjJDgz,
JDQ4MTYyMiM1MSMkMiMkMCMkMDAkNDgxOTYxIzMxIyQyIyQzIyQwMCQyNjE0ODEjNzEjJDEjJDgjJDgz,
JDQ4MTYyMiM1MSMkMiMkMCMkMDAkNDgxOTYxIzQxIyQxIyQ3IyQwMyQzNjE0ODEjODEjJDEjJDYjJDgz,
JDQ4MTYyMiM1MSMkMiMkMCMkMDAkNDgxOTYxIzUxIyQxIyQ1IyQ4OSQzNjE4MzIjNjEjJDEjJDQjJDgz,
JDQ4MTYyMiM1MSMkMiMkMCMkMDAkNDgxOTYxIzUxIyQxIyQ1IyQ5OSQzNjE0ODEjODEjJDEjJDIjJDgz,
JDQ4MTYyMiM1MSMkMiMkMCMkMDAkNTgxMzUxIzExIyQxIyQ3IyQ2MiQzNjEyMjIjNjEjJDEjJDAjJDgz,
JDQ4MTYyMiM1MSMkMiMkMCMkMDAkNTgxMzUxIzExIyQxIyQ3IyQ3MiQyNjEyMjIjODEjJDEjJDYjJDgz,
JDQ4MTYyMiM1MSMkMiMkMCMkMDAkNTgxMzUxIzExIyQxIyQzIyQ5OSQyNjEyMjIjNDEjJDEjJDgjJDgz,
JDQ4MTYyMiM1MSMkMiMkMCMkMDAkNTgxMzUxIzExIyQxIyQzIyQ5OSQzNjEwMDIjNjEjJDEjJDQjJDgz,
JDQ4MTYyMiM1MSMkMiMkMCMkMDAkNTgxMzUxIzIxIyQxIyQ5IyQ3MiQyNjE4MzIjNjEjJDEjJDgjJDgz,
JDQ4MTYyMiM1MSMkMiMkMCMkMDAkNTgxMzUxIzIxIyQxIyQ5IyQ4MiQzNjEyMjIjODEjJDEjJDIjJDgz,
JDQ4MTYyMiM1MSMkMiMkMCMkMDAkNTgxMzUxIzIxIyQxIyQ5IyQ4OSQ0NjEwMDIjNjEjJDEjJDgjJDgz,
JDQ4MTYyMiM1MSMkMiMkMCMkMDAkNTgxMzUxIzIxIyQxIyQxIyQ2MiQyNjEwMDIjNDEjJDEjJDQjJDgz,
JDQ4MTYyMiM1MSMkMiMkMCMkMDAkNTgxMzUxIzMxIyQxIyQ3IyQ3OSQzNjEyMjIjNzEjJDEjJDgjJDgz,
JDQ4MTYyMiM1MSMkMiMkMCMkMDAkNTgxMzUxIzMxIyQxIyQ3IyQ4MiQyNjEyMjIjODEjJDEjJDIjJDgz,
JDQ4MTYyMiM1MSMkMiMkMCMkMDAkNTgxMzUxIzMxIyQxIyQ3IyQ5MiQyNjE4MzIjNTEjJDEjJDYjJDgz,
JDQ4MTYyMiM1MSMkMiMkMCMkMDAkNTgxMzUxIzMxIyQxIyQ3IyQxMyQyNjEyMjIjNDEjJDEjJDQjJDgz,
JDQ4MTYyMiM1MSMkMiMkMCMkMDAkNTgxMzUxIzMxIyQxIyQzIyQ2MiQyNjE4MzIjNjEjJDEjJDQjJDgz,
JDQ4MTYyMiM1MSMkMiMkMCMkMDAkNTgxMzUxIzMxIyQxIyQzIyQ3MiQzNjEyMjIjNzEjJDEjJDgjJDgz,
JDQ4MTYyMiM1MSMkMiMkMCMkMDAkNTgxMzUxIzQxIyQxIyQ3IyQ5MiQzNjE0ODEjODEjJDEjJDIjJDgz,
JDQ4MTYyMiM1MSMkMiMkMCMkMDAkNTgxMzUxIzQxIyQyIyQ3IyQwMCQzNjEwMDIjNzEjJDEjJDgjJDgz,
JDQ4MTYyMiM1MSMkMiMkMCMkMDAkNTgxMzUxIzUxIyQxIyQ1IyQ5MiQzNjEwMDIjODEjJDEjJDYjJDgz,
JDQ4MTYyMiM1MSMkMiMkMCMkMDAkNTgxMzUxIzUxIyQxIyQ1IyQxMyQ0NjE0ODEjODEjJDEjJDIjJDgz,
JDQ4MTYyMiM1MSMkMiMkMCMkMDAkNTgxOTYxIzExIyQxIyQ3IyQ2MiQzNjE4MzIjODEjJDEjJDIjJDgz,
JDQ4MTYyMiM1MSMkMiMkMCMkMDAkNTgxOTYxIzExIyQxIyQ3IyQ4MiQzNjE0ODEjODEjJDEjJDIjJDgz,
JDQ4MTYyMiM1MSMkMiMkMCMkMDAkNTgxOTYxIzExIyQxIyQzIyQ2MiQzNjEyMjIjNTEjJDEjJDYjJDgz,
JDQ4MTYyMiM1MSMkMiMkMCMkMDAkNTgxOTYxIzIxIyQxIyQ1IyQ5OSQ0NjE0ODEjNjEjJDEjJDAjJDgz,
JDQ4MTYyMiM1MSMkMiMkMCMkMDAkNTgxOTYxIzIxIyQyIyQxIyQwMCQzNjE0ODEjNTEjJDEjJDIjJDgz,
JDQ4MTYyMiM1MSMkMiMkMCMkMDAkNTgxOTYxIzMxIyQxIyQ3IyQ3OSQyNjEwMDIjNDEjJDEjJDgjJDgz,
JDQ4MTYyMiM1MSMkMiMkMCMkMDAkNTgxOTYxIzMxIyQxIyQ3IyQ5OSQzNjEyMjIjNzEjJDEjJDgjJDgz,
JDQ4MTYyMiM1MSMkMiMkMCMkMDAkNTgxOTYxIzQxIyQyIyQ3IyQwMCQ0NjE0ODEjNzEjJDEjJDgjJDgz,
JDU4MTI3MSM1MSMkMSMkMCMkMTMkMzgxNzAyIzExIyQxIyQ3IyQ4OSQzNjEwMDIjNzEjJDEjJDgjJDgz,
JDU4MTI3MSM1MSMkMSMkMCMkMTMkMzgxNzAyIzExIyQxIyQzIyQ5MiQzNjEyMjIjNTEjJDEjJDIjJDgz,
JDU4MTI3MSM1MSMkMSMkMCMkMTMkMzgxNzAyIzIxIyQxIyQ1IyQ4MiQyNjEyMjIjNDEjJDEjJDgjJDgz,930.0
JDU4MTI3MSM1MSMkMSMkMCMkMTMkMzgxNzAyIzIxIyQxIyQ1IyQ4OSQyNjE4MzIjNTEjJDEjJDYjJDgz,0.0
JDU4MTI3MSM1MSMkMSMkMCMkMTMkMzgxNzAyIzIxIyQxIyQ5IyQ2MiQyNjE0ODEjNzEjJDEjJDgjJDgz,
JDU4MTI3MSM1MSMkMSMkMCMkMTMkMzgxNzAyIzIxIyQxIyQxIyQxMyQzNjEwMDIjNDEjJDEjJDgjJDgz,900.0
JDU4MTI3MSM1MSMkMSMkMCMkMTMkMzgxNzAyIzIxIyQyIyQ1IyQwMCQyNjE4MzIjODEjJDEjJDIjJDgz,
JDU4MTI3MSM1MSMkMSMkMCMkMTMkMzgxNzAyIzIxIyQyIyQxIyQwMCQyNjEyMjIjNTEjJDEjJDYjJDgz,
JDU4MTI3MSM1MSMkMSMkMCMkMTMkMzgxNzAyIzMxIyQxIyQ3IyQ4OSQzNjE4MzIjNjEjJDEjJDQjJDgz,930.0
JDU4MTI3MSM1MSMkMSMkMCMkMTMkMzgxNzAyIzMxIyQxIyQ3IyQ5MiQyNjE4MzIjNjEjJDEjJDgjJDgz,
JDU4MTI3MSM1MSMkMSMkMCMkMTMkMzgxNzAyIzMxIyQxIyQzIyQ3OSQzNjE0ODEjNzEjJDEjJDgjJDgz,
JDU4MTI3MSM1MSMkMSMkMCMkMTMkMzgxNzAyIzQxIyQxIyQ3IyQ5OSQzNjE4MzIjODEjJDEjJDYjJDgz,
JDU4MTI3MSM1MSMkMSMkMCMkMTMkMzgxNzAyIzUxIyQxIyQ1IyQ3MiQ0NjEwMDIjNDEjJDEjJDQjJDgz,
JDU4MTI3MSM1MSMkMSMkMCMkMTMkMzgxNzAyIzUxIyQxIyQ1IyQ4OSQ0NjE0ODEjNTEjJDEjJDIjJDgz,
JDU4MTI3MSM1MSMkMSMkMCMkMTMkMzgxNzAyIzUxIyQxIyQ1IyQwMyQyNjEyMjIjNjEjJDEjJDAjJDgz,
JDU4MTI3MSM1MSMkMSMkMCMkMTMkMzgxNzAyIzUxIyQxIyQxIyQ3MiQzNjEyMjIjODEjJDEjJDYjJDgz,
JDU4MTI3MSM1MSMkMSMkMCMkMTMkMzgxNzAyIzUxIyQyIyQ1IyQwMCQyNjE0ODEjNDEjJDEjJDgjJDgz,
JDU4MTI3MSM1MSMkMSMkMCMkMTMkMzgxNzAyIzUxIyQyIyQ1IyQwMCQyNjEwMDIjNDEjJDEjJDQjJDgz,
JDU4MTI3MSM1MSMkMSMkMCMkMTMkMzgxNzAyIzUxIyQyIyQxIyQwMCQ0NjE0ODEjNDEjJDEjJDgjJDgz,1000.0
JDU4MTI3MSM1MSMkMSMkMCMkMTMkNDgxMzUxIzExIyQxIyQ3IyQ2MiQyNjEwMDIjNDEjJDEjJDgjJDgz,
JDU4MTI3MSM1MSMkMSMkMCMkMTMkNDgxMzUxIzExIyQxIyQzIyQ3MiQyNjEwMDIjNTEjJDEjJDIjJDgz,
JDU4MTI3MSM1MSMkMSMkMCMkMTMkNDgxMzUxIzExIyQxIyQzIyQ3MiQyNjEyMjIjNDEjJDEjJDgjJDgz,
JDU4MTI3MSM1MSMkMSMkMCMkMTMkNDgxMzUxIzExIyQxIyQzIyQ5MiQ0NjEwMDIjNTEjJDEjJDIjJDgz,
JDU4MTI3MSM1MSMkMSMkMCMkMTMkNDgxMzUxIzExIyQxIyQzIyQwMyQzNjEwMDIjNzEjJDEjJDgjJDgz,1000.0
JDU4MTI3MSM1MSMkMSMkMCMkMTMkNDgxMzUxIzIxIyQxIyQ5IyQ2MiQyNjEwMDIjNDEjJDEjJDgjJDgz,
JDU4MTI3MSM1MSMkMSMkMCMkMTMkNDgxMzUxIzIxIyQxIyQ5IyQ4MiQyNjE4MzIjNDEjJDEjJDgjJDgz,1000.0
JDU4MTI3MSM1MSMkMSMkMCMkMTMkNDgxMzUxIzIxIyQxIyQxIyQ3MiQ0NjEwMDIjNDEjJDEjJDgjJDgz,
JDU4MTI3MSM1MSMkMSMkMCMkMTMkNDgxMzUxIzIxIyQxIyQxIyQ3MiQyNjE4MzIjNDEjJDEjJDgjJDgz,
JDU4MTI3MSM1MSMkMSMkMCMkMTMkNDgxMzUxIzIxIyQxIyQxIyQ4OSQyNjEwMDIjNjEjJDEjJDgjJDgz,
JDU4MTI3MSM1MSMkMSMkMCMkMTMkNDgxMzUxIzIxIyQxIyQxIyQxMyQ0NjE0ODEjNDEjJDEjJDgjJDgz,
JDU4MTI3MSM1MSMkMSMkMCMkMTMkNDgxMzUxIzMxIyQxIyQ3IyQ5MiQzNjE4MzIjNjEjJDEjJDAjJDgz,900.0
JDU4MTI3MSM1MSMkMSMkMCMkMTMkNDgxMzUxIzMxIyQxIyQzIyQ5MiQyNjE4MzIjNjEjJDEjJDQjJDgz,
JDU4MTI3MSM1MSMkMSMkMCMkMTMkNDgxMzUxIzQxIyQxIyQ3IyQ5MiQzNjEwMDIjNjEjJDEjJDAjJDgz,
JDU4MTI3MSM1MSMkMSMkMCMkMTMkNDgxMzUxIzUxIyQxIyQ1IyQ3MiQ0NjE0ODEjNzEjJDEjJDgjJDgz,900.0
JDU4MTI3MSM1MSMkMSMkMCMkMTMkNDgxMzUxIzUxIyQxIyQ1IyQ4MiQzNjE4MzIjNjEjJDEjJDgjJDgz,
JDU4MTI3MSM1MSMkMSMkMCMkMTMkNDgxMzUxIzUxIyQxIyQ1IyQ5OSQ0NjE0ODEjNjEjJDEjJDQjJDgz,
JDU4MTI3MSM1MSMkMSMkMCMkMTMkNDgxMzUxIzUxIyQxIyQxIyQ3OSQyNjEwMDIjNzEjJDEjJDgjJDgz,
JDU4MTI3MSM1MSMkMSMkMCMkMTMkNDgxOTYxIzExIyQxIyQzIyQ5OSQyNjE0ODEjODEjJDEjJDIjJDgz,
JDU4MTI3MSM1MSMkMSMkMCMkMTMkNDgxOTYxIzIxIyQxIyQ1IyQ2MiQzNjE4MzIjODEjJDEjJDYjJDgz,
JDU4MTI3MSM1MSMkMSMkMCMkMTMkNDgxOTYxIzIxIyQxIyQ1IyQ3MiQzNjEwMDIjNDEjJDEjJDQjJDgz,
JDU4MTI3MSM1MSMkMSMkMCMkMTMkNDgxOTYxIzIxIyQxIyQ1IyQ3OSQyNjEyMjIjODEjJDEjJDYjJDgz,
JDU4MTI3MSM1MSMkMSMkMCMkMTMkNDgxOTYxIzIxIyQxIyQ1IyQ4MiQyNjE4MzIjNDEjJDEjJDgjJDgz,
JDU4MTI3MSM1MSMkMSMkMCMkMTMkNDgxOTYxIzIxIyQxIyQ1IyQxMyQ0NjE0ODEjNTEjJDEjJDYjJDgz,
JDU4MTI3MSM1MSMkMSMkMCMkMTMkNDgxOTYxIzIxIyQxIyQ5IyQ3MiQzNjE0ODEjODEjJDEjJDIjJDgz,
JDU4MTI3MSM1MSMkMSMkMCMkMTMkNDgxOTYxIzMxIyQxIyQ3IyQwMyQyNjE0ODEjNDEjJDEjJDQjJDgz,
JDU4MTI3MSM1MSMkMSMkMCMkMTMkNDgxOTYxIzMxIyQxIyQ3IyQxMyQ0NjE0ODEjNTEjJDEjJDIjJDgz,930.0
JDU4MTI3MSM1MSMkMSMkMCMkOTkkNTgxMzUxIzExIyQxIyQzIyQ3OSQzNjE0ODEjNDEjJDEjJDgjJDgz,
JDU4MTI3MSM1MSMkMiMkMCMkMDAkMzgxMTkxIzExIyQxIyQ3IyQxMyQyNjE0ODEjNDEjJDEjJDgjJDgz,
JDU4MTI3MSM1MSMkMiMkMCMkMDAkMzgxMTkxIzExIyQxIyQzIyQ4OSQyNjEyMjIjNTEjJDEjJDYjJDgz,
JDU4MTI3MSM1MSMkMiMkMCMkMDAkMzgxMTkxIzExIyQxIyQzIyQwMyQ0NjEwMDIjNDEjJDEjJDgjJDgz,
JDU4MTI3MSM1MSMkMiMkMCMkMDAkMzgxMTkxIzIxIyQxIyQ5IyQ5MiQ0NjEwMDIjNDEjJDEjJDQjJDgz,0.0
JDU4MTI3MSM1MSMkMiMkMCMkMDAkMzgxMTkxIzIxIyQxIyQxIyQ4OSQzNjEyMjIjODEjJDEjJDYjJDgz,
JDU4MTI3MSM1MSMkMiMkMCMkMDAkMzgxMTkxIzMxIyQxIyQ3IyQwMyQyNjE0ODEjNjEjJDEjJDgjJDgz,900.0
JDU4MTI3MSM1MSMkMiMkMCMkMDAkMzgxMTkxIzMxIyQxIyQ3IyQwMyQzNjE4MzIjNTEjJDEjJDYjJDgz,
JDU4MTI3MSM1MSMkMiMkMCMkMDAkMzgxMTkxIzMxIyQxIyQzIyQ2MiQzNjE4MzIjODEjJDEjJDIjJDgz,
JDU4MTI3MSM1MSMkMiMkMCMkMDAkMzgxMTkxIzMxIyQxIyQzIyQ4MiQ0NjEwMDIjODEjJDEjJDYjJDgz,
JDU4MTI3MSM1MSMkMiMkMCMkMDAkMzgxMTkxIzMxIyQyIyQ3IyQwMCQyNjE0ODEjNDEjJDEjJDQjJDgz,
JDU4MTI3MSM1MSMkMiMkMCMkMDAkMzgxMTkxIzQxIyQxIyQ3IyQ4MiQyNjE0ODEjODEjJDEjJDIjJDgz,
JDU4MTI3MSM1MSMkMiMkMCMkMDAkMzgxMTkxIzQxIyQxIyQ3IyQ5MiQyNjE4MzIjNDEjJDEjJDQjJDgz,
JDU4MTI3MSM1MSMkMiMkMCMkMDAkMzgxMTkxIzUxIyQxIyQ1IyQ5MiQzNjEyMjIjNzEjJDEjJDgjJDgz,
JDU4MTI3MSM1MSMkMiMkMCMkMDAkMzgxMTkxIzUxIyQxIyQ1IyQ5OSQ0NjE0ODEjNzEjJDEjJDgjJDgz,0.0
JDU4MTI3MSM1MSMkMiMkMCMkMDAkMzgxMTkxIzUxIyQxIyQ1IyQxMyQyNjE4MzIjNzEjJDEjJDgjJDgz,840.0
JDU4MTI3MSM1MSMkMiMkMCMkMDAkMzgxMTkxIzUxIyQxIyQxIyQ3MiQzNjE4MzIjNjEjJDEjJDAjJDgz,
JDU4MTI3MSM1MSMkMiMkMCMkMDAkMzgxMTkxIzUxIyQyIyQ1IyQwMCQzNjE4MzIjNjEjJDEjJDgjJDgz,
JDU4MTI3MSM1MSMkMiMkMCMkMDAkMzgxMzUxIzIxIyQxIyQ1IyQ2MiQ0NjEwMDIjNDEjJDEjJDgjJDgz,
JDU4MTI3MSM1MSMkMiMkMCMkMDAkMzgxMzUxIzIxIyQxIyQ5IyQ3MiQzNjE0ODEjNTEjJDEjJDYjJDgz,
JDU4MTI3MSM1MSMkMiMkMCMkMDAkMzgxMzUxIzIxIyQxIyQxIyQ3OSQ0NjEwMDIjNjEjJDEjJDQjJDgz,
JDU4MTI3MSM1MSMkMiMkMCMkMDAkMzgxMzUxIzIxIyQxIyQxIyQ4MiQ0NjEwMDIjODEjJDEjJDYjJDgz,
JDU4MTI3MSM1MSMkMiMkMCMkMDAkMzgxMzUxIzMxIyQxIyQ3IyQ3OSQyNjEyMjIjNTEjJDEjJDYjJDgz,
JDU4MTI3MSM1MSMkMiMkMCMkMDAkMzgxMzUxIzMxIyQxIyQzIyQ4MiQyNjE4MzIjODEjJDEjJDYjJDgz,
JDU4MTI3MSM1MSMkMiMkMCMkMDAkMzgxMzUxIzQxIyQxIyQ3IyQ3OSQzNjEwMDIjNjEjJDEjJDAjJDgz,
JDU4MTI3MSM1MSMkMiMkMCMkMDAkMzgxMzUxIzUxIyQxIyQ1IyQ2MiQyNjE0ODEjNjEjJDEjJDQjJDgz,
JDU4MTI3MSM1MSMkMiMkMCMkMDAkMzgxMzUxIzUxIyQxIyQ1IyQ3MiQzNjEwMDIjNTEjJDEjJDYjJDgz,
JDU4MTI3MSM1MSMkMiMkMCMkMDAkMzgxMzUxIzUxIyQyIyQ1IyQwMCQ0NjE0ODEjNTEjJDEjJDYjJDgz,
JDU4MTI3MSM1MSMkMiMkMCMkMDAkMzgxNzAyIzExIyQxIyQ3IyQ3MiQzNjEyMjIjNzEjJDEjJDgjJDgz,900.0
JDU4MTI3MSM1MSMkMiMkMCMkMDAkMzgxNzAyIzExIyQxIyQ3IyQ3OSQzNjE4MzIjODEjJDEjJDYjJDgz,
JDU4MTI3MSM1MSMkMiMkMCMkMDAkMzgxNzAyIzExIyQxIyQzIyQ3OSQyNjE4MzIjNDEjJDEjJDQjJDgz,
JDU4MTI3MSM1MSMkMiMkMCMkMDAkMzgxNzAyIzExIyQxIyQzIyQ4MiQyNjE4MzIjNTEjJDEjJDYjJDgz,
JDU4MTI3MSM1MSMkMiMkMCMkMDAkMzgxNzAyIzIxIyQxIyQ1IyQ4OSQzNjE0ODEjNjEjJDEjJDAjJDgz,
JDU4MTI3MSM1MSMkMiMkMCMkMDAkMzgxNzAyIzIxIyQxIyQ1IyQ5MiQyNjE0ODEjNjEjJDEjJDQjJDgz,
JDU4MTI3MSM1MSMkMiMkMCMkMDAkMzgxNzAyIzIxIyQxIyQ5IyQ4OSQ0NjE0ODEjNTEjJDEjJDYjJDgz,
JDU4MTI3MSM1MSMkMiMkMCMkMDAkMzgxNzAyIzIxIyQxIyQ5IyQ4OSQzNjEyMjIjNzEjJDEjJDgjJDgz,
JDU4MTI3MSM1MSMkMiMkMCMkMDAkMzgxNzAyIzIxIyQxIyQ5IyQwMyQ0NjEwMDIjNTEjJDEjJDIjJDgz,
JDU4MTI3MSM1MSMkMiMkMCMkMDAkMzgxNzAyIzIxIyQxIyQ5IyQwMyQzNjEyMjIjODEjJDEjJDIjJDgz,
JDU4MTI3MSM1MSMkMiMkMCMkMDAkMzgxNzAyIzIxIyQxIyQxIyQ3MiQyNjE4MzIjODEjJDEjJDYjJDgz,
JDU4MTI3MSM1MSMkMiMkMCMkMDAkMzgxNzAyIzIxIyQxIyQxIyQ4MiQzNjE4MzIjODEjJDEjJDYjJDgz,
JDU4MTI3MSM1MSMkMiMkMCMkMDAkMzgxNzAyIzIxIyQxIyQxIyQwMyQzNjEyMjIjNjEjJDEjJDQjJDgz,
JDU4MTI3MSM1MSMkMiMkMCMkMDAkMzgxNzAyIzIxIyQyIyQ5IyQwMCQyNjE4MzIjNzEjJDEjJDgjJDgz,
JDU4MTI3MSM1MSMkMiMkMCMkMDAkMzgxNzAyIzIxIyQyIyQxIyQwMCQzNjEwMDIjNDEjJDEjJDgjJDgz,
JDU4MTI3MSM1MSMkMiMkMCMkMDAkMzgxNzAyIzMxIyQxIyQ3IyQ4MiQyNjEwMDIjNjEjJDEjJDQjJDgz,
JDU4MTI3MSM1MSMkMiMkMCMkMDAkMzgxNzAyIzMxIyQxIyQ3IyQwMyQzNjEwMDIjNTEjJDEjJDIjJDgz,0.0
JDU4MTI3MSM1MSMkMiMkMCMkMDAkMzgxNzAyIzMxIyQxIyQzIyQ2MiQ0NjEwMDIjNDEjJDEjJDQjJDgz,
JDU4MTI3MSM1MSMkMiMkMCMkMDAkMzgxNzAyIzMxIyQxIyQzIyQ2MiQyNjE0ODEjNjEjJDEjJDgjJDgz,
JDU4MTI3MSM1MSMkMiMkMCMkMDAkMzgxNzAyIzMxIyQxIyQzIyQ4MiQzNjEwMDIjNDEjJDEjJDgjJDgz,
JDU4MTI3MSM1MSMkMiMkMCMkMDAkMzgxNzAyIzMxIyQxIyQzIyQ5MiQyNjEwMDIjNjEjJDEjJDgjJDgz,
JDU4MTI3MSM1MSMkMiMkMCMkMDAkMzgxNzAyIzQxIyQxIyQ3IyQ3OSQzNjEwMDIjNDEjJDEjJDgjJDgz,
JDU4MTI3MSM1MSMkMiMkMCMkMDAkMzgxNzAyIzQxIyQxIyQ3IyQ5OSQyNjE4MzIjODEjJDEjJDYjJDgz,
JDU4MTI3MSM1MSMkMiMkMCMkMDAkMzgxNzAyIzQxIyQxIyQ3IyQwMyQyNjE0ODEjODEjJDEjJDIjJDgz,
JDU4MTI3MSM1MSMkMiMkMCMkMDAkMzgxNzAyIzQxIyQxIyQ3IyQxMyQzNjE0ODEjODEjJDEjJDIjJDgz,
JDU4MTI3MSM1MSMkMiMkMCMkMDAkMzgxNzAyIzUxIyQxIyQ1IyQ3MiQ0NjE0ODEjNjEjJDEjJDAjJDgz,
JDU4MTI3MSM1MSMkMiMkMCMkMDAkMzgxNzAyIzUxIyQxIyQ1IyQ4MiQyNjEwMDIjNjEjJDEjJDAjJDgz,
JDU4MTI3MSM1MSMkMiMkMCMkMDAkMzgxNzAyIzUxIyQyIyQxIyQwMCQ0NjE0ODEjNTEjJDEjJDYjJDgz,
JDU4MTI3MSM1MSMkMiMkMCMkMDAkMzgxOTYxIzExIyQxIyQ3IyQ2MiQyNjE4MzIjNjEjJDEjJDAjJDgz,
JDU4MTI3MSM1MSMkMiMkMCMkMDAkMzgxOTYxIzExIyQxIyQ3IyQ2MiQzNjE0ODEjNTEjJDEjJDIjJDgz,
JDU4MTI3MSM1MSMkMiMkMCMkMDAkMzgxOTYxIzExIyQxIyQ3IyQwMyQzNjEyMjIjODEjJDEjJDIjJDgz,
JDU4MTI3MSM1MSMkMiMkMCMkMDAkMzgxOTYxIzExIyQxIyQzIyQ4OSQ0NjEwMDIjNjEjJDEjJDQjJDgz,
JDU4MTI3MSM1MSMkMiMkMCMkMDAkMzgxOTYxIzExIyQyIyQ3IyQwMCQzNjEwMDIjNTEjJDEjJDYjJDgz,
JDU4MTI3MSM1MSMkMiMkMCMkMDAkMzgxOTYxIzExIyQyIyQzIyQwMCQyNjEyMjIjNTEjJDEjJDIjJDgz,
JDU4MTI3MSM1MSMkMiMkMCMkMDAkMzgxOTYxIzExIyQyIyQzIyQwMCQzNjEyMjIjNjEjJDEjJDQjJDgz,
JDU4MTI3MSM1MSMkMiMkMCMkMDAkMzgxOTYxIzIxIyQxIyQ1IyQ5MiQzNjEwMDIjNjEjJDEjJDQjJDgz,
JDU4MTI3MSM1MSMkMiMkMCMkMDAkMzgxOTYxIzIxIyQxIyQxIyQ5OSQyNjE0ODEjNDEjJDEjJDgjJDgz,
JDU4MTI3MSM1MSMkMiMkMCMkMDAkMzgxOTYxIzIxIyQxIyQxIyQ5OSQzNjE0ODEjNjEjJDEjJDAjJDgz,
JDU4MTI3MSM1MSMkMiMkMCMkMDAkMzgxOTYxIzMxIyQxIyQ3IyQ3MiQzNjE4MzIjNjEjJDEjJDgjJDgz,
JDU4MTI3MSM1MSMkMiMkMCMkMDAkMzgxOTYxIzMxIyQxIyQ3IyQ5OSQzNjE0ODEjNDEjJDEjJDQjJDgz,
JDU4MTI3MSM1MSMkMiMkMCMkMDAkMzgxOTYxIzMxIyQxIyQzIyQ4OSQyNjE0ODEjNTEjJDEjJDYjJDgz,
JDU4MTI3MSM1MSMkMiMkMCMkMDAkMzgxOTYxIzMxIyQxIyQzIyQ4OSQyNjEyMjIjNDEjJDEjJDQjJDgz,
JDU4MTI3MSM1MSMkMiMkMCMkMDAkMzgxOTYxIzQxIyQxIyQ3IyQ2MiQyNjE0ODEjODEjJDEjJDIjJDgz,
JDU4MTI3MSM1MSMkMiMkMCMkMDAkMzgxOTYxIzQxIyQxIyQ3IyQ3OSQ0NjEwMDIjNTEjJDEjJDIjJDgz,
JDU4MTI3MSM1MSMkMiMkMCMkMDAkMzgxOTYxIzQxIyQxIyQ3IyQ4OSQzNjE4MzIjNTEjJDEjJDYjJDgz,
JDU4MTI3MSM1MSMkMiMkMCMkMDAkMzgxOTYxIzUxIyQxIyQ1IyQ2MiQ0NjEwMDIjNjEjJDEjJDAjJDgz,
JDU4MTI3MSM1MSMkMiMkMCMkMDAkMzgxOTYxIzUxIyQxIyQxIyQwMyQyNjE4MzIjODEjJDEjJDIjJDgz,
JDU4MTI3MSM1MSMkMiMkMCMkMDAkNDgxMTkxIzExIyQxIyQ3IyQ3MiQ0NjEwMDIjODEjJDEjJDIjJDgz,
JDU4MTI3MSM1MSMkMiMkMCMkMDAkNDgxMTkxIzExIyQxIyQ3IyQwMyQzNjE0ODEjODEjJDEjJDYjJDgz,
JDU4MTI3MSM1MSMkMiMkMCMkMDAkNDgxMTkxIzIxIyQxIyQ1IyQ2MiQzNjE4MzIjNzEjJDEjJDgjJDgz,
JDU4MTI3MSM1MSMkMiMkMCMkMDAkNDgxMTkxIzIxIyQxIyQ5IyQ3OSQ0NjE0ODEjNTEjJDEjJDIjJDgz,
JDU4MTI3MSM1MSMkMiMkMCMkMDAkNDgxMTkxIzMxIyQxIyQ3IyQ2MiQzNjEyMjIjODEjJDEjJDIjJDgz,
JDU4MTI3MSM1MSMkMiMkMCMkMDAkNDgxMTkxIzMxIyQxIyQ3IyQ3OSQzNjE4MzIjNzEjJDEjJDgjJDgz,
JDU4MTI3MSM1MSMkMiMkMCMkMDAkNDgxMTkxIzMxIyQxIyQ3IyQ5OSQyNjEwMDIjNTEjJDEjJDIjJDgz,
JDU4MTI3MSM1MSMkMiMkMCMkMDAkNDgxMTkxIzMxIyQxIyQzIyQwMyQzNjEwMDIjNTEjJDEjJDIjJDgz,
JDU4MTI3MSM1MSMkMiMkMCMkMDAkNDgxMTkxIzMxIyQxIyQzIyQxMyQzNjE4MzIjNjEjJDEjJDgjJDgz,
JDU4MTI3MSM1MSMkMiMkMCMkMDAkNDgxMTkxIzUxIyQxIyQ1IyQ4MiQ0NjEwMDIjNjEjJDEjJDgjJDgz,
JDU4MTI3MSM1MSMkMiMkMCMkMDAkNDgxMTkxIzUxIyQxIyQ1IyQ5OSQzNjE0ODEjNjEjJDEjJDgjJDgz,
JDU4MTI3MSM1MSMkMiMkMCMkMDAkNDgxMTkxIzUxIyQxIyQxIyQ5OSQyNjE4MzIjNDEjJDEjJDgjJDgz,
JDU4MTI3MSM1MSMkMiMkMCMkMDAkNDgxMzUxIzExIyQxIyQ3IyQ4OSQyNjEyMjIjNDEjJDEjJDgjJDgz,
JDU4MTI3MSM1MSMkMiMkMCMkMDAkNDgxMzUxIzIxIyQxIyQ1IyQ5MiQyNjEyMjIjNzEjJDEjJDgjJDgz,
JDU4MTI3MSM1MSMkMiMkMCMkMDAkNDgxMzUxIzIxIyQxIyQxIyQ3OSQzNjEyMjIjNTEjJDEjJDIjJDgz,0.0
JDU4MTI3MSM1MSMkMiMkMCMkMDAkNDgxMzUxIzMxIyQxIyQ3IyQ4MiQ0NjE0ODEjODEjJDEjJDIjJDgz,
JDU4MTI3MSM1MSMkMiMkMCMkMDAkNDgxMzUxIzMxIyQxIyQ3IyQxMyQzNjE0ODEjNzEjJDEjJDgjJDgz,
JDU4MTI3MSM1MSMkMiMkMCMkMDAkNDgxMzUxIzMxIyQxIyQzIyQ2MiQzNjEyMjIjNDEjJDEjJDgjJDgz,0.0
JDU4MTI3MSM1MSMkMiMkMCMkMDAkNDgxMzUxIzMxIyQyIyQzIyQwMCQ0NjEwMDIjODEjJDEjJDIjJDgz,
JDU4MTI3MSM1MSMkMiMkMCMkMDAkNDgxMzUxIzQxIyQxIyQ3IyQ4OSQyNjEwMDIjNDEjJDEjJDgjJDgz,
JDU4MTI3MSM1MSMkMiMkMCMkMDAkNDgxMzUxIzQxIyQxIyQ3IyQwMyQyNjE0ODEjNTEjJDEjJDYjJDgz,
JDU4MTI3MSM1MSMkMiMkMCMkMDAkNDgxMzUxIzUxIyQxIyQ1IyQ5OSQyNjE0ODEjNTEjJDEjJDIjJDgz,
JDU4MTI3MSM1MSMkMiMkMCMkMDAkNDgxMzUxIzUxIyQxIyQ1IyQwMyQyNjEyMjIjNTEjJDEjJDIjJDgz,
JDU4MTI3MSM1MSMkMiMkMCMkMDAkNDgxMzUxIzUxIyQxIyQ1IyQwMyQzNjEwMDIjNzEjJDEjJDgjJDgz,
JDU4MTI3MSM1MSMkMiMkMCMkMDAkNDgxMzUxIzUxIyQxIyQ1IyQxMyQ0NjE0ODEjODEjJDEjJDYjJDgz,
JDU4MTI3MSM1MSMkMiMkMCMkMDAkNDgxNzAyIzExIyQxIyQzIyQ5OSQyNjE4MzIjNjEjJDEjJDgjJDgz,
JDU4MTI3MSM1MSMkMiMkMCMkMDAkNDgxNzAyIzIxIyQxIyQ1IyQ2MiQyNjE0ODEjNjEjJDEjJDQjJDgz,
JDU4MTI3MSM1MSMkMiMkMCMkMDAkNDgxNzAyIzIxIyQxIyQ1IyQ2MiQzNjEyMjIjNjEjJDEjJDAjJDgz,
JDU4MTI3MSM1MSMkMiMkMCMkMDAkNDgxNzAyIzIxIyQxIyQ5IyQ2MiQyNjEwMDIjNDEjJDEjJDQjJDgz,
JDU4MTI3MSM1MSMkMiMkMCMkMDAkNDgxNzAyIzIxIyQxIyQ5IyQ4OSQyNjEyMjIjNjEjJDEjJDgjJDgz,
JDU4MTI3MSM1MSMkMiMkMCMkMDAkNDgxNzAyIzIxIyQxIyQxIyQ4MiQzNjE0ODEjNjEjJDEjJDgjJDgz,
JDU4MTI3MSM1MSMkMiMkMCMkMDAkNDgxNzAyIzMxIyQxIyQ3IyQ3OSQzNjEwMDIjNjEjJDEjJDgjJDgz,
JDU4MTI3MSM1MSMkMiMkMCMkMDAkNDgxNzAyIzQxIyQxIyQ3IyQ3OSQzNjEyMjIjNDEjJDEjJDgjJDgz,
JDU4MTI3MSM1MSMkMiMkMCMkMDAkNDgxNzAyIzQxIyQxIyQ3IyQ4OSQzNjEwMDIjNDEjJDEjJDQjJDgz,
JDU4MTI3MSM1MSMkMiMkMCMkMDAkNDgxNzAyIzUxIyQxIyQ1IyQ4OSQzNjE0ODEjNjEjJDEjJDAjJDgz,
JDU4MTI3MSM1MSMkMiMkMCMkMDAkNDgxNzAyIzUxIyQxIyQ1IyQxMyQzNjE0ODEjNTEjJDEjJDIjJDgz,
JDU4MTI3MSM1MSMkMiMkMCMkMDAkNDgxNzAyIzUxIyQxIyQxIyQ4MiQzNjEyMjIjNDEjJDEjJDgjJDgz,
JDU4MTI3MSM1MSMkMiMkMCMkMDAkNDgxOTYxIzExIyQxIyQ3IyQ3OSQ0NjE0ODEjODEjJDEjJDIjJDgz,
JDU4MTI3MSM1MSMkMiMkMCMkMDAkNDgxOTYxIzExIyQxIyQ3IyQ4OSQzNjE0ODEjNTEjJDEjJDIjJDgz,
JDU4MTI3MSM1MSMkMiMkMCMkMDAkNDgxOTYxIzExIyQxIyQzIyQ3OSQ0NjEwMDIjNDEjJDEjJDQjJDgz,
JDU4MTI3MSM1MSMkMiMkMCMkMDAkNDgxOTYxIzIxIyQxIyQ1IyQ3MiQyNjEwMDIjNDEjJDEjJDQjJDgz,
JDU4MTI3MSM1MSMkMiMkMCMkMDAkNDgxOTYxIzIxIyQxIyQ5IyQ3MiQzNjEyMjIjNzEjJDEjJDgjJDgz,900.0
JDU4MTI3MSM1MSMkMiMkMCMkMDAkNDgxOTYxIzIxIyQxIyQ5IyQ4MiQ0NjE0ODEjNDEjJDEjJDgjJDgz,
JDU4MTI3MSM1MSMkMiMkMCMkMDAkNDgxOTYxIzIxIyQxIyQ5IyQ5MiQyNjE0ODEjNTEjJDEjJDIjJDgz,
JDU4MTI3MSM1MSMkMiMkMCMkMDAkNDgxOTYxIzIxIyQxIyQxIyQ4OSQzNjEwMDIjNzEjJDEjJDgjJDgz,
JDU4MTI3MSM1MSMkMiMkMCMkMDAkNDgxOTYxIzIxIyQxIyQxIyQ5MiQyNjE0ODEjNDEjJDEjJDQjJDgz,
JDU4MTI3MSM1MSMkMiMkMCMkMDAkNDgxOTYxIzIxIyQxIyQxIyQ5OSQzNjE0ODEjNjEjJDEjJDgjJDgz,
JDU4MTI3MSM1MSMkMiMkMCMkMDAkNDgxOTYxIzIxIyQyIyQxIyQwMCQyNjEwMDIjODEjJDEjJDYjJDgz,900.0
JDU4MTI3MSM1MSMkMiMkMCMkMDAkNDgxOTYxIzMxIyQxIyQ3IyQ4MiQyNjEwMDIjNjEjJDEjJDgjJDgz,
JDU4MTI3MSM1MSMkMiMkMCMkMDAkNDgxOTYxIzMxIyQxIyQ3IyQ5MiQ0NjE0ODEjNDEjJDEjJDgjJDgz,
JDU4MTI3MSM1MSMkMiMkMCMkMDAkNDgxOTYxIzMxIyQxIyQzIyQ3OSQyNjE4MzIjNTEjJDEjJDIjJDgz,
JDU4MTI3MSM1MSMkMiMkMCMkMDAkNDgxOTYxIzQxIyQxIyQ3IyQwMyQzNjEwMDIjNDEjJDEjJDQjJDgz,
JDU4MTI3MSM1MSMkMiMkMCMkMDAkNDgxOTYxIzQxIyQxIyQ3IyQxMyQyNjEwMDIjNjEjJDEjJDAjJDgz,
JDU4MTI3MSM1MSMkMiMkMCMkMDAkNDgxOTYxIzQxIyQxIyQ3IyQxMyQyNjEyMjIjNTEjJDEjJDIjJDgz,830.0
JDU4MTI3MSM1MSMkMiMkMCMkMDAkNDgxOTYxIzUxIyQxIyQ1IyQwMyQzNjE0ODEjNjEjJDEjJDAjJDgz,
JDU4MTI3MSM1MSMkMiMkMCMkMDAkNDgxOTYxIzUxIyQxIyQ1IyQwMyQzNjEyMjIjNDEjJDEjJDgjJDgz,
JDU4MTI3MSM1MSMkMiMkMCMkMDAkNDgxOTYxIzUxIyQxIyQxIyQ5OSQ0NjE0ODEjNzEjJDEjJDgjJDgz,
JDU4MTI3MSM1MSMkMiMkMCMkMDAkNTgxMzUxIzExIyQyIyQzIyQwMCQyNjEyMjIjNDEjJDEjJDgjJDgz,
JDU4MTI3MSM1MSMkMiMkMCMkMDAkNTgxMzUxIzIxIyQxIyQ1IyQ2MiQ0NjEwMDIjNjEjJDEjJDAjJDgz,900.0
JDU4MTI3MSM1MSMkMiMkMCMkMDAkNTgxMzUxIzIxIyQxIyQ1IyQ4MiQyNjE4MzIjNDEjJDEjJDQjJDgz,
JDU4MTI3MSM1MSMkMiMkMCMkMDAkNTgxMzUxIzIxIyQxIyQ5IyQ4MiQ0NjEwMDIjNjEjJDEjJDQjJDgz,
JDU4MTI3MSM1MSMkMiMkMCMkMDAkNTgxMzUxIzIxIyQxIyQ5IyQ4MiQyNjEwMDIjNDEjJDEjJDQjJDgz,
JDU4MTI3MSM1MSMkMiMkMCMkMDAkNTgxMzUxIzQxIyQxIyQ3IyQ4MiQzNjE4MzIjODEjJDEjJDIjJDgz,
JDU4MTI3MSM1MSMkMiMkMCMkMDAkNTgxMzUxIzQxIyQxIyQ3IyQ5MiQzNjEyMjIjNzEjJDEjJDgjJDgz,
JDU4MTI3MSM1MSMkMiMkMCMkMDAkNTgxMzUxIzQxIyQxIyQ3IyQ5OSQ0NjEwMDIjNjEjJDEjJDQjJDgz,
JDU4MTI3MSM1MSMkMiMkMCMkMDAkNTgxMzUxIzUxIyQxIyQ1IyQ4OSQyNjE4MzIjNDEjJDEjJDgjJDgz,
JDU4MTI3MSM1MSMkMiMkMCMkMDAkNTgxMzUxIzUxIyQxIyQ1IyQ4OSQzNjE4MzIjNjEjJDEjJDAjJDgz,930.0
JDU4MTI3MSM1MSMkMiMkMCMkMDAkNTgxOTYxIzExIyQxIyQ3IyQxMyQzNjEwMDIjNDEjJDEjJDgjJDgz,
JDU4MTI3MSM1MSMkMiMkMCMkMDAkNTgxOTYxIzExIyQxIyQzIyQ4OSQzNjEyMjIjNjEjJDEjJDAjJDgz,900.0
JDU4MTI3MSM1MSMkMiMkMCMkMDAkNTgxOTYxIzExIyQxIyQzIyQxMyQyNjEwMDIjNDEjJDEjJDgjJDgz,
JDU4MTI3MSM1MSMkMiMkMCMkMDAkNTgxOTYxIzIxIyQxIyQ1IyQ2MiQyNjE4MzIjNDEjJDEjJDgjJDgz,
JDU4MTI3MSM1MSMkMiMkMCMkMDAkNTgxOTYxIzIxIyQxIyQ1IyQ5OSQzNjE0ODEjNjEjJDEjJDAjJDgz,
JDU4MTI3MSM1MSMkMiMkMCMkMDAkNTgxOTYxIzIxIyQxIyQ1IyQwMyQyNjE4MzIjNDEjJDEjJDQjJDgz,
JDU4MTI3MSM1MSMkMiMkMCMkMDAkNTgxOTYxIzIxIyQxIyQ5IyQ5OSQyNjE0ODEjODEjJDEjJDIjJDgz,
JDU4MTI3MSM1MSMkMiMkMCMkMDAkNTgxOTYxIzIxIyQyIyQ1IyQwMCQyNjEyMjIjNjEjJDEjJDQjJDgz,
JDU4MTI3MSM1MSMkMiMkMCMkMDAkNTgxOTYxIzIxIyQyIyQxIyQwMCQ0NjEwMDIjNjEjJDEjJDgjJDgz,
JDU4MTI3MSM1MSMkMiMkMCMkMDAkNTgxOTYxIzMxIyQxIyQ3IyQ2MiQzNjEwMDIjNjEjJDEjJDgjJDgz,
JDU4MTI3MSM1MSMkMiMkMCMkMDAkNTgxOTYxIzMxIyQxIyQzIyQxMyQzNjEwMDIjNjEjJDEjJDgjJDgz,
