암호화요양기호,기타인력코드명
JDQ4MTYyMiM1MSMkMSMkMCMkMTMkMzgxMTkxIzExIyQxIyQ3IyQ3MiQyNjE4MzIjNDEjJDEjJDgjJDgz,한약사
JDQ4MTYyMiM1MSMkMSMkMCMkMTMkMzgxMTkxIzExIyQxIyQ3IyQ3MiQyNjE4MzIjNDEjJDEjJDgjJDgz,물리치료사
JDQ4MTYyMiM1MSMkMSMkMCMkMTMkMzgxMTkxIzExIyQxIyQzIyQ4OSQzNjEyMjIjNDEjJDEjJDgjJDgz,한약사
JDQ4MTYyMiM1MSMkMSMkMCMkMTMkMzgxMTkxIzExIyQxIyQzIyQ4OSQzNjEyMjIjNDEjJDEjJDgjJDgz,물리치료사
JDQ4MTYyMiM1MSMkMSMkMCMkMTMkMzgxMTkxIzExIyQxIyQzIyQ4OSQzNjEyMjIjNDEjJDEjJDgjJDgz,작업치료사
JDQ4MTYyMiM1MSMkMSMkMCMkMTMkMzgxMTkxIzExIyQxIyQzIyQ4OSQzNjEyMjIjNDEjJDEjJDgjJDgz,사회복지사
JDQ4MTYyMiM1MSMkMSMkMCMkMTMkMzgxMTkxIzIxIyQxIyQ1IyQ3MiQzNjEyMjIjODEjJDEjJDYjJDgz,물리치료사
JDQ4MTYyMiM1MSMkMSMkMCMkMTMkMzgxMTkxIzIxIyQxIyQ5IyQ3OSQ0NjE0ODEjNjEjJDEjJDQjJDgz,물리치료사
JDQ4MTYyMiM1MSMkMSMkMCMkMTMkMzgxMTkxIzIxIyQxIyQxIyQ3MiQyNjE0ODEjNTEjJDEjJDYjJDgz,물리치료사
JDQ4MTYyMiM1MSMkMSMkMCMkMTMkMzgxMTkxIzIxIyQxIyQxIyQ5MiQ0NjE0ODEjNTEjJDEjJDYjJDgz,물리치료사
JDQ4MTYyMiM1MSMkMSMkMCMkMTMkMzgxMTkxIzIxIyQyIyQ5IyQwMCQyNjEyMjIjODEjJDEjJDIjJDgz,물리치료사
JDQ4MTYyMiM1MSMkMSMkMCMkODkkMzgxMzUxIzExIyQxIyQ3IyQ3OSQzNjE0ODEjNjEjJDEjJDgjJDgz,약사
JDQ4MTYyMiM1MSMkMSMkMCMkODkkMzgxMzUxIzExIyQxIyQ3IyQ3OSQzNjE0ODEjNjEjJDEjJDgjJDgz,물리치료사
JDQ4MTYyMiM1MSMkMSMkMCMkODkkMzgxMzUxIzExIyQxIyQ3IyQ3OSQzNjE0ODEjNjEjJDEjJDgjJDgz,작업치료사
JDQ4MTYyMiM1MSMkMSMkMCMkODkkMzgxMzUxIzExIyQxIyQzIyQ3MiQyNjEwMDIjNDEjJDEjJDgjJDgz,약사
JDQ4MTYyMiM1MSMkMSMkMCMkODkkMzgxMzUxIzExIyQxIyQzIyQ3MiQyNjEwMDIjNDEjJDEjJDgjJDgz,한약사
JDQ4MTYyMiM1MSMkMSMkMCMkODkkMzgxMzUxIzExIyQxIyQzIyQ3MiQyNjEwMDIjNDEjJDEjJDgjJDgz,물리치료사
JDQ4MTYyMiM1MSMkMSMkMCMkODkkMzgxMzUxIzExIyQxIyQzIyQ3MiQyNjEwMDIjNDEjJDEjJDgjJDgz,작업치료사
JDQ4MTYyMiM1MSMkMSMkMCMkODkkMzgxMzUxIzExIyQxIyQzIyQ3MiQyNjEwMDIjNDEjJDEjJDgjJDgz,사회복지사
JDQ4MTYyMiM1MSMkMSMkMCMkODkkMzgxMzUxIzExIyQxIyQzIyQ3MiQzNjE4MzIjNDEjJDEjJDgjJDgz,약사
JDQ4MTYyMiM1MSMkMSMkMCMkODkkMzgxMzUxIzExIyQxIyQzIyQ3MiQzNjE4MzIjNDEjJDEjJDgjJDgz,물리치료사
JDQ4MTYyMiM1MSMkMSMkMCMkODkkMzgxMzUxIzExIyQxIyQzIyQ3MiQzNjE4MzIjNDEjJDEjJDgjJDgz,작업치료사
JDQ4MTYyMiM1MSMkMSMkMCMkODkkMzgxMzUxIzExIyQxIyQzIyQ3MiQzNjE4MzIjNDEjJDEjJDgjJDgz,사회복지사
JDQ4MTYyMiM1MSMkMSMkMCMkODkkMzgxMzUxIzExIyQxIyQzIyQ3OSQzNjE4MzIjNjEjJDEjJDAjJDgz,약사
JDQ4MTYyMiM1MSMkMSMkMCMkODkkMzgxMzUxIzExIyQxIyQzIyQ3OSQzNjE4MzIjNjEjJDEjJDAjJDgz,물리치료사
JDQ4MTYyMiM1MSMkMSMkMCMkODkkMzgxMzUxIzExIyQxIyQzIyQ5MiQzNjEwMDIjODEjJDEjJDYjJDgz,약사
JDQ4MTYyMiM1MSMkMSMkMCMkODkkMzgxMzUxIzExIyQxIyQzIyQ5MiQzNjEwMDIjODEjJDEjJDYjJDgz,물리치료사
JDQ4MTYyMiM1MSMkMSMkMCMkODkkMzgxMzUxIzExIyQxIyQzIyQ5MiQzNjEwMDIjODEjJDEjJDYjJDgz,작업치료사
JDQ4MTYyMiM1MSMkMSMkMCMkODkkMzgxMzUxIzExIyQxIyQzIyQ5MiQzNjEwMDIjODEjJDEjJDYjJDgz,사회복지사
JDQ4MTYyMiM1MSMkMSMkMCMkODkkMzgxMzUxIzExIyQxIyQzIyQwMyQyNjEwMDIjNTEjJDEjJDYjJDgz,약사
JDQ4MTYyMiM1MSMkMSMkMCMkODkkMzgxMzUxIzExIyQxIyQzIyQwMyQyNjEwMDIjNTEjJDEjJDYjJDgz,물리치료사
JDQ4MTYyMiM1MSMkMSMkMCMkODkkMzgxMzUxIzExIyQxIyQzIyQwMyQyNjEwMDIjNTEjJDEjJDYjJDgz,작업치료사
JDQ4MTYyMiM1MSMkMSMkMCMkODkkMzgxMzUxIzExIyQxIyQzIyQwMyQyNjEwMDIjNTEjJDEjJDYjJDgz,사회복지사
JDQ4MTYyMiM1MSMkMSMkMCMkODkkMzgxMzUxIzExIyQyIyQ3IyQwMCQzNjEyMjIjNjEjJDEjJDAjJDgz,약사
JDQ4MTYyMiM1MSMkMSMkMCMkODkkMzgxMzUxIzExIyQyIyQ3IyQwMCQzNjEyMjIjNjEjJDEjJDAjJDgz,물리치료사
JDQ4MTYyMiM1MSMkMSMkMCMkODkkMzgxMzUxIzExIyQyIyQ3IyQwMCQzNjEyMjIjNjEjJDEjJDAjJDgz,작업치료사
JDQ4MTYyMiM1MSMkMSMkMCMkODkkMzgxMzUxIzExIyQyIyQ3IyQwMCQzNjEyMjIjNjEjJDEjJDAjJDgz,사회복지사
JDQ4MTYyMiM1MSMkMSMkMCMkOTIkMzgxMzUxIzExIyQxIyQzIyQ2MiQ0NjE0ODEjODEjJDEjJDYjJDgz,물리치료사
JDQ4MTYyMiM1MSMkMSMkMCMkOTIkMzgxMzUxIzExIyQxIyQzIyQ5OSQzNjEwMDIjNDEjJDEjJDQjJDgz,물리치료사
JDQ4MTYyMiM1MSMkMSMkMCMkOTIkMzgxMzUxIzExIyQyIyQzIyQwMCQ0NjE0ODEjNDEjJDEjJDgjJDgz,약사
JDQ4MTYyMiM1MSMkMSMkMCMkOTIkMzgxMzUxIzExIyQyIyQzIyQwMCQ0NjE0ODEjNDEjJDEjJDgjJDgz,물리치료사
JDQ4MTYyMiM1MSMkMSMkMCMkOTkkMzgxMzUxIzIxIyQxIyQ5IyQxMyQ0NjEwMDIjNjEjJDEjJDgjJDgz,약사
JDQ4MTYyMiM1MSMkMSMkMCMkOTkkMzgxMzUxIzIxIyQxIyQ5IyQxMyQ0NjEwMDIjNjEjJDEjJDgjJDgz,물리치료사
JDQ4MTYyMiM1MSMkMSMkMCMkOTkkMzgxMzUxIzMxIyQxIyQ3IyQ5OSQyNjEyMjIjNDEjJDEjJDgjJDgz,약사
JDQ4MTYyMiM1MSMkMSMkMCMkOTkkMzgxMzUxIzMxIyQxIyQ3IyQ5OSQyNjEyMjIjNDEjJDEjJDgjJDgz,물리치료사
JDQ4MTYyMiM1MSMkMSMkMCMkOTkkMzgxMzUxIzMxIyQxIyQ3IyQ5OSQyNjEyMjIjNDEjJDEjJDgjJDgz,작업치료사
JDQ4MTYyMiM1MSMkMSMkMCMkOTkkMzgxMzUxIzMxIyQxIyQ3IyQ5OSQyNjEyMjIjNDEjJDEjJDgjJDgz,사회복지사
JDQ4MTYyMiM1MSMkMSMkMCMkOTkkMzgxMzUxIzMxIyQxIyQzIyQ5MiQzNjEwMDIjNjEjJDEjJDQjJDgz,물리치료사
JDQ4MTYyMiM1MSMkMSMkMCMkOTkkMzgxMzUxIzQxIyQxIyQ3IyQwMyQyNjEyMjIjNDEjJDEjJDgjJDgz,약사
JDQ4MTYyMiM1MSMkMSMkMCMkOTkkMzgxMzUxIzQxIyQxIyQ3IyQwMyQyNjEyMjIjNDEjJDEjJDgjJDgz,물리치료사
JDQ4MTYyMiM1MSMkMSMkMCMkOTkkMzgxMzUxIzUxIyQxIyQ1IyQ3MiQyNjEwMDIjNTEjJDEjJDYjJDgz,사회복지사
JDQ4MTYyMiM1MSMkMSMkMCMkOTkkMzgxMzUxIzUxIyQxIyQxIyQ5MiQzNjEwMDIjNjEjJDEjJDAjJDgz,약사
JDQ4MTYyMiM1MSMkMSMkMCMkOTkkMzgxMzUxIzUxIyQxIyQxIyQ5MiQzNjEwMDIjNjEjJDEjJDAjJDgz,물리치료사
JDQ4MTYyMiM1MSMkMSMkMCMkOTkkMzgxMzUxIzUxIyQxIyQxIyQ5MiQzNjEwMDIjNjEjJDEjJDAjJDgz,작업치료사
JDQ4MTYyMiM1MSMkMSMkMCMkOTkkMzgxMzUxIzUxIyQxIyQxIyQ5MiQzNjEwMDIjNjEjJDEjJDAjJDgz,사회복지사
JDQ4MTYyMiM1MSMkMSMkMCMkOTkkMzgxMzUxIzUxIyQyIyQ1IyQwMCQzNjEwMDIjNDEjJDEjJDgjJDgz,약사
JDQ4MTYyMiM1MSMkMSMkMCMkOTkkMzgxMzUxIzUxIyQyIyQ1IyQwMCQzNjEwMDIjNDEjJDEjJDgjJDgz,물리치료사
JDQ4MTYyMiM1MSMkMSMkMCMkOTkkMzgxOTYxIzExIyQxIyQ3IyQ2MiQyNjEyMjIjODEjJDEjJDYjJDgz,약사
JDQ4MTYyMiM1MSMkMSMkMCMkOTkkMzgxOTYxIzExIyQxIyQ3IyQ2MiQyNjEyMjIjODEjJDEjJDYjJDgz,물리치료사
JDQ4MTYyMiM1MSMkMSMkMCMkOTkkMzgxOTYxIzExIyQxIyQ3IyQ2MiQyNjEyMjIjODEjJDEjJDYjJDgz,작업치료사
JDQ4MTYyMiM1MSMkMSMkMCMkOTkkMzgxOTYxIzExIyQxIyQ3IyQ2MiQyNjEyMjIjODEjJDEjJDYjJDgz,사회복지사
JDQ4MTYyMiM1MSMkMSMkMCMkOTkkMzgxOTYxIzExIyQxIyQ3IyQ2MiQzNjE0ODEjNjEjJDEjJDQjJDgz,약사
JDQ4MTYyMiM1MSMkMSMkMCMkOTkkMzgxOTYxIzExIyQxIyQ3IyQ2MiQzNjE0ODEjNjEjJDEjJDQjJDgz,물리치료사
JDQ4MTYyMiM1MSMkMSMkMCMkOTkkMzgxOTYxIzExIyQxIyQzIyQ4MiQyNjEyMjIjNzEjJDEjJDgjJDgz,약사
JDQ4MTYyMiM1MSMkMSMkMCMkOTkkMzgxOTYxIzExIyQxIyQzIyQ4MiQyNjEyMjIjNzEjJDEjJDgjJDgz,물리치료사
JDQ4MTYyMiM1MSMkMSMkMCMkOTkkMzgxOTYxIzExIyQxIyQzIyQ4OSQyNjEyMjIjNDEjJDEjJDgjJDgz,물리치료사
JDQ4MTYyMiM1MSMkMSMkMCMkOTkkMzgxOTYxIzExIyQxIyQzIyQwMyQyNjE0ODEjNjEjJDEjJDQjJDgz,약사
JDQ4MTYyMiM1MSMkMSMkMCMkOTkkMzgxOTYxIzExIyQxIyQzIyQwMyQyNjE0ODEjNjEjJDEjJDQjJDgz,물리치료사
JDQ4MTYyMiM1MSMkMSMkMCMkOTkkMzgxOTYxIzIxIyQxIyQxIyQ3MiQ0NjE0ODEjNDEjJDEjJDgjJDgz,약사
JDQ4MTYyMiM1MSMkMSMkMCMkOTkkMzgxOTYxIzIxIyQxIyQxIyQ3MiQ0NjE0ODEjNDEjJDEjJDgjJDgz,물리치료사
JDQ4MTYyMiM1MSMkMSMkMCMkOTkkMzgxOTYxIzIxIyQxIyQxIyQ3MiQ0NjEwMDIjNDEjJDEjJDQjJDgz,약사
JDQ4MTYyMiM1MSMkMSMkMCMkOTkkMzgxOTYxIzIxIyQxIyQxIyQ5OSQyNjE4MzIjODEjJDEjJDYjJDgz,물리치료사
JDQ4MTYyMiM1MSMkMSMkMCMkOTkkMzgxOTYxIzIxIyQyIyQxIyQwMCQ0NjE0ODEjNzEjJDEjJDgjJDgz,물리치료사
JDQ4MTYyMiM1MSMkMSMkMCMkOTkkNTgxMzUxIzExIyQxIyQzIyQ3MiQyNjE0ODEjNDEjJDEjJDgjJDgz,약사
JDQ4MTYyMiM1MSMkMSMkMCMkOTkkNTgxMzUxIzExIyQxIyQzIyQ3MiQyNjE0ODEjNDEjJDEjJDgjJDgz,물리치료사
JDQ4MTYyMiM1MSMkMSMkMCMkOTkkNTgxMzUxIzExIyQxIyQzIyQ3MiQyNjE0ODEjNDEjJDEjJDgjJDgz,작업치료사
JDQ4MTYyMiM1MSMkMSMkMCMkOTkkNTgxMzUxIzExIyQxIyQzIyQ3MiQyNjE0ODEjNDEjJDEjJDgjJDgz,사회복지사
JDQ4MTYyMiM1MSMkMSMkMCMkOTkkNTgxMzUxIzIxIyQxIyQ1IyQ4OSQzNjE0ODEjNjEjJDEjJDAjJDgz,물리치료사
JDQ4MTYyMiM1MSMkMSMkMCMkOTkkNTgxMzUxIzIxIyQxIyQ5IyQ5MiQzNjE4MzIjODEjJDEjJDYjJDgz,약사
JDQ4MTYyMiM1MSMkMSMkMCMkOTkkNTgxMzUxIzIxIyQxIyQ5IyQ5MiQzNjE4MzIjODEjJDEjJDYjJDgz,물리치료사
JDQ4MTYyMiM1MSMkMSMkMCMkOTkkNTgxMzUxIzIxIyQxIyQ5IyQ5MiQzNjE4MzIjODEjJDEjJDYjJDgz,작업치료사
JDQ4MTYyMiM1MSMkMSMkMCMkOTkkNTgxMzUxIzIxIyQxIyQxIyQxMyQ0NjEwMDIjNzEjJDEjJDgjJDgz,약사
JDQ4MTYyMiM1MSMkMSMkMCMkOTkkNTgxMzUxIzIxIyQxIyQxIyQxMyQ0NjEwMDIjNzEjJDEjJDgjJDgz,물리치료사
JDQ4MTYyMiM1MSMkMSMkMCMkOTkkNTgxMzUxIzIxIyQxIyQxIyQxMyQ0NjEwMDIjNzEjJDEjJDgjJDgz,사회복지사
JDQ4MTYyMiM1MSMkMSMkMCMkOTkkNTgxMzUxIzMxIyQxIyQ3IyQ3MiQ0NjE0ODEjNjEjJDEjJDQjJDgz,약사
JDQ4MTYyMiM1MSMkMSMkMCMkOTkkNTgxMzUxIzMxIyQxIyQ3IyQ3MiQ0NjE0ODEjNjEjJDEjJDQjJDgz,물리치료사
JDQ4MTYyMiM1MSMkMSMkMCMkOTkkNTgxMzUxIzMxIyQxIyQ3IyQ3MiQ0NjE0ODEjNjEjJDEjJDQjJDgz,작업치료사
JDQ4MTYyMiM1MSMkMSMkMCMkOTkkNTgxMzUxIzMxIyQxIyQ3IyQ3MiQ0NjE0ODEjNjEjJDEjJDQjJDgz,사회복지사
JDQ4MTYyMiM1MSMkMSMkMCMkOTkkNTgxMzUxIzMxIyQxIyQ3IyQ3MiQzNjEwMDIjNDEjJDEjJDgjJDgz,물리치료사
JDQ4MTYyMiM1MSMkMSMkMCMkOTkkNTgxMzUxIzMxIyQxIyQ3IyQ3MiQzNjEwMDIjNDEjJDEjJDgjJDgz,사회복지사
JDQ4MTYyMiM1MSMkMSMkMCMkOTkkNTgxMzUxIzMxIyQxIyQ3IyQ5OSQ0NjEwMDIjNDEjJDEjJDgjJDgz,약사
JDQ4MTYyMiM1MSMkMSMkMCMkOTkkNTgxMzUxIzMxIyQxIyQ3IyQ5OSQ0NjEwMDIjNDEjJDEjJDgjJDgz,물리치료사
JDQ4MTYyMiM1MSMkMSMkMCMkOTkkNTgxMzUxIzMxIyQxIyQ3IyQ5OSQ0NjEwMDIjNDEjJDEjJDgjJDgz,작업치료사
JDQ4MTYyMiM1MSMkMSMkMCMkOTkkNTgxMzUxIzMxIyQxIyQ3IyQ5OSQ0NjEwMDIjNDEjJDEjJDgjJDgz,사회복지사
JDQ4MTYyMiM1MSMkMSMkMCMkOTkkNTgxMzUxIzMxIyQxIyQzIyQ5OSQyNjE4MzIjNjEjJDEjJDgjJDgz,약사
JDQ4MTYyMiM1MSMkMSMkMCMkOTkkNTgxMzUxIzMxIyQxIyQzIyQ5OSQyNjE4MzIjNjEjJDEjJDgjJDgz,물리치료사
JDQ4MTYyMiM1MSMkMSMkMCMkOTkkNTgxMzUxIzMxIyQxIyQzIyQ5OSQyNjE4MzIjNjEjJDEjJDgjJDgz,작업치료사
JDQ4MTYyMiM1MSMkMSMkMCMkOTkkNTgxMzUxIzMxIyQxIyQzIyQ5OSQyNjE4MzIjNjEjJDEjJDgjJDgz,사회복지사
JDQ4MTYyMiM1MSMkMSMkMCMkOTkkNTgxMzUxIzQxIyQxIyQ3IyQ3MiQyNjE4MzIjNDEjJDEjJDgjJDgz,약사
JDQ4MTYyMiM1MSMkMSMkMCMkOTkkNTgxMzUxIzQxIyQxIyQ3IyQ3MiQyNjE4MzIjNDEjJDEjJDgjJDgz,작업치료사
JDQ4MTYyMiM1MSMkMSMkMCMkOTkkNTgxMzUxIzQxIyQxIyQ3IyQ3MiQyNjE4MzIjNDEjJDEjJDgjJDgz,사회복지사
JDQ4MTYyMiM1MSMkMSMkMCMkOTkkNTgxMzUxIzUxIyQxIyQ1IyQ3MiQyNjE4MzIjNTEjJDEjJDYjJDgz,물리치료사
JDQ4MTYyMiM1MSMkMSMkMCMkOTkkNTgxMzUxIzUxIyQxIyQ1IyQ3MiQyNjE4MzIjNTEjJDEjJDYjJDgz,작업치료사
JDQ4MTYyMiM1MSMkMSMkMCMkOTkkNTgxMzUxIzUxIyQxIyQ1IyQ3MiQyNjE4MzIjNTEjJDEjJDYjJDgz,사회복지사
JDQ4MTYyMiM1MSMkMSMkMCMkOTkkNTgxMzUxIzUxIyQxIyQ1IyQ3OSQyNjE0ODEjNTEjJDEjJDIjJDgz,물리치료사
JDQ4MTYyMiM1MSMkMSMkMCMkOTkkNTgxMzUxIzUxIyQxIyQ1IyQ3OSQyNjE0ODEjNTEjJDEjJDIjJDgz,작업치료사
JDQ4MTYyMiM1MSMkMSMkMCMkOTkkNTgxMzUxIzUxIyQxIyQ1IyQ3OSQyNjE0ODEjNTEjJDEjJDIjJDgz,사회복지사
JDQ4MTYyMiM1MSMkMSMkMCMkOTkkNTgxMzUxIzUxIyQxIyQ1IyQ3OSQyNjEwMDIjNDEjJDEjJDgjJDgz,약사
JDQ4MTYyMiM1MSMkMSMkMCMkOTkkNTgxMzUxIzUxIyQxIyQ1IyQ3OSQyNjEwMDIjNDEjJDEjJDgjJDgz,물리치료사
JDQ4MTYyMiM1MSMkMSMkMCMkOTkkNTgxMzUxIzUxIyQxIyQ1IyQ3OSQyNjEwMDIjNDEjJDEjJDgjJDgz,작업치료사
JDQ4MTYyMiM1MSMkMSMkMCMkOTkkNTgxMzUxIzUxIyQxIyQ1IyQ3OSQyNjEwMDIjNDEjJDEjJDgjJDgz,사회복지사
JDQ4MTYyMiM1MSMkMSMkMCMkOTkkNTgxMzUxIzUxIyQxIyQxIyQ3OSQ0NjE0ODEjNDEjJDEjJDgjJDgz,약사
JDQ4MTYyMiM1MSMkMSMkMCMkOTkkNTgxMzUxIzUxIyQxIyQxIyQ3OSQ0NjE0ODEjNDEjJDEjJDgjJDgz,물리치료사
JDQ4MTYyMiM1MSMkMSMkMCMkOTkkNTgxMzUxIzUxIyQxIyQxIyQ3OSQ0NjE0ODEjNDEjJDEjJDgjJDgz,작업치료사
JDQ4MTYyMiM1MSMkMSMkMCMkOTkkNTgxMzUxIzUxIyQxIyQxIyQ3OSQ0NjE0ODEjNDEjJDEjJDgjJDgz,사회복지사
JDQ4MTYyMiM1MSMkMSMkMCMkOTkkNTgxMzUxIzUxIyQxIyQxIyQwMyQyNjE4MzIjODEjJDEjJDYjJDgz,약사
JDQ4MTYyMiM1MSMkMSMkMCMkOTkkNTgxMzUxIzUxIyQxIyQxIyQwMyQyNjE4MzIjODEjJDEjJDYjJDgz,물리치료사
JDQ4MTYyMiM1MSMkMSMkMCMkOTkkNTgxMzUxIzUxIyQxIyQxIyQwMyQyNjE4MzIjODEjJDEjJDYjJDgz,사회복지사
JDQ4MTYyMiM1MSMkMSMkMCMkOTkkNTgxMzUxIzUxIyQxIyQxIyQxMyQyNjE4MzIjNjEjJDEjJDgjJDgz,물리치료사
JDQ4MTYyMiM1MSMkMSMkMCMkOTkkNTgxMzUxIzUxIyQxIyQxIyQxMyQyNjE4MzIjNjEjJDEjJDgjJDgz,사회복지사
JDQ4MTYyMiM1MSMkMiMkMCMkMDAkMzgxMTkxIzMxIyQyIyQ3IyQwMCQzNjE4MzIjNjEjJDEjJDAjJDgz,물리치료사
JDQ4MTYyMiM1MSMkMiMkMCMkMDAkMzgxMTkxIzUxIyQxIyQxIyQ3OSQzNjEwMDIjODEjJDEjJDYjJDgz,물리치료사
JDQ4MTYyMiM1MSMkMiMkMCMkMDAkMzgxMTkxIzUxIyQxIyQxIyQ5OSQyNjE4MzIjNzEjJDEjJDgjJDgz,물리치료사
JDQ4MTYyMiM1MSMkMiMkMCMkMDAkMzgxNzAyIzExIyQxIyQ3IyQwMyQzNjEyMjIjNjEjJDEjJDgjJDgz,물리치료사
JDQ4MTYyMiM1MSMkMiMkMCMkMDAkMzgxNzAyIzIxIyQxIyQ5IyQ4OSQzNjE0ODEjODEjJDEjJDIjJDgz,물리치료사
JDQ4MTYyMiM1MSMkMiMkMCMkMDAkNDgxMTkxIzMxIyQxIyQzIyQ4MiQyNjE0ODEjNjEjJDEjJDAjJDgz,사회복지사
JDQ4MTYyMiM1MSMkMiMkMCMkMDAkNDgxMTkxIzQxIyQxIyQ3IyQ3MiQzNjE0ODEjNTEjJDEjJDIjJDgz,물리치료사
JDQ4MTYyMiM1MSMkMiMkMCMkMDAkNDgxMTkxIzUxIyQxIyQ1IyQ2MiQyNjEyMjIjNDEjJDEjJDgjJDgz,물리치료사
JDQ4MTYyMiM1MSMkMiMkMCMkMDAkNDgxMTkxIzUxIyQxIyQ1IyQ3OSQyNjE0ODEjNjEjJDEjJDgjJDgz,물리치료사
JDQ4MTYyMiM1MSMkMiMkMCMkMDAkNDgxMTkxIzUxIyQxIyQxIyQ4MiQyNjEwMDIjNDEjJDEjJDgjJDgz,물리치료사
JDQ4MTYyMiM1MSMkMiMkMCMkMDAkNDgxMTkxIzUxIyQxIyQxIyQwMyQ0NjE0ODEjNTEjJDEjJDYjJDgz,물리치료사
JDQ4MTYyMiM1MSMkMiMkMCMkMDAkNDgxMzUxIzIxIyQxIyQxIyQ3OSQ0NjE0ODEjNjEjJDEjJDgjJDgz,물리치료사
JDQ4MTYyMiM1MSMkMiMkMCMkMDAkNDgxMzUxIzQxIyQyIyQ3IyQwMCQzNjEwMDIjNjEjJDEjJDQjJDgz,물리치료사
JDQ4MTYyMiM1MSMkMiMkMCMkMDAkNDgxNzAyIzIxIyQxIyQ5IyQwMyQyNjE4MzIjNTEjJDEjJDIjJDgz,물리치료사
JDQ4MTYyMiM1MSMkMiMkMCMkMDAkNDgxNzAyIzIxIyQxIyQxIyQ4OSQyNjEwMDIjNTEjJDEjJDIjJDgz,물리치료사
JDQ4MTYyMiM1MSMkMiMkMCMkMDAkNDgxOTYxIzExIyQyIyQzIyQwMCQyNjE4MzIjNDEjJDEjJDQjJDgz,물리치료사
JDQ4MTYyMiM1MSMkMiMkMCMkMDAkNDgxOTYxIzIxIyQxIyQ1IyQ5OSQyNjEyMjIjNTEjJDEjJDYjJDgz,물리치료사
JDQ4MTYyMiM1MSMkMiMkMCMkMDAkNDgxOTYxIzIxIyQxIyQ5IyQ4OSQyNjE4MzIjNDEjJDEjJDgjJDgz,물리치료사
JDQ4MTYyMiM1MSMkMiMkMCMkMDAkNDgxOTYxIzIxIyQyIyQ1IyQwMCQyNjE4MzIjODEjJDEjJDYjJDgz,물리치료사
JDQ4MTYyMiM1MSMkMiMkMCMkMDAkNDgxOTYxIzMxIyQxIyQ3IyQ2MiQzNjE4MzIjODEjJDEjJDIjJDgz,물리치료사
JDQ4MTYyMiM1MSMkMiMkMCMkMDAkNDgxOTYxIzMxIyQyIyQzIyQwMCQyNjE0ODEjNzEjJDEjJDgjJDgz,물리치료사
JDQ4MTYyMiM1MSMkMiMkMCMkMDAkNDgxOTYxIzQxIyQxIyQ3IyQwMyQzNjE0ODEjODEjJDEjJDYjJDgz,물리치료사
JDQ4MTYyMiM1MSMkMiMkMCMkMDAkNDgxOTYxIzUxIyQxIyQ1IyQ5OSQzNjE0ODEjODEjJDEjJDIjJDgz,물리치료사
JDQ4MTYyMiM1MSMkMiMkMCMkMDAkNTgxMzUxIzExIyQxIyQ3IyQ2MiQzNjEyMjIjNjEjJDEjJDAjJDgz,물리치료사
JDQ4MTYyMiM1MSMkMiMkMCMkMDAkNTgxMzUxIzExIyQxIyQzIyQxMyQyNjEyMjIjNDEjJDEjJDgjJDgz,물리치료사
JDQ4MTYyMiM1MSMkMiMkMCMkMDAkNTgxMzUxIzMxIyQxIyQzIyQ4MiQzNjE0ODEjODEjJDEjJDIjJDgz,물리치료사
JDQ4MTYyMiM1MSMkMiMkMCMkMDAkNTgxMzUxIzMxIyQxIyQzIyQ4OSQzNjEwMDIjNDEjJDEjJDQjJDgz,물리치료사
JDQ4MTYyMiM1MSMkMiMkMCMkMDAkNTgxMzUxIzUxIyQxIyQ1IyQ5OSQ0NjEwMDIjNjEjJDEjJDQjJDgz,물리치료사
JDQ4MTYyMiM1MSMkMiMkMCMkMDAkNTgxMzUxIzUxIyQyIyQ1IyQwMCQyNjEyMjIjNjEjJDEjJDQjJDgz,물리치료사
JDQ4MTYyMiM1MSMkMiMkMCMkMDAkNTgxOTYxIzExIyQxIyQ3IyQ2MiQzNjE4MzIjODEjJDEjJDIjJDgz,물리치료사
JDQ4MTYyMiM1MSMkMiMkMCMkMDAkNTgxOTYxIzExIyQxIyQ3IyQ4MiQzNjE0ODEjODEjJDEjJDIjJDgz,물리치료사
JDQ4MTYyMiM1MSMkMiMkMCMkMDAkNTgxOTYxIzIxIyQxIyQ1IyQwMyQyNjEwMDIjNDEjJDEjJDgjJDgz,물리치료사
JDQ4MTYyMiM1MSMkMiMkMCMkMDAkNTgxOTYxIzMxIyQxIyQ3IyQxMyQyNjE0ODEjODEjJDEjJDYjJDgz,물리치료사
JDQ4MTYyMiM1MSMkMiMkMCMkMDAkNTgxOTYxIzQxIyQyIyQ3IyQwMCQzNjE4MzIjODEjJDEjJDYjJDgz,물리치료사
JDQ4MTYyMiM1MSMkMiMkMCMkMDAkNTgxOTYxIzUxIyQxIyQxIyQ2MiQzNjE0ODEjODEjJDEjJDIjJDgz,물리치료사
JDQ4MTYyMiM1MSMkMiMkMCMkMDAkNTgxOTYxIzUxIyQxIyQxIyQ3MiQzNjE4MzIjNDEjJDEjJDQjJDgz,물리치료사
JDQ4MTYyMiM1MSMkMiMkMCMkMDAkNTgxOTYxIzUxIyQyIyQxIyQwMCQyNjEwMDIjNjEjJDEjJDgjJDgz,물리치료사
JDU4MTI3MSM1MSMkMSMkMCMkMTMkMzgxNzAyIzUxIyQxIyQ1IyQxMyQ0NjE0ODEjNDEjJDEjJDgjJDgz,한약사
JDU4MTI3MSM1MSMkMSMkMCMkMTMkNDgxOTYxIzIxIyQxIyQ1IyQ3OSQyNjEyMjIjODEjJDEjJDYjJDgz,한약사
JDU4MTI3MSM1MSMkMSMkMCMkOTkkNTgxMzUxIzExIyQxIyQzIyQ3OSQzNjE0ODEjNDEjJDEjJDgjJDgz,약사
JDU4MTI3MSM1MSMkMSMkMCMkOTkkNTgxMzUxIzExIyQxIyQzIyQ3OSQzNjE0ODEjNDEjJDEjJDgjJDgz,물리치료사
JDU4MTI3MSM1MSMkMSMkMCMkOTkkNTgxMzUxIzExIyQxIyQzIyQ3OSQzNjE0ODEjNDEjJDEjJDgjJDgz,작업치료사
JDU4MTI3MSM1MSMkMSMkMCMkOTkkNTgxMzUxIzExIyQxIyQzIyQ3OSQzNjE0ODEjNDEjJDEjJDgjJDgz,사회복지사
JDU4MTI3MSM1MSMkMiMkMCMkMDAkMzgxMTkxIzExIyQxIyQ3IyQ4MiQyNjE0ODEjNDEjJDEjJDQjJDgz,물리치료사
JDU4MTI3MSM1MSMkMiMkMCMkMDAkMzgxMTkxIzMxIyQxIyQ3IyQwMyQyNjE0ODEjNjEjJDEjJDgjJDgz,물리치료사
JDU4MTI3MSM1MSMkMiMkMCMkMDAkMzgxMTkxIzMxIyQxIyQzIyQ2MiQzNjE4MzIjODEjJDEjJDIjJDgz,물리치료사
JDU4MTI3MSM1MSMkMiMkMCMkMDAkMzgxMTkxIzUxIyQxIyQ1IyQ4MiQzNjE4MzIjODEjJDEjJDIjJDgz,물리치료사
JDU4MTI3MSM1MSMkMiMkMCMkMDAkMzgxMzUxIzIxIyQxIyQ5IyQ3MiQzNjE0ODEjNTEjJDEjJDYjJDgz,물리치료사
JDU4MTI3MSM1MSMkMiMkMCMkMDAkMzgxMzUxIzIxIyQxIyQxIyQ3OSQyNjEyMjIjODEjJDEjJDIjJDgz,물리치료사
JDU4MTI3MSM1MSMkMiMkMCMkMDAkMzgxMzUxIzIxIyQxIyQxIyQ4MiQ0NjEwMDIjODEjJDEjJDYjJDgz,물리치료사
JDU4MTI3MSM1MSMkMiMkMCMkMDAkMzgxMzUxIzIxIyQyIyQ1IyQwMCQ0NjEwMDIjNTEjJDEjJDYjJDgz,물리치료사
JDU4MTI3MSM1MSMkMiMkMCMkMDAkMzgxMzUxIzIxIyQyIyQxIyQwMCQzNjE4MzIjNDEjJDEjJDgjJDgz,물리치료사
JDU4MTI3MSM1MSMkMiMkMCMkMDAkMzgxMzUxIzMxIyQxIyQzIyQ4MiQyNjE4MzIjODEjJDEjJDYjJDgz,물리치료사
JDU4MTI3MSM1MSMkMiMkMCMkMDAkMzgxMzUxIzMxIyQxIyQzIyQ5OSQ0NjE0ODEjNDEjJDEjJDgjJDgz,물리치료사
JDU4MTI3MSM1MSMkMiMkMCMkMDAkMzgxMzUxIzMxIyQyIyQzIyQwMCQzNjEwMDIjNTEjJDEjJDYjJDgz,물리치료사
JDU4MTI3MSM1MSMkMiMkMCMkMDAkMzgxMzUxIzQxIyQyIyQ3IyQwMCQyNjE0ODEjNjEjJDEjJDQjJDgz,물리치료사
JDU4MTI3MSM1MSMkMiMkMCMkMDAkMzgxMzUxIzUxIyQxIyQ1IyQ2MiQyNjE0ODEjNjEjJDEjJDQjJDgz,물리치료사
JDU4MTI3MSM1MSMkMiMkMCMkMDAkMzgxMzUxIzUxIyQxIyQ1IyQ3MiQyNjE4MzIjNzEjJDEjJDgjJDgz,물리치료사
JDU4MTI3MSM1MSMkMiMkMCMkMDAkMzgxNzAyIzIxIyQxIyQ5IyQ4OSQ0NjE0ODEjNTEjJDEjJDYjJDgz,물리치료사
JDU4MTI3MSM1MSMkMiMkMCMkMDAkMzgxNzAyIzIxIyQxIyQ5IyQxMyQ0NjEwMDIjNDEjJDEjJDQjJDgz,물리치료사
JDU4MTI3MSM1MSMkMiMkMCMkMDAkMzgxNzAyIzIxIyQxIyQxIyQ4MiQzNjE4MzIjODEjJDEjJDYjJDgz,사회복지사
JDU4MTI3MSM1MSMkMiMkMCMkMDAkMzgxOTYxIzExIyQxIyQzIyQxMyQzNjE0ODEjNTEjJDEjJDIjJDgz,물리치료사
JDU4MTI3MSM1MSMkMiMkMCMkMDAkMzgxOTYxIzIxIyQxIyQ1IyQ3MiQ0NjE0ODEjNjEjJDEjJDQjJDgz,물리치료사
JDU4MTI3MSM1MSMkMiMkMCMkMDAkMzgxOTYxIzQxIyQxIyQ3IyQ4OSQzNjE4MzIjNTEjJDEjJDYjJDgz,물리치료사
JDU4MTI3MSM1MSMkMiMkMCMkMDAkMzgxOTYxIzUxIyQxIyQxIyQ5MiQyNjEwMDIjNjEjJDEjJDAjJDgz,사회복지사
JDU4MTI3MSM1MSMkMiMkMCMkMDAkMzgxOTYxIzUxIyQxIyQxIyQwMyQyNjE4MzIjODEjJDEjJDIjJDgz,물리치료사
JDU4MTI3MSM1MSMkMiMkMCMkMDAkNDgxMTkxIzExIyQxIyQ3IyQ3OSQzNjEwMDIjODEjJDEjJDYjJDgz,물리치료사
JDU4MTI3MSM1MSMkMiMkMCMkMDAkNDgxMTkxIzExIyQxIyQ3IyQ5MiQzNjE4MzIjNjEjJDEjJDgjJDgz,물리치료사
JDU4MTI3MSM1MSMkMiMkMCMkMDAkNDgxMTkxIzExIyQyIyQ3IyQwMCQzNjE0ODEjNTEjJDEjJDIjJDgz,물리치료사
JDU4MTI3MSM1MSMkMiMkMCMkMDAkNDgxMTkxIzIxIyQxIyQ1IyQ2MiQzNjE4MzIjNzEjJDEjJDgjJDgz,물리치료사
JDU4MTI3MSM1MSMkMiMkMCMkMDAkNDgxMTkxIzIxIyQxIyQ1IyQ2MiQzNjEyMjIjODEjJDEjJDYjJDgz,물리치료사
JDU4MTI3MSM1MSMkMiMkMCMkMDAkNDgxMTkxIzIxIyQxIyQ5IyQ3OSQ0NjE0ODEjNTEjJDEjJDIjJDgz,물리치료사
JDU4MTI3MSM1MSMkMiMkMCMkMDAkNDgxMTkxIzIxIyQxIyQ5IyQxMyQ0NjE0ODEjODEjJDEjJDIjJDgz,물리치료사
JDU4MTI3MSM1MSMkMiMkMCMkMDAkNDgxMTkxIzIxIyQxIyQxIyQ5OSQyNjE0ODEjODEjJDEjJDYjJDgz,물리치료사
JDU4MTI3MSM1MSMkMiMkMCMkMDAkNDgxMTkxIzIxIyQxIyQxIyQ5OSQzNjEwMDIjNDEjJDEjJDQjJDgz,물리치료사
JDU4MTI3MSM1MSMkMiMkMCMkMDAkNDgxMTkxIzMxIyQxIyQ3IyQ3OSQzNjEyMjIjODEjJDEjJDYjJDgz,물리치료사
JDU4MTI3MSM1MSMkMiMkMCMkMDAkNDgxMTkxIzMxIyQxIyQ3IyQ5OSQyNjEwMDIjNTEjJDEjJDIjJDgz,물리치료사
JDU4MTI3MSM1MSMkMiMkMCMkMDAkNDgxMTkxIzMxIyQxIyQ3IyQ5OSQzNjE0ODEjNzEjJDEjJDgjJDgz,물리치료사
JDU4MTI3MSM1MSMkMiMkMCMkMDAkNDgxMTkxIzMxIyQxIyQzIyQ5OSQzNjE0ODEjNDEjJDEjJDgjJDgz,물리치료사
JDU4MTI3MSM1MSMkMiMkMCMkMDAkNDgxMTkxIzMxIyQxIyQzIyQwMyQ0NjE0ODEjNzEjJDEjJDgjJDgz,물리치료사
JDU4MTI3MSM1MSMkMiMkMCMkMDAkNDgxMTkxIzMxIyQxIyQzIyQwMyQzNjEwMDIjNTEjJDEjJDIjJDgz,물리치료사
JDU4MTI3MSM1MSMkMiMkMCMkMDAkNDgxMTkxIzMxIyQxIyQzIyQxMyQzNjE4MzIjNjEjJDEjJDgjJDgz,물리치료사
JDU4MTI3MSM1MSMkMiMkMCMkMDAkNDgxMTkxIzMxIyQxIyQzIyQxMyQzNjEwMDIjNDEjJDEjJDQjJDgz,물리치료사
JDU4MTI3MSM1MSMkMiMkMCMkMDAkNDgxMTkxIzQxIyQxIyQ3IyQ5MiQzNjE4MzIjNjEjJDEjJDAjJDgz,물리치료사
JDU4MTI3MSM1MSMkMiMkMCMkMDAkNDgxMTkxIzQxIyQyIyQ3IyQwMCQzNjE0ODEjNDEjJDEjJDgjJDgz,물리치료사
JDU4MTI3MSM1MSMkMiMkMCMkMDAkNDgxMTkxIzUxIyQxIyQ1IyQ4OSQzNjE0ODEjODEjJDEjJDYjJDgz,물리치료사
JDU4MTI3MSM1MSMkMiMkMCMkMDAkNDgxMTkxIzUxIyQxIyQ1IyQ5MiQzNjEwMDIjNDEjJDEjJDgjJDgz,물리치료사
JDU4MTI3MSM1MSMkMiMkMCMkMDAkNDgxMTkxIzUxIyQxIyQ1IyQwMyQ0NjE0ODEjNTEjJDEjJDIjJDgz,물리치료사
JDU4MTI3MSM1MSMkMiMkMCMkMDAkNDgxMTkxIzUxIyQxIyQ1IyQwMyQzNjEyMjIjNjEjJDEjJDgjJDgz,물리치료사
JDU4MTI3MSM1MSMkMiMkMCMkMDAkNDgxMzUxIzExIyQxIyQ3IyQ4OSQyNjEyMjIjNDEjJDEjJDgjJDgz,물리치료사
JDU4MTI3MSM1MSMkMiMkMCMkMDAkNDgxMzUxIzExIyQxIyQ3IyQ5OSQzNjEyMjIjNDEjJDEjJDgjJDgz,물리치료사
JDU4MTI3MSM1MSMkMiMkMCMkMDAkNDgxMzUxIzExIyQxIyQzIyQ2MiQyNjEyMjIjNjEjJDEjJDgjJDgz,물리치료사
JDU4MTI3MSM1MSMkMiMkMCMkMDAkNDgxMzUxIzIxIyQxIyQ1IyQ4MiQzNjE0ODEjNjEjJDEjJDgjJDgz,물리치료사
JDU4MTI3MSM1MSMkMiMkMCMkMDAkNDgxMzUxIzIxIyQxIyQxIyQ5OSQzNjE4MzIjNjEjJDEjJDQjJDgz,물리치료사
JDU4MTI3MSM1MSMkMiMkMCMkMDAkNDgxMzUxIzMxIyQxIyQzIyQ2MiQzNjEyMjIjNDEjJDEjJDgjJDgz,물리치료사
JDU4MTI3MSM1MSMkMiMkMCMkMDAkNDgxMzUxIzMxIyQxIyQzIyQ3OSQyNjE4MzIjNzEjJDEjJDgjJDgz,물리치료사
JDU4MTI3MSM1MSMkMiMkMCMkMDAkNDgxMzUxIzMxIyQxIyQzIyQ5OSQzNjE0ODEjNDEjJDEjJDQjJDgz,물리치료사
JDU4MTI3MSM1MSMkMiMkMCMkMDAkNDgxMzUxIzQxIyQxIyQ3IyQxMyQ0NjE0ODEjNjEjJDEjJDgjJDgz,물리치료사
JDU4MTI3MSM1MSMkMiMkMCMkMDAkNDgxMzUxIzUxIyQxIyQ1IyQ4MiQzNjEyMjIjNDEjJDEjJDgjJDgz,물리치료사
JDU4MTI3MSM1MSMkMiMkMCMkMDAkNDgxMzUxIzUxIyQxIyQ1IyQ5OSQyNjE0ODEjNTEjJDEjJDIjJDgz,물리치료사
JDU4MTI3MSM1MSMkMiMkMCMkMDAkNDgxMzUxIzUxIyQxIyQ1IyQwMyQyNjEyMjIjNTEjJDEjJDIjJDgz,물리치료사
JDU4MTI3MSM1MSMkMiMkMCMkMDAkNDgxMzUxIzUxIyQxIyQ1IyQxMyQ0NjE0ODEjODEjJDEjJDYjJDgz,물리치료사
JDU4MTI3MSM1MSMkMiMkMCMkMDAkNDgxNzAyIzExIyQxIyQzIyQ5MiQzNjEyMjIjNzEjJDEjJDgjJDgz,물리치료사
JDU4MTI3MSM1MSMkMiMkMCMkMDAkNDgxNzAyIzExIyQxIyQzIyQ5MiQzNjEyMjIjNzEjJDEjJDgjJDgz,작업치료사
JDU4MTI3MSM1MSMkMiMkMCMkMDAkNDgxNzAyIzExIyQxIyQzIyQ5MiQzNjEyMjIjNzEjJDEjJDgjJDgz,사회복지사
JDU4MTI3MSM1MSMkMiMkMCMkMDAkNDgxNzAyIzIxIyQxIyQ1IyQ2MiQyNjE0ODEjNjEjJDEjJDQjJDgz,물리치료사
JDU4MTI3MSM1MSMkMiMkMCMkMDAkNDgxNzAyIzIxIyQxIyQ1IyQ4MiQ0NjE0ODEjNjEjJDEjJDQjJDgz,물리치료사
JDU4MTI3MSM1MSMkMiMkMCMkMDAkNDgxNzAyIzIxIyQxIyQ5IyQ2MiQzNjE0ODEjNjEjJDEjJDAjJDgz,물리치료사
JDU4MTI3MSM1MSMkMiMkMCMkMDAkNDgxNzAyIzIxIyQxIyQxIyQ4MiQzNjE0ODEjNjEjJDEjJDgjJDgz,물리치료사
JDU4MTI3MSM1MSMkMiMkMCMkMDAkNDgxNzAyIzIxIyQxIyQxIyQ4MiQzNjE4MzIjNDEjJDEjJDgjJDgz,물리치료사
JDU4MTI3MSM1MSMkMiMkMCMkMDAkNDgxNzAyIzMxIyQxIyQ3IyQ2MiQzNjEyMjIjNTEjJDEjJDYjJDgz,물리치료사
JDU4MTI3MSM1MSMkMiMkMCMkMDAkNDgxNzAyIzMxIyQxIyQ3IyQ3OSQzNjEwMDIjNjEjJDEjJDgjJDgz,물리치료사
JDU4MTI3MSM1MSMkMiMkMCMkMDAkNDgxNzAyIzMxIyQxIyQzIyQ3MiQyNjE0ODEjNjEjJDEjJDQjJDgz,물리치료사
JDU4MTI3MSM1MSMkMiMkMCMkMDAkNDgxNzAyIzQxIyQxIyQ3IyQ4OSQzNjEwMDIjNDEjJDEjJDQjJDgz,물리치료사
JDU4MTI3MSM1MSMkMiMkMCMkMDAkNDgxNzAyIzQxIyQxIyQ3IyQwMyQ0NjEwMDIjNTEjJDEjJDYjJDgz,물리치료사
JDU4MTI3MSM1MSMkMiMkMCMkMDAkNDgxNzAyIzUxIyQxIyQ1IyQ4OSQzNjE4MzIjODEjJDEjJDYjJDgz,물리치료사
JDU4MTI3MSM1MSMkMiMkMCMkMDAkNDgxNzAyIzUxIyQxIyQ1IyQwMyQ0NjE0ODEjODEjJDEjJDIjJDgz,물리치료사
JDU4MTI3MSM1MSMkMiMkMCMkMDAkNDgxNzAyIzUxIyQyIyQ1IyQwMCQyNjE0ODEjNjEjJDEjJDgjJDgz,물리치료사
JDU4MTI3MSM1MSMkMiMkMCMkMDAkNDgxOTYxIzExIyQxIyQ3IyQ3MiQyNjE0ODEjODEjJDEjJDYjJDgz,물리치료사
JDU4MTI3MSM1MSMkMiMkMCMkMDAkNDgxOTYxIzExIyQxIyQzIyQ3OSQ0NjEwMDIjNDEjJDEjJDQjJDgz,물리치료사
JDU4MTI3MSM1MSMkMiMkMCMkMDAkNDgxOTYxIzExIyQxIyQzIyQ3OSQzNjEyMjIjNjEjJDEjJDQjJDgz,물리치료사
JDU4MTI3MSM1MSMkMiMkMCMkMDAkNDgxOTYxIzIxIyQxIyQ1IyQ5MiQ0NjE0ODEjNDEjJDEjJDgjJDgz,물리치료사
JDU4MTI3MSM1MSMkMiMkMCMkMDAkNDgxOTYxIzIxIyQxIyQ5IyQ3MiQzNjE0ODEjNDEjJDEjJDgjJDgz,물리치료사
JDU4MTI3MSM1MSMkMiMkMCMkMDAkNDgxOTYxIzIxIyQxIyQ5IyQ5OSQ0NjE0ODEjNDEjJDEjJDgjJDgz,물리치료사
JDU4MTI3MSM1MSMkMiMkMCMkMDAkNDgxOTYxIzIxIyQxIyQxIyQ5MiQyNjE0ODEjNDEjJDEjJDQjJDgz,물리치료사
JDU4MTI3MSM1MSMkMiMkMCMkMDAkNDgxOTYxIzIxIyQxIyQxIyQ5OSQzNjE0ODEjNjEjJDEjJDgjJDgz,물리치료사
JDU4MTI3MSM1MSMkMiMkMCMkMDAkNDgxOTYxIzMxIyQxIyQ3IyQ2MiQ0NjE0ODEjODEjJDEjJDYjJDgz,물리치료사
JDU4MTI3MSM1MSMkMiMkMCMkMDAkNDgxOTYxIzMxIyQxIyQzIyQwMyQzNjE4MzIjNTEjJDEjJDYjJDgz,물리치료사
JDU4MTI3MSM1MSMkMiMkMCMkMDAkNDgxOTYxIzQxIyQxIyQ3IyQ2MiQzNjEwMDIjNDEjJDEjJDgjJDgz,물리치료사
JDU4MTI3MSM1MSMkMiMkMCMkMDAkNDgxOTYxIzQxIyQyIyQ3IyQwMCQ0NjE0ODEjODEjJDEjJDIjJDgz,물리치료사
JDU4MTI3MSM1MSMkMiMkMCMkMDAkNDgxOTYxIzUxIyQxIyQ1IyQ3OSQyNjEyMjIjNDEjJDEjJDQjJDgz,물리치료사
JDU4MTI3MSM1MSMkMiMkMCMkMDAkNDgxOTYxIzUxIyQxIyQ1IyQwMyQzNjE0ODEjNjEjJDEjJDAjJDgz,물리치료사
JDU4MTI3MSM1MSMkMiMkMCMkMDAkNDgxOTYxIzUxIyQxIyQxIyQ3OSQzNjEwMDIjODEjJDEjJDIjJDgz,물리치료사
JDU4MTI3MSM1MSMkMiMkMCMkMDAkNDgxOTYxIzUxIyQxIyQxIyQ4MiQyNjEyMjIjNzEjJDEjJDgjJDgz,물리치료사
JDU4MTI3MSM1MSMkMiMkMCMkMDAkNDgxOTYxIzUxIyQxIyQxIyQ5OSQzNjEyMjIjNDEjJDEjJDgjJDgz,물리치료사
JDU4MTI3MSM1MSMkMiMkMCMkMDAkNTgxMzUxIzExIyQxIyQ3IyQ3MiQzNjE4MzIjNTEjJDEjJDIjJDgz,물리치료사
JDU4MTI3MSM1MSMkMiMkMCMkMDAkNTgxMzUxIzExIyQxIyQzIyQ2MiQzNjEwMDIjNTEjJDEjJDIjJDgz,물리치료사
JDU4MTI3MSM1MSMkMiMkMCMkMDAkNTgxMzUxIzExIyQxIyQzIyQ2MiQzNjEyMjIjNDEjJDEjJDgjJDgz,물리치료사
JDU4MTI3MSM1MSMkMiMkMCMkMDAkNTgxMzUxIzExIyQxIyQzIyQ5MiQ0NjE0ODEjODEjJDEjJDYjJDgz,물리치료사
JDU4MTI3MSM1MSMkMiMkMCMkMDAkNTgxMzUxIzExIyQxIyQzIyQwMyQzNjE0ODEjNTEjJDEjJDYjJDgz,물리치료사
JDU4MTI3MSM1MSMkMiMkMCMkMDAkNTgxMzUxIzExIyQyIyQzIyQwMCQyNjEyMjIjNDEjJDEjJDgjJDgz,물리치료사
JDU4MTI3MSM1MSMkMiMkMCMkMDAkNTgxMzUxIzIxIyQxIyQ1IyQ2MiQ0NjEwMDIjNjEjJDEjJDAjJDgz,물리치료사
JDU4MTI3MSM1MSMkMiMkMCMkMDAkNTgxMzUxIzIxIyQxIyQ1IyQ4MiQyNjE4MzIjNDEjJDEjJDQjJDgz,물리치료사
JDU4MTI3MSM1MSMkMiMkMCMkMDAkNTgxMzUxIzIxIyQxIyQ5IyQ4MiQyNjEwMDIjNDEjJDEjJDQjJDgz,물리치료사
JDU4MTI3MSM1MSMkMiMkMCMkMDAkNTgxMzUxIzIxIyQxIyQxIyQ4MiQzNjE0ODEjNDEjJDEjJDgjJDgz,물리치료사
JDU4MTI3MSM1MSMkMiMkMCMkMDAkNTgxMzUxIzIxIyQxIyQxIyQ4MiQzNjEyMjIjODEjJDEjJDIjJDgz,물리치료사
JDU4MTI3MSM1MSMkMiMkMCMkMDAkNTgxMzUxIzIxIyQxIyQxIyQ5OSQyNjE4MzIjNjEjJDEjJDAjJDgz,물리치료사
JDU4MTI3MSM1MSMkMiMkMCMkMDAkNTgxMzUxIzIxIyQxIyQxIyQwMyQzNjE0ODEjNjEjJDEjJDgjJDgz,물리치료사
JDU4MTI3MSM1MSMkMiMkMCMkMDAkNTgxMzUxIzMxIyQxIyQzIyQ2MiQzNjEyMjIjNTEjJDEjJDIjJDgz,물리치료사
JDU4MTI3MSM1MSMkMiMkMCMkMDAkNTgxMzUxIzMxIyQxIyQzIyQ5OSQ0NjEwMDIjNTEjJDEjJDIjJDgz,물리치료사
JDU4MTI3MSM1MSMkMiMkMCMkMDAkNTgxMzUxIzMxIyQxIyQzIyQ5OSQyNjE4MzIjNTEjJDEjJDYjJDgz,물리치료사
JDU4MTI3MSM1MSMkMiMkMCMkMDAkNTgxMzUxIzMxIyQxIyQzIyQwMyQzNjE0ODEjNjEjJDEjJDQjJDgz,물리치료사
JDU4MTI3MSM1MSMkMiMkMCMkMDAkNTgxMzUxIzQxIyQxIyQ3IyQ3OSQzNjE4MzIjNjEjJDEjJDAjJDgz,물리치료사
JDU4MTI3MSM1MSMkMiMkMCMkMDAkNTgxMzUxIzQxIyQxIyQ3IyQ4OSQzNjEwMDIjNjEjJDEjJDQjJDgz,물리치료사
JDU4MTI3MSM1MSMkMiMkMCMkMDAkNTgxMzUxIzQxIyQxIyQ3IyQ5MiQzNjEwMDIjODEjJDEjJDYjJDgz,물리치료사
JDU4MTI3MSM1MSMkMiMkMCMkMDAkNTgxMzUxIzQxIyQxIyQ3IyQ5OSQ0NjE0ODEjNzEjJDEjJDgjJDgz,물리치료사
JDU4MTI3MSM1MSMkMiMkMCMkMDAkNTgxMzUxIzQxIyQxIyQ3IyQxMyQyNjEyMjIjODEjJDEjJDYjJDgz,물리치료사
JDU4MTI3MSM1MSMkMiMkMCMkMDAkNTgxMzUxIzUxIyQxIyQ1IyQ3MiQyNjE0ODEjNjEjJDEjJDgjJDgz,물리치료사
JDU4MTI3MSM1MSMkMiMkMCMkMDAkNTgxMzUxIzUxIyQxIyQ1IyQ3OSQ0NjE0ODEjNjEjJDEjJDQjJDgz,물리치료사
JDU4MTI3MSM1MSMkMiMkMCMkMDAkNTgxMzUxIzUxIyQxIyQ1IyQ4MiQzNjE0ODEjNjEjJDEjJDgjJDgz,물리치료사
JDU4MTI3MSM1MSMkMiMkMCMkMDAkNTgxMzUxIzUxIyQxIyQxIyQ5MiQ0NjE0ODEjNDEjJDEjJDQjJDgz,물리치료사
JDU4MTI3MSM1MSMkMiMkMCMkMDAkNTgxOTYxIzExIyQxIyQ3IyQ4MiQ0NjE0ODEjNTEjJDEjJDYjJDgz,물리치료사
JDU4MTI3MSM1MSMkMiMkMCMkMDAkNTgxOTYxIzExIyQxIyQ3IyQxMyQzNjEwMDIjNDEjJDEjJDgjJDgz,물리치료사
JDU4MTI3MSM1MSMkMiMkMCMkMDAkNTgxOTYxIzExIyQxIyQ3IyQxMyQzNjEyMjIjODEjJDEjJDYjJDgz,물리치료사
JDU4MTI3MSM1MSMkMiMkMCMkMDAkNTgxOTYxIzIxIyQxIyQ1IyQ4MiQyNjE4MzIjNjEjJDEjJDQjJDgz,물리치료사
JDU4MTI3MSM1MSMkMiMkMCMkMDAkNTgxOTYxIzIxIyQxIyQ5IyQ4MiQyNjEyMjIjNTEjJDEjJDYjJDgz,물리치료사
JDU4MTI3MSM1MSMkMiMkMCMkMDAkNTgxOTYxIzIxIyQxIyQ5IyQ5MiQ0NjEwMDIjODEjJDEjJDIjJDgz,물리치료사
JDU4MTI3MSM1MSMkMiMkMCMkMDAkNTgxOTYxIzIxIyQxIyQ5IyQ5OSQyNjE0ODEjODEjJDEjJDIjJDgz,물리치료사
JDU4MTI3MSM1MSMkMiMkMCMkMDAkNTgxOTYxIzIxIyQxIyQxIyQ3MiQzNjE0ODEjNDEjJDEjJDQjJDgz,물리치료사
JDU4MTI3MSM1MSMkMiMkMCMkMDAkNTgxOTYxIzIxIyQxIyQxIyQxMyQyNjEwMDIjNjEjJDEjJDAjJDgz,물리치료사
JDU4MTI3MSM1MSMkMiMkMCMkMDAkNTgxOTYxIzIxIyQxIyQxIyQxMyQyNjEyMjIjNTEjJDEjJDIjJDgz,물리치료사
JDU4MTI3MSM1MSMkMiMkMCMkMDAkNTgxOTYxIzIxIyQyIyQ1IyQwMCQyNjEyMjIjNjEjJDEjJDQjJDgz,물리치료사
JDU4MTI3MSM1MSMkMiMkMCMkMDAkNTgxOTYxIzMxIyQxIyQ3IyQ4OSQ0NjEwMDIjNzEjJDEjJDgjJDgz,물리치료사
JDU4MTI3MSM1MSMkMiMkMCMkMDAkNTgxOTYxIzMxIyQxIyQ3IyQ4OSQzNjEyMjIjNTEjJDEjJDIjJDgz,물리치료사
JDU4MTI3MSM1MSMkMiMkMCMkMDAkNTgxOTYxIzMxIyQxIyQ3IyQ5OSQzNjE4MzIjODEjJDEjJDIjJDgz,물리치료사
JDU4MTI3MSM1MSMkMiMkMCMkMDAkNTgxOTYxIzMxIyQxIyQ3IyQxMyQyNjEyMjIjODEjJDEjJDIjJDgz,물리치료사
JDU4MTI3MSM1MSMkMiMkMCMkMDAkNTgxOTYxIzMxIyQxIyQzIyQ4MiQyNjEwMDIjNDEjJDEjJDgjJDgz,물리치료사
JDU4MTI3MSM1MSMkMiMkMCMkMDAkNTgxOTYxIzMxIyQxIyQzIyQ4MiQyNjEyMjIjNDEjJDEjJDQjJDgz,물리치료사
JDU4MTI3MSM1MSMkMiMkMCMkMDAkNTgxOTYxIzMxIyQxIyQzIyQ5MiQ0NjE0ODEjNjEjJDEjJDgjJDgz,물리치료사
JDU4MTI3MSM1MSMkMiMkMCMkMDAkNTgxOTYxIzMxIyQxIyQzIyQxMyQzNjEwMDIjNjEjJDEjJDgjJDgz,물리치료사
JDU4MTI3MSM1MSMkMiMkMCMkMDAkNTgxOTYxIzMxIyQyIyQ3IyQwMCQzNjEwMDIjODEjJDEjJDYjJDgz,물리치료사
JDU4MTI3MSM1MSMkMiMkMCMkMDAkNTgxOTYxIzMxIyQyIyQzIyQwMCQ0NjEwMDIjNjEjJDEjJDQjJDgz,물리치료사
JDU4MTI3MSM1MSMkMiMkMCMkMDAkNTgxOTYxIzQxIyQxIyQ3IyQ5MiQyNjEwMDIjNDEjJDEjJDgjJDgz,물리치료사
JDU4MTI3MSM1MSMkMiMkMCMkMDAkNTgxOTYxIzQxIyQxIyQ3IyQ5OSQzNjEyMjIjNjEjJDEjJDgjJDgz,사회복지사
