암호화요양기호,유형코드명
JDQ4MTYyMiM1MSMkMiMkMCMkMDAkMzgxNzAyIzExIyQxIyQ3IyQ2MiQ0NjEwMDIjNDEjJDEjJDgjJDgz,영양사
JDQ4MTYyMiM1MSMkMiMkMCMkMDAkMzgxNzAyIzExIyQxIyQ3IyQ2MiQ0NjEwMDIjNDEjJDEjJDgjJDgz,조리사
JDU4MTI3MSM1MSMkMiMkMCMkMDAkNDgxMzUxIzQxIyQxIyQ3IyQxMyQ0NjE0ODEjNjEjJDEjJDgjJDgz,영양사
JDU4MTI3MSM1MSMkMiMkMCMkMDAkNDgxMzUxIzQxIyQxIyQ3IyQxMyQ0NjE0ODEjNjEjJDEjJDgjJDgz,조리사
JDQ4MTYyMiM1MSMkMiMkMCMkMDAkNTgxOTYxIzExIyQxIyQ3IyQ4MiQzNjE0ODEjODEjJDEjJDIjJDgz,영양사
JDQ4MTYyMiM1MSMkMiMkMCMkMDAkNTgxOTYxIzExIyQxIyQ3IyQ4MiQzNjE0ODEjODEjJDEjJDIjJDgz,조리사
JDQ4MTYyMiM1MSMkMSMkMCMkOTkkMzgxOTYxIzIxIyQyIyQxIyQwMCQ0NjE0ODEjNzEjJDEjJDgjJDgz,영양사
JDQ4MTYyMiM1MSMkMSMkMCMkOTkkMzgxOTYxIzIxIyQyIyQxIyQwMCQ0NjE0ODEjNzEjJDEjJDgjJDgz,조리사
JDU4MTI3MSM1MSMkMiMkMCMkMDAkNTgxOTYxIzMxIyQxIyQzIyQ4MiQyNjEyMjIjNDEjJDEjJDQjJDgz,영양사
JDU4MTI3MSM1MSMkMiMkMCMkMDAkNTgxOTYxIzMxIyQxIyQzIyQ4MiQyNjEyMjIjNDEjJDEjJDQjJDgz,조리사
JDQ4MTYyMiM1MSMkMSMkMCMkOTkkMzgxOTYxIzIxIyQxIyQxIyQ3MiQ0NjE0ODEjNDEjJDEjJDgjJDgz,영양사
JDQ4MTYyMiM1MSMkMSMkMCMkOTkkMzgxOTYxIzIxIyQxIyQxIyQ3MiQ0NjE0ODEjNDEjJDEjJDgjJDgz,조리사
JDQ4MTYyMiM1MSMkMiMkMCMkMDAkNDgxNzAyIzQxIyQxIyQ3IyQ3OSQzNjEyMjIjODEjJDEjJDIjJDgz,영양사
JDQ4MTYyMiM1MSMkMiMkMCMkMDAkNDgxNzAyIzQxIyQxIyQ3IyQ3OSQzNjEyMjIjODEjJDEjJDIjJDgz,조리사
JDU4MTI3MSM1MSMkMiMkMCMkMDAkNDgxNzAyIzIxIyQxIyQ5IyQ3MiQyNjEwMDIjNzEjJDEjJDgjJDgz,영양사
JDU4MTI3MSM1MSMkMiMkMCMkMDAkNDgxNzAyIzIxIyQxIyQ5IyQ3MiQyNjEwMDIjNzEjJDEjJDgjJDgz,조리사
JDU4MTI3MSM1MSMkMiMkMCMkMDAkNDgxOTYxIzIxIyQxIyQ1IyQwMyQzNjEwMDIjNjEjJDEjJDAjJDgz,영양사
JDU4MTI3MSM1MSMkMiMkMCMkMDAkNDgxOTYxIzIxIyQxIyQ1IyQwMyQzNjEwMDIjNjEjJDEjJDAjJDgz,조리사
JDQ4MTYyMiM1MSMkMSMkMCMkMTMkMzgxMTkxIzIxIyQxIyQxIyQ3MiQyNjE0ODEjNTEjJDEjJDYjJDgz,영양사
JDQ4MTYyMiM1MSMkMSMkMCMkMTMkMzgxMTkxIzIxIyQxIyQxIyQ3MiQyNjE0ODEjNTEjJDEjJDYjJDgz,조리사
JDQ4MTYyMiM1MSMkMSMkMCMkOTkkMzgxOTYxIzIxIyQxIyQxIyQ5OSQyNjE4MzIjODEjJDEjJDYjJDgz,영양사
JDQ4MTYyMiM1MSMkMSMkMCMkOTkkMzgxOTYxIzIxIyQxIyQxIyQ5OSQyNjE4MzIjODEjJDEjJDYjJDgz,조리사
JDQ4MTYyMiM1MSMkMSMkMCMkNjIkMzgxMzUxIzExIyQxIyQzIyQ5OSQ0NjEwMDIjODEjJDEjJDYjJDgz,영양사
JDQ4MTYyMiM1MSMkMSMkMCMkNjIkMzgxMzUxIzExIyQxIyQzIyQ5OSQ0NjEwMDIjODEjJDEjJDYjJDgz,조리사
JDQ4MTYyMiM1MSMkMiMkMCMkMDAkNDgxMTkxIzMxIyQxIyQ3IyQ5OSQzNjE0ODEjNjEjJDEjJDAjJDgz,영양사
JDQ4MTYyMiM1MSMkMiMkMCMkMDAkNDgxMTkxIzMxIyQxIyQ3IyQ5OSQzNjE0ODEjNjEjJDEjJDAjJDgz,조리사
JDU4MTI3MSM1MSMkMiMkMCMkMDAkNDgxOTYxIzIxIyQxIyQxIyQ5MiQyNjE0ODEjNDEjJDEjJDQjJDgz,영양사
JDU4MTI3MSM1MSMkMiMkMCMkMDAkNDgxOTYxIzIxIyQxIyQxIyQ5MiQyNjE0ODEjNDEjJDEjJDQjJDgz,조리사
JDU4MTI3MSM1MSMkMiMkMCMkMDAkNDgxMzUxIzExIyQxIyQ3IyQ4OSQyNjEyMjIjNDEjJDEjJDgjJDgz,영양사
JDU4MTI3MSM1MSMkMiMkMCMkMDAkNDgxMzUxIzExIyQxIyQ3IyQ4OSQyNjEyMjIjNDEjJDEjJDgjJDgz,조리사
JDU4MTI3MSM1MSMkMiMkMCMkMDAkNTgxOTYxIzIxIyQxIyQ5IyQ4MiQyNjEyMjIjNTEjJDEjJDYjJDgz,영양사
JDU4MTI3MSM1MSMkMiMkMCMkMDAkNTgxOTYxIzIxIyQxIyQ5IyQ4MiQyNjEyMjIjNTEjJDEjJDYjJDgz,조리사
JDU4MTI3MSM1MSMkMiMkMCMkMDAkNDgxMTkxIzIxIyQxIyQxIyQ5OSQzNjEwMDIjNDEjJDEjJDQjJDgz,영양사
JDU4MTI3MSM1MSMkMiMkMCMkMDAkNDgxMTkxIzIxIyQxIyQxIyQ5OSQzNjEwMDIjNDEjJDEjJDQjJDgz,조리사
JDU4MTI3MSM1MSMkMiMkMCMkMDAkNDgxNzAyIzExIyQxIyQ3IyQwMyQ0NjE0ODEjNzEjJDEjJDgjJDgz,영양사
JDU4MTI3MSM1MSMkMiMkMCMkMDAkNDgxNzAyIzExIyQxIyQ3IyQwMyQ0NjE0ODEjNzEjJDEjJDgjJDgz,조리사
JDU4MTI3MSM1MSMkMiMkMCMkMDAkNDgxMTkxIzQxIyQxIyQ3IyQ5MiQzNjE4MzIjNjEjJDEjJDAjJDgz,영양사
JDU4MTI3MSM1MSMkMiMkMCMkMDAkNDgxMTkxIzQxIyQxIyQ3IyQ5MiQzNjE4MzIjNjEjJDEjJDAjJDgz,조리사
JDQ4MTYyMiM1MSMkMSMkMCMkOTkkNTgxMzUxIzUxIyQxIyQ1IyQ3MiQyNjE4MzIjNTEjJDEjJDYjJDgz,영양사
JDQ4MTYyMiM1MSMkMSMkMCMkOTkkNTgxMzUxIzUxIyQxIyQ1IyQ3MiQyNjE4MzIjNTEjJDEjJDYjJDgz,조리사
JDU4MTI3MSM1MSMkMiMkMCMkMDAkNTgxOTYxIzIxIyQxIyQ1IyQ4MiQyNjE4MzIjNjEjJDEjJDQjJDgz,영양사
JDU4MTI3MSM1MSMkMiMkMCMkMDAkNTgxOTYxIzIxIyQxIyQ1IyQ4MiQyNjE4MzIjNjEjJDEjJDQjJDgz,조리사
JDQ4MTYyMiM1MSMkMSMkMCMkODkkMzgxMzUxIzExIyQxIyQzIyQwMyQyNjEwMDIjNTEjJDEjJDYjJDgz,영양사
JDQ4MTYyMiM1MSMkMSMkMCMkODkkMzgxMzUxIzExIyQxIyQzIyQwMyQyNjEwMDIjNTEjJDEjJDYjJDgz,조리사
JDU4MTI3MSM1MSMkMiMkMCMkMDAkNTgxMzUxIzIxIyQxIyQ1IyQ2MiQ0NjEwMDIjNjEjJDEjJDAjJDgz,영양사
JDU4MTI3MSM1MSMkMiMkMCMkMDAkNTgxMzUxIzIxIyQxIyQ1IyQ2MiQ0NjEwMDIjNjEjJDEjJDAjJDgz,조리사
JDU4MTI3MSM1MSMkMiMkMCMkMDAkNDgxMzUxIzUxIyQxIyQ1IyQxMyQ0NjE0ODEjODEjJDEjJDYjJDgz,영양사
JDU4MTI3MSM1MSMkMiMkMCMkMDAkNDgxMzUxIzUxIyQxIyQ1IyQxMyQ0NjE0ODEjODEjJDEjJDYjJDgz,조리사
JDQ4MTYyMiM1MSMkMSMkMCMkMTMkMzgxMTkxIzIxIyQyIyQ5IyQwMCQyNjEyMjIjODEjJDEjJDIjJDgz,영양사
JDQ4MTYyMiM1MSMkMSMkMCMkMTMkMzgxMTkxIzIxIyQyIyQ5IyQwMCQyNjEyMjIjODEjJDEjJDIjJDgz,조리사
JDU4MTI3MSM1MSMkMiMkMCMkMDAkMzgxMzUxIzIxIyQyIyQxIyQwMCQzNjE4MzIjNDEjJDEjJDgjJDgz,영양사
JDU4MTI3MSM1MSMkMiMkMCMkMDAkMzgxMzUxIzIxIyQyIyQxIyQwMCQzNjE4MzIjNDEjJDEjJDgjJDgz,조리사
JDU4MTI3MSM1MSMkMiMkMCMkMDAkNDgxNzAyIzExIyQxIyQzIyQ5MiQzNjEyMjIjNzEjJDEjJDgjJDgz,영양사
JDU4MTI3MSM1MSMkMiMkMCMkMDAkNDgxNzAyIzExIyQxIyQzIyQ5MiQzNjEyMjIjNzEjJDEjJDgjJDgz,조리사
JDU4MTI3MSM1MSMkMiMkMCMkMDAkNTgxMzUxIzExIyQxIyQ3IyQ5OSQzNjE0ODEjNjEjJDEjJDgjJDgz,영양사
JDU4MTI3MSM1MSMkMiMkMCMkMDAkNTgxMzUxIzExIyQxIyQ3IyQ5OSQzNjE0ODEjNjEjJDEjJDgjJDgz,조리사
JDQ4MTYyMiM1MSMkMSMkMCMkOTkkNTgxMzUxIzQxIyQxIyQ3IyQ3MiQyNjE4MzIjNDEjJDEjJDgjJDgz,영양사
JDQ4MTYyMiM1MSMkMSMkMCMkOTkkNTgxMzUxIzQxIyQxIyQ3IyQ3MiQyNjE4MzIjNDEjJDEjJDgjJDgz,조리사
JDQ4MTYyMiM1MSMkMSMkMCMkODkkMzgxMzUxIzExIyQxIyQzIyQ5MiQzNjEwMDIjODEjJDEjJDYjJDgz,영양사
JDQ4MTYyMiM1MSMkMSMkMCMkODkkMzgxMzUxIzExIyQxIyQzIyQ5MiQzNjEwMDIjODEjJDEjJDYjJDgz,조리사
JDQ4MTYyMiM1MSMkMiMkMCMkMDAkMzgxNzAyIzMxIyQxIyQ3IyQxMyQzNjE4MzIjNTEjJDEjJDYjJDgz,영양사
JDQ4MTYyMiM1MSMkMiMkMCMkMDAkMzgxNzAyIzMxIyQxIyQ3IyQxMyQzNjE4MzIjNTEjJDEjJDYjJDgz,조리사
JDU4MTI3MSM1MSMkMiMkMCMkMDAkNDgxMTkxIzIxIyQxIyQ5IyQ3OSQ0NjE0ODEjNTEjJDEjJDIjJDgz,영양사
JDU4MTI3MSM1MSMkMiMkMCMkMDAkNDgxMTkxIzIxIyQxIyQ5IyQ3OSQ0NjE0ODEjNTEjJDEjJDIjJDgz,조리사
JDU4MTI3MSM1MSMkMiMkMCMkMDAkNDgxMTkxIzExIyQxIyQ3IyQ3OSQzNjEwMDIjODEjJDEjJDYjJDgz,영양사
JDU4MTI3MSM1MSMkMiMkMCMkMDAkNDgxMTkxIzExIyQxIyQ3IyQ3OSQzNjEwMDIjODEjJDEjJDYjJDgz,조리사
JDQ4MTYyMiM1MSMkMSMkMCMkOTkkMzgxOTYxIzIxIyQxIyQxIyQ3MiQ0NjEwMDIjNDEjJDEjJDQjJDgz,영양사
JDQ4MTYyMiM1MSMkMSMkMCMkOTkkMzgxOTYxIzIxIyQxIyQxIyQ3MiQ0NjEwMDIjNDEjJDEjJDQjJDgz,조리사
JDU4MTI3MSM1MSMkMiMkMCMkMDAkNDgxMzUxIzMxIyQxIyQzIyQ3OSQyNjE4MzIjNzEjJDEjJDgjJDgz,영양사
JDU4MTI3MSM1MSMkMiMkMCMkMDAkNDgxMzUxIzMxIyQxIyQzIyQ3OSQyNjE4MzIjNzEjJDEjJDgjJDgz,조리사
JDU4MTI3MSM1MSMkMiMkMCMkMDAkNDgxMTkxIzMxIyQxIyQzIyQ5OSQzNjE0ODEjNDEjJDEjJDgjJDgz,영양사
JDU4MTI3MSM1MSMkMiMkMCMkMDAkNDgxMTkxIzMxIyQxIyQzIyQ5OSQzNjE0ODEjNDEjJDEjJDgjJDgz,조리사
JDU4MTI3MSM1MSMkMiMkMCMkMDAkNDgxMTkxIzMxIyQxIyQ3IyQ2MiQzNjEyMjIjODEjJDEjJDIjJDgz,영양사
JDU4MTI3MSM1MSMkMiMkMCMkMDAkNDgxMTkxIzMxIyQxIyQ3IyQ2MiQzNjEyMjIjODEjJDEjJDIjJDgz,조리사
JDU4MTI3MSM1MSMkMiMkMCMkMDAkNDgxMTkxIzMxIyQxIyQ3IyQ5OSQyNjEwMDIjNTEjJDEjJDIjJDgz,영양사
JDU4MTI3MSM1MSMkMiMkMCMkMDAkNDgxMTkxIzMxIyQxIyQ3IyQ5OSQyNjEwMDIjNTEjJDEjJDIjJDgz,조리사
JDU4MTI3MSM1MSMkMiMkMCMkMDAkNTgxMzUxIzQxIyQxIyQ3IyQ5OSQ0NjE0ODEjNzEjJDEjJDgjJDgz,영양사
JDU4MTI3MSM1MSMkMiMkMCMkMDAkNTgxMzUxIzQxIyQxIyQ3IyQ5OSQ0NjE0ODEjNzEjJDEjJDgjJDgz,조리사
JDQ4MTYyMiM1MSMkMiMkMCMkMDAkMzgxNzAyIzExIyQxIyQ3IyQwMyQzNjEyMjIjNjEjJDEjJDgjJDgz,영양사
JDQ4MTYyMiM1MSMkMiMkMCMkMDAkMzgxNzAyIzExIyQxIyQ3IyQwMyQzNjEyMjIjNjEjJDEjJDgjJDgz,조리사
JDQ4MTYyMiM1MSMkMiMkMCMkMDAkMzgxNzAyIzIxIyQxIyQxIyQ2MiQ0NjEwMDIjODEjJDEjJDIjJDgz,영양사
JDQ4MTYyMiM1MSMkMiMkMCMkMDAkMzgxNzAyIzIxIyQxIyQxIyQ2MiQ0NjEwMDIjODEjJDEjJDIjJDgz,조리사
JDQ4MTYyMiM1MSMkMiMkMCMkMDAkNDgxMzUxIzQxIyQyIyQ3IyQwMCQzNjEwMDIjNjEjJDEjJDQjJDgz,영양사
JDQ4MTYyMiM1MSMkMiMkMCMkMDAkNDgxMzUxIzQxIyQyIyQ3IyQwMCQzNjEwMDIjNjEjJDEjJDQjJDgz,조리사
JDQ4MTYyMiM1MSMkMSMkMCMkODkkMzgxMzUxIzExIyQxIyQzIyQ3MiQzNjE4MzIjNDEjJDEjJDgjJDgz,영양사
JDQ4MTYyMiM1MSMkMSMkMCMkODkkMzgxMzUxIzExIyQxIyQzIyQ3MiQzNjE4MzIjNDEjJDEjJDgjJDgz,조리사
JDQ4MTYyMiM1MSMkMSMkMCMkOTkkMzgxMzUxIzUxIyQxIyQxIyQ5MiQzNjEwMDIjNjEjJDEjJDAjJDgz,영양사
JDQ4MTYyMiM1MSMkMSMkMCMkOTkkMzgxMzUxIzUxIyQxIyQxIyQ5MiQzNjEwMDIjNjEjJDEjJDAjJDgz,조리사
JDQ4MTYyMiM1MSMkMSMkMCMkOTkkMzgxOTYxIzExIyQxIyQzIyQ4MiQyNjEyMjIjNzEjJDEjJDgjJDgz,영양사
JDQ4MTYyMiM1MSMkMSMkMCMkOTkkMzgxOTYxIzExIyQxIyQzIyQ4MiQyNjEyMjIjNzEjJDEjJDgjJDgz,조리사
JDQ4MTYyMiM1MSMkMSMkMCMkOTkkNTgxMzUxIzIxIyQxIyQxIyQxMyQ0NjEwMDIjNzEjJDEjJDgjJDgz,영양사
JDQ4MTYyMiM1MSMkMSMkMCMkOTkkNTgxMzUxIzIxIyQxIyQxIyQxMyQ0NjEwMDIjNzEjJDEjJDgjJDgz,조리사
JDQ4MTYyMiM1MSMkMSMkMCMkOTkkNTgxMzUxIzIxIyQxIyQ1IyQ4OSQzNjE0ODEjNjEjJDEjJDAjJDgz,영양사
JDQ4MTYyMiM1MSMkMSMkMCMkOTkkNTgxMzUxIzIxIyQxIyQ1IyQ4OSQzNjE0ODEjNjEjJDEjJDAjJDgz,조리사
JDQ4MTYyMiM1MSMkMSMkMCMkOTkkNTgxMzUxIzIxIyQxIyQ5IyQ5MiQzNjE4MzIjODEjJDEjJDYjJDgz,영양사
JDQ4MTYyMiM1MSMkMSMkMCMkOTkkNTgxMzUxIzIxIyQxIyQ5IyQ5MiQzNjE4MzIjODEjJDEjJDYjJDgz,조리사
JDQ4MTYyMiM1MSMkMSMkMCMkOTkkNTgxMzUxIzMxIyQxIyQ3IyQ5OSQ0NjEwMDIjNDEjJDEjJDgjJDgz,영양사
JDQ4MTYyMiM1MSMkMSMkMCMkOTkkNTgxMzUxIzMxIyQxIyQ3IyQ5OSQ0NjEwMDIjNDEjJDEjJDgjJDgz,조리사
JDQ4MTYyMiM1MSMkMSMkMCMkOTkkNTgxMzUxIzUxIyQxIyQxIyQ3OSQ0NjE0ODEjNDEjJDEjJDgjJDgz,영양사
JDQ4MTYyMiM1MSMkMSMkMCMkOTkkNTgxMzUxIzUxIyQxIyQxIyQ3OSQ0NjE0ODEjNDEjJDEjJDgjJDgz,조리사
JDQ4MTYyMiM1MSMkMiMkMCMkMDAkMzgxOTYxIzMxIyQxIyQ3IyQ4MiQyNjE4MzIjODEjJDEjJDIjJDgz,영양사
JDQ4MTYyMiM1MSMkMiMkMCMkMDAkMzgxOTYxIzMxIyQxIyQ3IyQ4MiQyNjE4MzIjODEjJDEjJDIjJDgz,조리사
JDQ4MTYyMiM1MSMkMiMkMCMkMDAkNTgxMzUxIzUxIyQyIyQ1IyQwMCQyNjEyMjIjNjEjJDEjJDQjJDgz,영양사
JDQ4MTYyMiM1MSMkMiMkMCMkMDAkNTgxMzUxIzUxIyQyIyQ1IyQwMCQyNjEyMjIjNjEjJDEjJDQjJDgz,조리사
JDQ4MTYyMiM1MSMkMiMkMCMkMDAkNTgxMzUxIzUxIyQxIyQ1IyQ5OSQ0NjEwMDIjNjEjJDEjJDQjJDgz,영양사
JDQ4MTYyMiM1MSMkMiMkMCMkMDAkNTgxMzUxIzUxIyQxIyQ1IyQ5OSQ0NjEwMDIjNjEjJDEjJDQjJDgz,조리사
JDQ4MTYyMiM1MSMkMiMkMCMkMDAkNTgxOTYxIzIxIyQxIyQ5IyQ3MiQzNjEyMjIjNjEjJDEjJDgjJDgz,영양사
JDQ4MTYyMiM1MSMkMiMkMCMkMDAkNTgxOTYxIzIxIyQxIyQ5IyQ3MiQzNjEyMjIjNjEjJDEjJDgjJDgz,조리사
JDQ4MTYyMiM1MSMkMiMkMCMkMDAkNTgxOTYxIzQxIyQyIyQ3IyQwMCQzNjE4MzIjODEjJDEjJDYjJDgz,영양사
JDQ4MTYyMiM1MSMkMiMkMCMkMDAkNTgxOTYxIzQxIyQyIyQ3IyQwMCQzNjE4MzIjODEjJDEjJDYjJDgz,조리사
JDQ4MTYyMiM1MSMkMiMkMCMkMDAkNTgxOTYxIzUxIyQyIyQxIyQwMCQyNjEwMDIjNjEjJDEjJDgjJDgz,영양사
JDQ4MTYyMiM1MSMkMiMkMCMkMDAkNTgxOTYxIzUxIyQyIyQxIyQwMCQyNjEwMDIjNjEjJDEjJDgjJDgz,조리사
JDQ4MTYyMiM1MSMkMSMkMCMkOTkkNTgxMzUxIzUxIyQxIyQxIyQwMyQyNjE4MzIjODEjJDEjJDYjJDgz,영양사
JDQ4MTYyMiM1MSMkMSMkMCMkOTkkNTgxMzUxIzUxIyQxIyQxIyQwMyQyNjE4MzIjODEjJDEjJDYjJDgz,조리사
JDQ4MTYyMiM1MSMkMSMkMCMkOTkkNTgxMzUxIzUxIyQxIyQxIyQxMyQyNjE4MzIjNjEjJDEjJDgjJDgz,영양사
JDQ4MTYyMiM1MSMkMSMkMCMkOTkkNTgxMzUxIzUxIyQxIyQxIyQxMyQyNjE4MzIjNjEjJDEjJDgjJDgz,조리사
JDQ4MTYyMiM1MSMkMSMkMCMkOTkkNTgxMzUxIzUxIyQxIyQ1IyQ3OSQyNjEwMDIjNDEjJDEjJDgjJDgz,영양사
JDQ4MTYyMiM1MSMkMSMkMCMkOTkkNTgxMzUxIzUxIyQxIyQ1IyQ3OSQyNjEwMDIjNDEjJDEjJDgjJDgz,조리사
JDQ4MTYyMiM1MSMkMiMkMCMkMDAkNTgxMzUxIzIxIyQxIyQ1IyQ4OSQzNjE0ODEjODEjJDEjJDYjJDgz,영양사
JDQ4MTYyMiM1MSMkMiMkMCMkMDAkNTgxMzUxIzIxIyQxIyQ1IyQ4OSQzNjE0ODEjODEjJDEjJDYjJDgz,조리사
JDQ4MTYyMiM1MSMkMiMkMCMkMDAkNTgxMzUxIzMxIyQxIyQzIyQ2MiQyNjE4MzIjNjEjJDEjJDQjJDgz,영양사
JDQ4MTYyMiM1MSMkMiMkMCMkMDAkNTgxMzUxIzMxIyQxIyQzIyQ2MiQyNjE4MzIjNjEjJDEjJDQjJDgz,조리사
JDQ4MTYyMiM1MSMkMiMkMCMkMDAkNDgxMTkxIzIxIyQxIyQ1IyQ5OSQzNjE0ODEjNjEjJDEjJDQjJDgz,영양사
JDQ4MTYyMiM1MSMkMiMkMCMkMDAkNDgxMTkxIzIxIyQxIyQ1IyQ5OSQzNjE0ODEjNjEjJDEjJDQjJDgz,조리사
JDQ4MTYyMiM1MSMkMSMkMCMkOTkkMzgxMzUxIzUxIyQxIyQ1IyQ3MiQyNjEwMDIjNTEjJDEjJDYjJDgz,영양사
JDQ4MTYyMiM1MSMkMSMkMCMkOTkkMzgxMzUxIzUxIyQxIyQ1IyQ3MiQyNjEwMDIjNTEjJDEjJDYjJDgz,조리사
JDQ4MTYyMiM1MSMkMSMkMCMkOTkkMzgxOTYxIzExIyQxIyQ3IyQ2MiQzNjE0ODEjNjEjJDEjJDQjJDgz,영양사
JDQ4MTYyMiM1MSMkMSMkMCMkOTkkMzgxOTYxIzExIyQxIyQ3IyQ2MiQzNjE0ODEjNjEjJDEjJDQjJDgz,조리사
JDQ4MTYyMiM1MSMkMiMkMCMkMDAkMzgxMzUxIzMxIyQxIyQ3IyQwMyQyNjE0ODEjNTEjJDEjJDIjJDgz,영양사
JDQ4MTYyMiM1MSMkMiMkMCMkMDAkMzgxMzUxIzMxIyQxIyQ3IyQwMyQyNjE0ODEjNTEjJDEjJDIjJDgz,조리사
JDQ4MTYyMiM1MSMkMiMkMCMkMDAkMzgxOTYxIzMxIyQyIyQzIyQwMCQ0NjE0ODEjNDEjJDEjJDgjJDgz,영양사
JDQ4MTYyMiM1MSMkMiMkMCMkMDAkMzgxOTYxIzMxIyQyIyQzIyQwMCQ0NjE0ODEjNDEjJDEjJDgjJDgz,조리사
JDQ4MTYyMiM1MSMkMSMkMCMkOTkkMzgxMzUxIzMxIyQxIyQzIyQ5MiQzNjEwMDIjNjEjJDEjJDQjJDgz,영양사
JDQ4MTYyMiM1MSMkMSMkMCMkOTkkMzgxMzUxIzMxIyQxIyQzIyQ5MiQzNjEwMDIjNjEjJDEjJDQjJDgz,조리사
JDQ4MTYyMiM1MSMkMSMkMCMkOTkkMzgxMzUxIzMxIyQxIyQ3IyQ5OSQyNjEyMjIjNDEjJDEjJDgjJDgz,영양사
JDQ4MTYyMiM1MSMkMSMkMCMkOTkkMzgxMzUxIzMxIyQxIyQ3IyQ5OSQyNjEyMjIjNDEjJDEjJDgjJDgz,조리사
JDQ4MTYyMiM1MSMkMSMkMCMkOTkkMzgxOTYxIzExIyQxIyQzIyQwMyQyNjE0ODEjNjEjJDEjJDQjJDgz,영양사
JDQ4MTYyMiM1MSMkMSMkMCMkOTkkMzgxOTYxIzExIyQxIyQzIyQwMyQyNjE0ODEjNjEjJDEjJDQjJDgz,조리사
JDQ4MTYyMiM1MSMkMSMkMCMkODkkMzgxMzUxIzExIyQxIyQzIyQ3OSQzNjE4MzIjNjEjJDEjJDAjJDgz,영양사
JDQ4MTYyMiM1MSMkMSMkMCMkODkkMzgxMzUxIzExIyQxIyQzIyQ3OSQzNjE4MzIjNjEjJDEjJDAjJDgz,조리사
JDQ4MTYyMiM1MSMkMiMkMCMkMDAkNTgxMzUxIzQxIyQxIyQ3IyQ5MiQzNjE0ODEjODEjJDEjJDIjJDgz,영양사
JDQ4MTYyMiM1MSMkMiMkMCMkMDAkNTgxMzUxIzQxIyQxIyQ3IyQ5MiQzNjE0ODEjODEjJDEjJDIjJDgz,조리사
JDQ4MTYyMiM1MSMkMiMkMCMkMDAkNTgxOTYxIzExIyQxIyQ3IyQ2MiQzNjE4MzIjODEjJDEjJDIjJDgz,영양사
JDQ4MTYyMiM1MSMkMiMkMCMkMDAkNTgxOTYxIzExIyQxIyQ3IyQ2MiQzNjE4MzIjODEjJDEjJDIjJDgz,조리사
JDQ4MTYyMiM1MSMkMSMkMCMkMTMkMzgxMTkxIzIxIyQxIyQ5IyQ4OSQzNjEyMjIjNjEjJDEjJDgjJDgz,영양사
JDQ4MTYyMiM1MSMkMSMkMCMkMTMkMzgxMTkxIzIxIyQxIyQ5IyQ4OSQzNjEyMjIjNjEjJDEjJDgjJDgz,조리사
JDQ4MTYyMiM1MSMkMiMkMCMkMDAkNDgxMzUxIzIxIyQxIyQxIyQ3OSQ0NjE0ODEjNjEjJDEjJDgjJDgz,영양사
JDQ4MTYyMiM1MSMkMiMkMCMkMDAkNDgxMzUxIzIxIyQxIyQxIyQ3OSQ0NjE0ODEjNjEjJDEjJDgjJDgz,조리사
JDQ4MTYyMiM1MSMkMiMkMCMkMDAkNTgxOTYxIzMxIyQxIyQ3IyQxMyQyNjE0ODEjODEjJDEjJDYjJDgz,영양사
JDQ4MTYyMiM1MSMkMiMkMCMkMDAkNTgxOTYxIzMxIyQxIyQ3IyQxMyQyNjE0ODEjODEjJDEjJDYjJDgz,조리사
JDQ4MTYyMiM1MSMkMSMkMCMkMTMkNDgxOTYxIzExIyQxIyQzIyQ5OSQzNjEwMDIjNjEjJDEjJDgjJDgz,영양사
JDQ4MTYyMiM1MSMkMSMkMCMkMTMkNDgxOTYxIzExIyQxIyQzIyQ5OSQzNjEwMDIjNjEjJDEjJDgjJDgz,조리사
JDQ4MTYyMiM1MSMkMSMkMCMkMTMkMzgxMTkxIzIxIyQxIyQ5IyQ3OSQ0NjE0ODEjNjEjJDEjJDQjJDgz,영양사
JDQ4MTYyMiM1MSMkMSMkMCMkMTMkMzgxMTkxIzIxIyQxIyQ5IyQ3OSQ0NjE0ODEjNjEjJDEjJDQjJDgz,조리사
JDQ4MTYyMiM1MSMkMSMkMCMkODkkMzgxMzUxIzExIyQxIyQzIyQ3MiQyNjEwMDIjNDEjJDEjJDgjJDgz,영양사
JDQ4MTYyMiM1MSMkMSMkMCMkODkkMzgxMzUxIzExIyQxIyQzIyQ3MiQyNjEwMDIjNDEjJDEjJDgjJDgz,조리사
JDQ4MTYyMiM1MSMkMSMkMCMkODkkMzgxMzUxIzExIyQyIyQ3IyQwMCQzNjEyMjIjNjEjJDEjJDAjJDgz,영양사
JDQ4MTYyMiM1MSMkMSMkMCMkODkkMzgxMzUxIzExIyQyIyQ3IyQwMCQzNjEyMjIjNjEjJDEjJDAjJDgz,조리사
JDQ4MTYyMiM1MSMkMSMkMCMkMTMkMzgxMTkxIzExIyQxIyQ3IyQ3MiQyNjE4MzIjNDEjJDEjJDgjJDgz,영양사
JDQ4MTYyMiM1MSMkMSMkMCMkMTMkMzgxMTkxIzExIyQxIyQ3IyQ3MiQyNjE4MzIjNDEjJDEjJDgjJDgz,조리사
JDQ4MTYyMiM1MSMkMSMkMCMkOTkkNTgxMzUxIzExIyQxIyQzIyQ3MiQyNjE0ODEjNDEjJDEjJDgjJDgz,영양사
JDQ4MTYyMiM1MSMkMSMkMCMkOTkkNTgxMzUxIzExIyQxIyQzIyQ3MiQyNjE0ODEjNDEjJDEjJDgjJDgz,조리사
JDQ4MTYyMiM1MSMkMSMkMCMkMTMkMzgxMTkxIzIxIyQxIyQ1IyQ3MiQzNjEyMjIjODEjJDEjJDYjJDgz,영양사
JDQ4MTYyMiM1MSMkMSMkMCMkMTMkMzgxMTkxIzIxIyQxIyQ1IyQ3MiQzNjEyMjIjODEjJDEjJDYjJDgz,조리사
JDQ4MTYyMiM1MSMkMSMkMCMkOTkkMzgxMzUxIzUxIyQyIyQ1IyQwMCQzNjEwMDIjNDEjJDEjJDgjJDgz,영양사
JDQ4MTYyMiM1MSMkMSMkMCMkOTkkMzgxMzUxIzUxIyQyIyQ1IyQwMCQzNjEwMDIjNDEjJDEjJDgjJDgz,조리사
JDQ4MTYyMiM1MSMkMSMkMCMkOTkkNTgxMzUxIzMxIyQxIyQ3IyQ3MiQ0NjE0ODEjNjEjJDEjJDQjJDgz,영양사
JDQ4MTYyMiM1MSMkMSMkMCMkOTkkNTgxMzUxIzMxIyQxIyQ3IyQ3MiQ0NjE0ODEjNjEjJDEjJDQjJDgz,조리사
JDQ4MTYyMiM1MSMkMSMkMCMkOTkkMzgxMzUxIzIxIyQxIyQ5IyQxMyQ0NjEwMDIjNjEjJDEjJDgjJDgz,영양사
JDQ4MTYyMiM1MSMkMSMkMCMkOTkkMzgxMzUxIzIxIyQxIyQ5IyQxMyQ0NjEwMDIjNjEjJDEjJDgjJDgz,조리사
JDQ4MTYyMiM1MSMkMSMkMCMkOTkkNTgxMzUxIzMxIyQxIyQ3IyQ3MiQzNjEwMDIjNDEjJDEjJDgjJDgz,영양사
JDQ4MTYyMiM1MSMkMSMkMCMkOTkkNTgxMzUxIzMxIyQxIyQ3IyQ3MiQzNjEwMDIjNDEjJDEjJDgjJDgz,조리사
JDQ4MTYyMiM1MSMkMiMkMCMkMDAkNDgxOTYxIzMxIyQyIyQzIyQwMCQyNjE0ODEjNzEjJDEjJDgjJDgz,영양사
JDQ4MTYyMiM1MSMkMiMkMCMkMDAkNDgxOTYxIzMxIyQyIyQzIyQwMCQyNjE0ODEjNzEjJDEjJDgjJDgz,조리사
JDQ4MTYyMiM1MSMkMiMkMCMkMDAkNDgxOTYxIzUxIyQyIyQ1IyQwMCQzNjE4MzIjNDEjJDEjJDQjJDgz,영양사
JDQ4MTYyMiM1MSMkMiMkMCMkMDAkNDgxOTYxIzUxIyQyIyQ1IyQwMCQzNjE4MzIjNDEjJDEjJDQjJDgz,조리사
JDQ4MTYyMiM1MSMkMSMkMCMkOTkkNTgxMzUxIzUxIyQxIyQ1IyQ3OSQyNjE0ODEjNTEjJDEjJDIjJDgz,영양사
JDQ4MTYyMiM1MSMkMSMkMCMkOTkkNTgxMzUxIzUxIyQxIyQ1IyQ3OSQyNjE0ODEjNTEjJDEjJDIjJDgz,조리사
JDQ4MTYyMiM1MSMkMSMkMCMkOTkkMzgxOTYxIzExIyQxIyQzIyQxMyQzNjE4MzIjNDEjJDEjJDQjJDgz,영양사
JDQ4MTYyMiM1MSMkMSMkMCMkOTkkMzgxOTYxIzExIyQxIyQzIyQxMyQzNjE4MzIjNDEjJDEjJDQjJDgz,조리사
JDQ4MTYyMiM1MSMkMiMkMCMkMDAkMzgxNzAyIzIxIyQxIyQ5IyQ4OSQzNjE0ODEjODEjJDEjJDIjJDgz,영양사
JDQ4MTYyMiM1MSMkMiMkMCMkMDAkMzgxNzAyIzIxIyQxIyQ5IyQ4OSQzNjE0ODEjODEjJDEjJDIjJDgz,조리사
JDQ4MTYyMiM1MSMkMiMkMCMkMDAkNDgxNzAyIzQxIyQxIyQ3IyQ4OSQzNjE0ODEjODEjJDEjJDYjJDgz,영양사
JDQ4MTYyMiM1MSMkMiMkMCMkMDAkNDgxNzAyIzQxIyQxIyQ3IyQ4OSQzNjE0ODEjODEjJDEjJDYjJDgz,조리사
JDQ4MTYyMiM1MSMkMiMkMCMkMDAkNDgxOTYxIzQxIyQyIyQ3IyQwMCQzNjE0ODEjNTEjJDEjJDIjJDgz,영양사
JDQ4MTYyMiM1MSMkMiMkMCMkMDAkNDgxOTYxIzQxIyQyIyQ3IyQwMCQzNjE0ODEjNTEjJDEjJDIjJDgz,조리사
JDQ4MTYyMiM1MSMkMSMkMCMkMTMkMzgxMTkxIzIxIyQxIyQxIyQ5MiQ0NjE0ODEjNTEjJDEjJDYjJDgz,영양사
JDQ4MTYyMiM1MSMkMSMkMCMkMTMkMzgxMTkxIzIxIyQxIyQxIyQ5MiQ0NjE0ODEjNTEjJDEjJDYjJDgz,조리사
JDQ4MTYyMiM1MSMkMSMkMCMkMTMkMzgxMTkxIzExIyQxIyQzIyQ4OSQzNjEyMjIjNDEjJDEjJDgjJDgz,영양사
JDQ4MTYyMiM1MSMkMSMkMCMkMTMkMzgxMTkxIzExIyQxIyQzIyQ4OSQzNjEyMjIjNDEjJDEjJDgjJDgz,조리사
JDQ4MTYyMiM1MSMkMiMkMCMkMDAkNDgxOTYxIzIxIyQxIyQ5IyQ3MiQzNjEwMDIjNjEjJDEjJDgjJDgz,영양사
JDQ4MTYyMiM1MSMkMiMkMCMkMDAkNDgxOTYxIzIxIyQxIyQ5IyQ3MiQzNjEwMDIjNjEjJDEjJDgjJDgz,조리사
JDQ4MTYyMiM1MSMkMiMkMCMkMDAkNDgxMTkxIzUxIyQxIyQ1IyQ2MiQyNjEyMjIjNDEjJDEjJDgjJDgz,영양사
JDQ4MTYyMiM1MSMkMiMkMCMkMDAkNDgxMTkxIzUxIyQxIyQ1IyQ2MiQyNjEyMjIjNDEjJDEjJDgjJDgz,조리사
JDQ4MTYyMiM1MSMkMiMkMCMkMDAkNDgxMTkxIzUxIyQxIyQxIyQwMyQ0NjE0ODEjNTEjJDEjJDYjJDgz,영양사
JDQ4MTYyMiM1MSMkMiMkMCMkMDAkNDgxMTkxIzUxIyQxIyQxIyQwMyQ0NjE0ODEjNTEjJDEjJDYjJDgz,조리사
JDQ4MTYyMiM1MSMkMSMkMCMkMTMkNDgxNzAyIzUxIyQxIyQxIyQwMyQzNjEwMDIjNDEjJDEjJDgjJDgz,영양사
JDQ4MTYyMiM1MSMkMSMkMCMkMTMkNDgxNzAyIzUxIyQxIyQxIyQwMyQzNjEwMDIjNDEjJDEjJDgjJDgz,조리사
JDQ4MTYyMiM1MSMkMiMkMCMkMDAkNTgxMzUxIzIxIyQxIyQ5IyQ3MiQ0NjEwMDIjNjEjJDEjJDQjJDgz,영양사
JDQ4MTYyMiM1MSMkMiMkMCMkMDAkNTgxMzUxIzIxIyQxIyQ5IyQ3MiQ0NjEwMDIjNjEjJDEjJDQjJDgz,조리사
JDQ4MTYyMiM1MSMkMiMkMCMkMDAkNTgxMzUxIzExIyQxIyQzIyQxMyQyNjEyMjIjNDEjJDEjJDgjJDgz,영양사
JDQ4MTYyMiM1MSMkMiMkMCMkMDAkNTgxMzUxIzExIyQxIyQzIyQxMyQyNjEyMjIjNDEjJDEjJDgjJDgz,조리사
JDU4MTI3MSM1MSMkMSMkMCMkMTMkMzgxNzAyIzUxIyQxIyQ1IyQ4OSQzNjEwMDIjODEjJDEjJDIjJDgz,영양사
JDU4MTI3MSM1MSMkMSMkMCMkMTMkMzgxNzAyIzUxIyQxIyQ1IyQ4OSQzNjEwMDIjODEjJDEjJDIjJDgz,조리사
JDU4MTI3MSM1MSMkMSMkMCMkMTMkMzgxNzAyIzUxIyQyIyQxIyQwMCQ0NjE0ODEjNDEjJDEjJDgjJDgz,영양사
JDU4MTI3MSM1MSMkMSMkMCMkMTMkMzgxNzAyIzUxIyQyIyQxIyQwMCQ0NjE0ODEjNDEjJDEjJDgjJDgz,조리사
JDQ4MTYyMiM1MSMkMiMkMCMkMDAkNDgxNzAyIzIxIyQxIyQ5IyQwMyQyNjE4MzIjNTEjJDEjJDIjJDgz,영양사
JDQ4MTYyMiM1MSMkMiMkMCMkMDAkNDgxNzAyIzIxIyQxIyQ5IyQwMyQyNjE4MzIjNTEjJDEjJDIjJDgz,조리사
JDQ4MTYyMiM1MSMkMiMkMCMkMDAkNTgxOTYxIzUxIyQxIyQxIyQ3MiQzNjE4MzIjNDEjJDEjJDQjJDgz,영양사
JDQ4MTYyMiM1MSMkMiMkMCMkMDAkNTgxOTYxIzUxIyQxIyQxIyQ3MiQzNjE4MzIjNDEjJDEjJDQjJDgz,조리사
JDQ4MTYyMiM1MSMkMSMkMCMkOTkkMzgxOTYxIzExIyQxIyQ3IyQ2MiQyNjEyMjIjODEjJDEjJDYjJDgz,영양사
JDQ4MTYyMiM1MSMkMSMkMCMkOTkkMzgxOTYxIzExIyQxIyQ3IyQ2MiQyNjEyMjIjODEjJDEjJDYjJDgz,조리사
JDU4MTI3MSM1MSMkMSMkMCMkMTMkNDgxMzUxIzMxIyQxIyQzIyQ4MiQyNjE0ODEjNTEjJDEjJDYjJDgz,영양사
JDU4MTI3MSM1MSMkMSMkMCMkMTMkNDgxMzUxIzMxIyQxIyQzIyQ4MiQyNjE0ODEjNTEjJDEjJDYjJDgz,조리사
JDQ4MTYyMiM1MSMkMSMkMCMkOTkkMzgxOTYxIzExIyQxIyQzIyQ4OSQyNjEyMjIjNDEjJDEjJDgjJDgz,영양사
JDQ4MTYyMiM1MSMkMSMkMCMkOTkkMzgxOTYxIzExIyQxIyQzIyQ4OSQyNjEyMjIjNDEjJDEjJDgjJDgz,조리사
JDQ4MTYyMiM1MSMkMSMkMCMkODkkMzgxMzUxIzExIyQxIyQ3IyQ3OSQzNjE0ODEjNjEjJDEjJDgjJDgz,영양사
JDQ4MTYyMiM1MSMkMSMkMCMkODkkMzgxMzUxIzExIyQxIyQ3IyQ3OSQzNjE0ODEjNjEjJDEjJDgjJDgz,조리사
JDU4MTI3MSM1MSMkMSMkMCMkMTMkNDgxOTYxIzExIyQxIyQzIyQwMyQzNjEwMDIjNTEjJDEjJDIjJDgz,영양사
JDU4MTI3MSM1MSMkMSMkMCMkMTMkNDgxOTYxIzExIyQxIyQzIyQwMyQzNjEwMDIjNTEjJDEjJDIjJDgz,조리사
JDQ4MTYyMiM1MSMkMSMkMCMkOTkkNTgxMzUxIzMxIyQxIyQzIyQ5OSQyNjE4MzIjNjEjJDEjJDgjJDgz,영양사
JDQ4MTYyMiM1MSMkMSMkMCMkOTkkNTgxMzUxIzMxIyQxIyQzIyQ5OSQyNjE4MzIjNjEjJDEjJDgjJDgz,조리사
JDU4MTI3MSM1MSMkMSMkMCMkMTMkNDgxOTYxIzIxIyQxIyQ1IyQwMyQzNjEyMjIjNDEjJDEjJDQjJDgz,영양사
JDU4MTI3MSM1MSMkMSMkMCMkMTMkNDgxOTYxIzIxIyQxIyQ1IyQwMyQzNjEyMjIjNDEjJDEjJDQjJDgz,조리사
JDU4MTI3MSM1MSMkMSMkMCMkOTkkNTgxMzUxIzExIyQxIyQzIyQ3OSQzNjE0ODEjNDEjJDEjJDgjJDgz,영양사
JDU4MTI3MSM1MSMkMSMkMCMkOTkkNTgxMzUxIzExIyQxIyQzIyQ3OSQzNjE0ODEjNDEjJDEjJDgjJDgz,조리사
JDU4MTI3MSM1MSMkMiMkMCMkMDAkMzgxMzUxIzIxIyQyIyQ1IyQwMCQ0NjEwMDIjNTEjJDEjJDYjJDgz,영양사
JDU4MTI3MSM1MSMkMiMkMCMkMDAkMzgxMzUxIzIxIyQyIyQ1IyQwMCQ0NjEwMDIjNTEjJDEjJDYjJDgz,조리사
JDU4MTI3MSM1MSMkMSMkMCMkMTMkNDgxOTYxIzIxIyQyIyQ1IyQwMCQzNjEwMDIjNjEjJDEjJDQjJDgz,영양사
JDU4MTI3MSM1MSMkMSMkMCMkMTMkNDgxOTYxIzIxIyQyIyQ1IyQwMCQzNjEwMDIjNjEjJDEjJDQjJDgz,조리사
JDU4MTI3MSM1MSMkMiMkMCMkMDAkMzgxMzUxIzQxIyQxIyQ3IyQ4OSQ0NjE0ODEjNjEjJDEjJDgjJDgz,영양사
JDU4MTI3MSM1MSMkMiMkMCMkMDAkMzgxMzUxIzQxIyQxIyQ3IyQ4OSQ0NjE0ODEjNjEjJDEjJDgjJDgz,조리사
JDU4MTI3MSM1MSMkMiMkMCMkMDAkMzgxMzUxIzUxIyQyIyQxIyQwMCQzNjE0ODEjNjEjJDEjJDAjJDgz,영양사
JDU4MTI3MSM1MSMkMiMkMCMkMDAkMzgxMzUxIzUxIyQyIyQxIyQwMCQzNjE0ODEjNjEjJDEjJDAjJDgz,조리사
JDU4MTI3MSM1MSMkMiMkMCMkMDAkMzgxMTkxIzQxIyQxIyQ3IyQ3OSQzNjE0ODEjNzEjJDEjJDgjJDgz,영양사
JDU4MTI3MSM1MSMkMiMkMCMkMDAkMzgxMTkxIzQxIyQxIyQ3IyQ3OSQzNjE0ODEjNzEjJDEjJDgjJDgz,조리사
JDU4MTI3MSM1MSMkMiMkMCMkMDAkMzgxNzAyIzIxIyQxIyQxIyQ4MiQzNjE4MzIjODEjJDEjJDYjJDgz,영양사
JDU4MTI3MSM1MSMkMiMkMCMkMDAkMzgxNzAyIzIxIyQxIyQxIyQ4MiQzNjE4MzIjODEjJDEjJDYjJDgz,조리사
JDU4MTI3MSM1MSMkMiMkMCMkMDAkMzgxNzAyIzIxIyQxIyQ5IyQxMyQ0NjEwMDIjNDEjJDEjJDQjJDgz,영양사
JDU4MTI3MSM1MSMkMiMkMCMkMDAkMzgxNzAyIzIxIyQxIyQ5IyQxMyQ0NjEwMDIjNDEjJDEjJDQjJDgz,조리사
JDU4MTI3MSM1MSMkMiMkMCMkMDAkNDgxOTYxIzIxIyQxIyQ5IyQ5MiQyNjE0ODEjNTEjJDEjJDIjJDgz,영양사
JDU4MTI3MSM1MSMkMiMkMCMkMDAkNDgxOTYxIzIxIyQxIyQ5IyQ5MiQyNjE0ODEjNTEjJDEjJDIjJDgz,조리사
JDU4MTI3MSM1MSMkMiMkMCMkMDAkMzgxMzUxIzUxIyQxIyQ1IyQ3MiQyNjE4MzIjNzEjJDEjJDgjJDgz,영양사
JDU4MTI3MSM1MSMkMiMkMCMkMDAkMzgxMzUxIzUxIyQxIyQ1IyQ3MiQyNjE4MzIjNzEjJDEjJDgjJDgz,조리사
JDU4MTI3MSM1MSMkMiMkMCMkMDAkMzgxOTYxIzMxIyQxIyQzIyQ4OSQyNjE0ODEjNTEjJDEjJDYjJDgz,영양사
JDU4MTI3MSM1MSMkMiMkMCMkMDAkMzgxOTYxIzMxIyQxIyQzIyQ4OSQyNjE0ODEjNTEjJDEjJDYjJDgz,조리사
JDU4MTI3MSM1MSMkMiMkMCMkMDAkMzgxOTYxIzUxIyQxIyQxIyQ5MiQyNjEwMDIjNjEjJDEjJDAjJDgz,영양사
JDU4MTI3MSM1MSMkMiMkMCMkMDAkMzgxOTYxIzUxIyQxIyQxIyQ5MiQyNjEwMDIjNjEjJDEjJDAjJDgz,조리사
JDU4MTI3MSM1MSMkMiMkMCMkMDAkMzgxOTYxIzUxIyQxIyQxIyQwMyQyNjE4MzIjODEjJDEjJDIjJDgz,영양사
JDU4MTI3MSM1MSMkMiMkMCMkMDAkMzgxOTYxIzUxIyQxIyQxIyQwMyQyNjE4MzIjODEjJDEjJDIjJDgz,조리사
JDU4MTI3MSM1MSMkMiMkMCMkMDAkMzgxMTkxIzIxIyQxIyQ1IyQxMyQzNjE0ODEjNzEjJDEjJDgjJDgz,영양사
JDU4MTI3MSM1MSMkMiMkMCMkMDAkMzgxMTkxIzIxIyQxIyQ1IyQxMyQzNjE0ODEjNzEjJDEjJDgjJDgz,조리사
JDU4MTI3MSM1MSMkMiMkMCMkMDAkMzgxMTkxIzMxIyQxIyQzIyQ2MiQzNjE4MzIjODEjJDEjJDIjJDgz,영양사
JDU4MTI3MSM1MSMkMiMkMCMkMDAkMzgxMTkxIzMxIyQxIyQzIyQ2MiQzNjE4MzIjODEjJDEjJDIjJDgz,조리사
JDU4MTI3MSM1MSMkMiMkMCMkMDAkNDgxMTkxIzMxIyQxIyQ3IyQ5OSQyNjE4MzIjODEjJDEjJDYjJDgz,영양사
JDU4MTI3MSM1MSMkMiMkMCMkMDAkNDgxMTkxIzMxIyQxIyQ3IyQ5OSQyNjE4MzIjODEjJDEjJDYjJDgz,조리사
JDU4MTI3MSM1MSMkMiMkMCMkMDAkNTgxMzUxIzUxIyQxIyQ1IyQ3MiQyNjE0ODEjNjEjJDEjJDgjJDgz,영양사
JDU4MTI3MSM1MSMkMiMkMCMkMDAkNTgxMzUxIzUxIyQxIyQ1IyQ3MiQyNjE0ODEjNjEjJDEjJDgjJDgz,조리사
JDU4MTI3MSM1MSMkMiMkMCMkMDAkNDgxMTkxIzUxIyQxIyQ1IyQ4OSQzNjE0ODEjODEjJDEjJDYjJDgz,영양사
JDU4MTI3MSM1MSMkMiMkMCMkMDAkNDgxMTkxIzUxIyQxIyQ1IyQ4OSQzNjE0ODEjODEjJDEjJDYjJDgz,조리사
