암호화요양기호,점심시간_평일
JDQ4MTYyMiM1MSMkMSMkMCMkMTMkMzgxMTkxIzExIyQxIyQzIyQ4OSQzNjEyMjIjNDEjJDEjJDgjJDgz,12시30분~13시30분
JDQ4MTYyMiM1MSMkMSMkMCMkMTMkMzgxMTkxIzIxIyQxIyQxIyQ3MiQyNjE0ODEjNTEjJDEjJDYjJDgz,
JDQ4MTYyMiM1MSMkMSMkMCMkMTMkMzgxMTkxIzIxIyQyIyQ5IyQwMCQyNjEyMjIjODEjJDEjJDIjJDgz,
JDQ4MTYyMiM1MSMkMSMkMCMkMTMkMzgxNzAyIzExIyQxIyQzIyQxMyQzNjEyMjIjNjEjJDEjJDAjJDgz,
JDQ4MTYyMiM1MSMkMSMkMCMkMTMkMzgxNzAyIzIxIyQxIyQ1IyQ3MiQzNjEwMDIjNjEjJDEjJDgjJDgz,13시~14시
JDQ4MTYyMiM1MSMkMSMkMCMkMTMkMzgxNzAyIzIxIyQxIyQ1IyQxMyQzNjEwMDIjNjEjJDEjJDQjJDgz,1시00분~2시00
JDQ4MTYyMiM1MSMkMSMkMCMkMTMkMzgxNzAyIzMxIyQxIyQ3IyQ3OSQzNjEyMjIjNzEjJDEjJDgjJDgz,13시~14시
JDQ4MTYyMiM1MSMkMSMkMCMkMTMkMzgxNzAyIzQxIyQxIyQ3IyQ2MiQyNjEwMDIjNDEjJDEjJDgjJDgz,
JDQ4MTYyMiM1MSMkMSMkMCMkMTMkMzgxNzAyIzQxIyQxIyQ3IyQ3OSQ0NjE0ODEjNDEjJDEjJDQjJDgz,13시00분~14시00분
JDQ4MTYyMiM1MSMkMSMkMCMkMTMkMzgxNzAyIzQxIyQxIyQ3IyQ5MiQzNjE0ODEjODEjJDEjJDIjJDgz,13시00분~14시00분
JDQ4MTYyMiM1MSMkMSMkMCMkMTMkMzgxNzAyIzQxIyQyIyQ3IyQwMCQzNjEwMDIjNzEjJDEjJDgjJDgz,13시00분~14시00분
JDQ4MTYyMiM1MSMkMSMkMCMkMTMkMzgxNzAyIzUxIyQxIyQ1IyQ5OSQzNjEwMDIjNTEjJDEjJDIjJDgz,13~14시
JDQ4MTYyMiM1MSMkMSMkMCMkMTMkMzgxNzAyIzUxIyQxIyQxIyQxMyQ0NjEwMDIjNDEjJDEjJDQjJDgz,13시30분~14시 30분
JDQ4MTYyMiM1MSMkMSMkMCMkMTMkNDgxMTkxIzExIyQxIyQzIyQ3OSQyNjE0ODEjNjEjJDEjJDgjJDgz,13시 ~ 14시
JDQ4MTYyMiM1MSMkMSMkMCMkMTMkNDgxMTkxIzExIyQxIyQzIyQ5OSQzNjEyMjIjNDEjJDEjJDQjJDgz,오후 12시 30분~오후 14시00분
JDQ4MTYyMiM1MSMkMSMkMCMkMTMkNDgxMTkxIzExIyQyIyQ3IyQwMCQyNjE4MzIjODEjJDEjJDYjJDgz,13시00분 ~ 14시00분
JDQ4MTYyMiM1MSMkMSMkMCMkMTMkNDgxMTkxIzIxIyQxIyQ1IyQ4MiQzNjEyMjIjODEjJDEjJDIjJDgz,13시30분~14시30분
JDQ4MTYyMiM1MSMkMSMkMCMkMTMkNDgxMTkxIzIxIyQxIyQ1IyQxMyQ0NjE0ODEjNjEjJDEjJDgjJDgz,
JDQ4MTYyMiM1MSMkMSMkMCMkMTMkNDgxMTkxIzIxIyQxIyQ5IyQ3MiQzNjE0ODEjNDEjJDEjJDgjJDgz,13시 00분~14시 00분
JDQ4MTYyMiM1MSMkMSMkMCMkMTMkNDgxMTkxIzIxIyQxIyQ5IyQ5OSQyNjEwMDIjNjEjJDEjJDAjJDgz,1시~2시
JDQ4MTYyMiM1MSMkMSMkMCMkMTMkNDgxMTkxIzIxIyQxIyQxIyQ2MiQ0NjE0ODEjNTEjJDEjJDYjJDgz,13시 00분~14시 00분
JDQ4MTYyMiM1MSMkMSMkMCMkMTMkNDgxMTkxIzMxIyQxIyQ3IyQ3OSQ0NjEwMDIjODEjJDEjJDIjJDgz,
JDQ4MTYyMiM1MSMkMSMkMCMkMTMkNDgxMTkxIzMxIyQxIyQ3IyQ4OSQ0NjEwMDIjNjEjJDEjJDQjJDgz,13시00분-14시 00분
JDQ4MTYyMiM1MSMkMSMkMCMkMTMkNDgxMTkxIzMxIyQxIyQ3IyQxMyQ0NjE0ODEjNjEjJDEjJDQjJDgz,13:00-14:00
JDQ4MTYyMiM1MSMkMSMkMCMkMTMkNDgxMTkxIzMxIyQxIyQ3IyQxMyQyNjEyMjIjNjEjJDEjJDgjJDgz,13시00분~14시00분
JDQ4MTYyMiM1MSMkMSMkMCMkMTMkNDgxMTkxIzMxIyQxIyQzIyQ5MiQ0NjEwMDIjNTEjJDEjJDIjJDgz,13:00 ~ 14:00
JDQ4MTYyMiM1MSMkMSMkMCMkMTMkNDgxMTkxIzUxIyQxIyQ1IyQ5MiQyNjEwMDIjNTEjJDEjJDIjJDgz,13시00분 부터 14시00분까지
JDQ4MTYyMiM1MSMkMSMkMCMkMTMkNDgxMTkxIzUxIyQxIyQxIyQwMyQzNjE4MzIjNTEjJDEjJDIjJDgz,13시00분~14시00분
JDQ4MTYyMiM1MSMkMSMkMCMkMTMkNDgxMzUxIzExIyQxIyQzIyQ4OSQ0NjEwMDIjNjEjJDEjJDgjJDgz,12시00분~13시00분
JDQ4MTYyMiM1MSMkMSMkMCMkMTMkNDgxMzUxIzExIyQyIyQzIyQwMCQyNjE4MzIjNDEjJDEjJDgjJDgz,오후1시에서 오후2시
JDQ4MTYyMiM1MSMkMSMkMCMkMTMkNDgxMzUxIzIxIyQxIyQ1IyQxMyQzNjE0ODEjNTEjJDEjJDIjJDgz,13:00~14:00
JDQ4MTYyMiM1MSMkMSMkMCMkMTMkNDgxMzUxIzMxIyQxIyQ3IyQ3MiQyNjE4MzIjNjEjJDEjJDAjJDgz,13시00분 ~14시00분
JDQ4MTYyMiM1MSMkMSMkMCMkMTMkNDgxMzUxIzMxIyQxIyQ3IyQ4MiQyNjE4MzIjNDEjJDEjJDgjJDgz,13시00분~14시00분
JDQ4MTYyMiM1MSMkMSMkMCMkMTMkNDgxMzUxIzMxIyQxIyQzIyQxMyQ0NjEwMDIjNjEjJDEjJDgjJDgz,12시 30분~13시 30분
JDQ4MTYyMiM1MSMkMSMkMCMkMTMkNDgxMzUxIzQxIyQxIyQ3IyQ3MiQyNjEyMjIjNTEjJDEjJDIjJDgz,13시~14시
JDQ4MTYyMiM1MSMkMSMkMCMkMTMkNDgxMzUxIzUxIyQxIyQ1IyQ3OSQyNjE0ODEjNTEjJDEjJDIjJDgz,
JDQ4MTYyMiM1MSMkMSMkMCMkMTMkNDgxNzAyIzExIyQxIyQ3IyQ4MiQyNjEyMjIjODEjJDEjJDIjJDgz,13시00분~14시00분
JDQ4MTYyMiM1MSMkMSMkMCMkMTMkNDgxNzAyIzExIyQyIyQzIyQwMCQzNjE4MzIjNDEjJDEjJDgjJDgz,13시 30분-14시 30분
JDQ4MTYyMiM1MSMkMSMkMCMkMTMkNDgxNzAyIzIxIyQxIyQ1IyQ3MiQzNjEyMjIjNjEjJDEjJDgjJDgz,13시30분~14시30분
JDQ4MTYyMiM1MSMkMSMkMCMkMTMkNDgxNzAyIzIxIyQyIyQxIyQwMCQyNjE0ODEjNjEjJDEjJDgjJDgz,오후 1시 ~ 2시까지
JDQ4MTYyMiM1MSMkMSMkMCMkMTMkNDgxNzAyIzMxIyQxIyQ3IyQ5MiQzNjE0ODEjNTEjJDEjJDYjJDgz,13시00분~14시00분
JDQ4MTYyMiM1MSMkMSMkMCMkMTMkNDgxNzAyIzMxIyQxIyQ3IyQwMyQyNjE0ODEjODEjJDEjJDIjJDgz,13:00~14:00
JDQ4MTYyMiM1MSMkMSMkMCMkMTMkNDgxNzAyIzUxIyQxIyQ1IyQ4OSQzNjE4MzIjNTEjJDEjJDYjJDgz,13시00분~14시00분
JDQ4MTYyMiM1MSMkMSMkMCMkMTMkNDgxNzAyIzUxIyQxIyQ1IyQ5OSQzNjEwMDIjNjEjJDEjJDAjJDgz,
JDQ4MTYyMiM1MSMkMSMkMCMkMTMkNDgxNzAyIzUxIyQxIyQxIyQxMyQyNjE4MzIjNTEjJDEjJDIjJDgz,1:30-2:30
JDQ4MTYyMiM1MSMkMSMkMCMkMTMkNDgxNzAyIzUxIyQyIyQ1IyQwMCQyNjEwMDIjODEjJDEjJDYjJDgz,13시00분~14시00분
JDQ4MTYyMiM1MSMkMSMkMCMkMTMkNDgxOTYxIzExIyQxIyQzIyQ2MiQzNjEwMDIjNDEjJDEjJDgjJDgz,1:30 ~2:30
JDQ4MTYyMiM1MSMkMSMkMCMkMTMkNDgxOTYxIzExIyQxIyQzIyQxMyQ0NjEwMDIjNDEjJDEjJDQjJDgz,1시00분~2시00분
JDQ4MTYyMiM1MSMkMSMkMCMkMTMkNDgxOTYxIzIxIyQxIyQ1IyQ2MiQzNjE0ODEjNDEjJDEjJDgjJDgz,13시 00분~14시 00분
JDQ4MTYyMiM1MSMkMSMkMCMkMTMkNDgxOTYxIzIxIyQxIyQ1IyQ4MiQyNjE0ODEjNTEjJDEjJDYjJDgz,오후1:00-2:00
JDQ4MTYyMiM1MSMkMSMkMCMkMTMkNDgxOTYxIzIxIyQxIyQ1IyQwMyQzNjE0ODEjNDEjJDEjJDgjJDgz,
JDQ4MTYyMiM1MSMkMSMkMCMkMTMkNDgxOTYxIzIxIyQxIyQ5IyQ3MiQyNjE4MzIjNzEjJDEjJDgjJDgz,1시~2시
JDQ4MTYyMiM1MSMkMSMkMCMkMTMkNDgxOTYxIzIxIyQxIyQxIyQ3MiQzNjEyMjIjODEjJDEjJDYjJDgz,1시~2시
JDQ4MTYyMiM1MSMkMSMkMCMkMTMkNDgxOTYxIzMxIyQxIyQzIyQ2MiQzNjE0ODEjNjEjJDEjJDAjJDgz,오후1시 - 오후2시
JDQ4MTYyMiM1MSMkMSMkMCMkMTMkNDgxOTYxIzUxIyQxIyQ1IyQ4OSQ0NjE0ODEjNDEjJDEjJDgjJDgz,13시00분-14시00분
JDQ4MTYyMiM1MSMkMSMkMCMkMTMkNDgxOTYxIzUxIyQxIyQ1IyQwMyQzNjE0ODEjODEjJDEjJDYjJDgz,13시~14시
JDQ4MTYyMiM1MSMkMSMkMCMkMTMkNDgxOTYxIzUxIyQxIyQxIyQ2MiQzNjE0ODEjNTEjJDEjJDYjJDgz,13시 -14시
JDQ4MTYyMiM1MSMkMSMkMCMkMTMkNDgxOTYxIzUxIyQxIyQxIyQ4MiQyNjE4MzIjNDEjJDEjJDQjJDgz,13시-14시
JDQ4MTYyMiM1MSMkMSMkMCMkNzIkMzgxMTkxIzExIyQxIyQ3IyQ5MiQzNjE4MzIjNDEjJDEjJDgjJDgz,13:00~14:00
JDQ4MTYyMiM1MSMkMSMkMCMkNzIkMzgxMTkxIzExIyQxIyQzIyQ5OSQ0NjE0ODEjNjEjJDEjJDgjJDgz,1시 - 2시
JDQ4MTYyMiM1MSMkMSMkMCMkNzIkMzgxMTkxIzExIyQyIyQzIyQwMCQ0NjE0ODEjNTEjJDEjJDYjJDgz,13시00분~14시00분
JDQ4MTYyMiM1MSMkMSMkMCMkNzIkMzgxMTkxIzIxIyQxIyQ1IyQ3MiQzNjE0ODEjNjEjJDEjJDAjJDgz,오후 1시~2시
JDQ4MTYyMiM1MSMkMSMkMCMkNzIkMzgxMTkxIzIxIyQxIyQ1IyQ4MiQyNjE0ODEjODEjJDEjJDYjJDgz,13시00분~14시00분
JDQ4MTYyMiM1MSMkMSMkMCMkNzIkMzgxMTkxIzIxIyQxIyQxIyQ3MiQyNjE4MzIjNDEjJDEjJDQjJDgz,13시00분~14시00분
JDQ4MTYyMiM1MSMkMSMkMCMkNzIkMzgxMTkxIzIxIyQxIyQxIyQ4OSQyNjEyMjIjNTEjJDEjJDIjJDgz,1시~2시
JDQ4MTYyMiM1MSMkMSMkMCMkNzIkMzgxMTkxIzMxIyQxIyQ3IyQ2MiQyNjE4MzIjODEjJDEjJDIjJDgz,1시 ~2시30분
JDQ4MTYyMiM1MSMkMSMkMCMkNzIkMzgxMTkxIzMxIyQxIyQ3IyQ4OSQzNjE0ODEjNjEjJDEjJDAjJDgz,12시 30분 ~ 2시 00분
JDQ4MTYyMiM1MSMkMSMkMCMkNzIkMzgxMTkxIzMxIyQxIyQzIyQwMyQyNjEwMDIjNjEjJDEjJDAjJDgz,1시 부터 2시
JDQ4MTYyMiM1MSMkMSMkMCMkNzIkMzgxMTkxIzQxIyQxIyQ3IyQ2MiQzNjE0ODEjNTEjJDEjJDIjJDgz,13시00분~14시00분
JDQ4MTYyMiM1MSMkMSMkMCMkNzIkMzgxMTkxIzQxIyQxIyQ3IyQ5MiQyNjE4MzIjNjEjJDEjJDgjJDgz,13시00분~14시00분
JDQ4MTYyMiM1MSMkMSMkMCMkNzIkMzgxMTkxIzQxIyQyIyQ3IyQwMCQyNjE4MzIjNzEjJDEjJDgjJDgz,13시00분 ~ 14시00분
JDQ4MTYyMiM1MSMkMSMkMCMkNzIkMzgxMTkxIzUxIyQxIyQ1IyQ4OSQyNjE0ODEjNDEjJDEjJDgjJDgz,1시30분~2시 30분
JDQ4MTYyMiM1MSMkMSMkMCMkNzIkMzgxMTkxIzUxIyQxIyQ1IyQ5MiQyNjEyMjIjNDEjJDEjJDgjJDgz,13시00분~14시00분
JDQ4MTYyMiM1MSMkMSMkMCMkNzIkMzgxMTkxIzUxIyQxIyQ1IyQwMyQyNjEyMjIjODEjJDEjJDIjJDgz,13시~14시
JDQ4MTYyMiM1MSMkMSMkMCMkNzIkMzgxMzUxIzExIyQxIyQ3IyQ4MiQyNjE0ODEjNjEjJDEjJDQjJDgz,1시 부터 ~ 2시까지
JDQ4MTYyMiM1MSMkMSMkMCMkNzIkMzgxMzUxIzExIyQxIyQ3IyQ5OSQ0NjEwMDIjNDEjJDEjJDQjJDgz,13시~14시
JDQ4MTYyMiM1MSMkMSMkMCMkNzIkMzgxMzUxIzIxIyQxIyQ5IyQ4OSQ0NjE0ODEjNTEjJDEjJDYjJDgz,13시00분~14시00분
JDQ4MTYyMiM1MSMkMSMkMCMkNzIkMzgxMzUxIzIxIyQxIyQxIyQ3MiQyNjE0ODEjNjEjJDEjJDAjJDgz,1시30 ~ 3시
JDQ4MTYyMiM1MSMkMSMkMCMkNzIkMzgxMzUxIzMxIyQxIyQzIyQ5MiQzNjEyMjIjNzEjJDEjJDgjJDgz,13시00분~14시00분
JDQ4MTYyMiM1MSMkMSMkMCMkNzIkMzgxMzUxIzMxIyQyIyQzIyQwMCQ0NjEwMDIjNTEjJDEjJDIjJDgz,13시 14시
JDQ4MTYyMiM1MSMkMSMkMCMkNzIkMzgxMzUxIzQxIyQxIyQ3IyQxMyQyNjE4MzIjNDEjJDEjJDQjJDgz,13:00~14:00
JDQ4MTYyMiM1MSMkMSMkMCMkNzIkMzgxMzUxIzQxIyQxIyQ3IyQxMyQzNjEwMDIjNjEjJDEjJDgjJDgz,12:30분~14시
JDQ4MTYyMiM1MSMkMSMkMCMkNzIkMzgxMzUxIzUxIyQxIyQ1IyQwMyQzNjE0ODEjNTEjJDEjJDYjJDgz,13시00분~14시00분
JDQ4MTYyMiM1MSMkMSMkMCMkNzIkMzgxMzUxIzUxIyQxIyQxIyQwMyQyNjE0ODEjNjEjJDEjJDAjJDgz,12:00~13:00
JDQ4MTYyMiM1MSMkMSMkMCMkNzIkMzgxNzAyIzExIyQxIyQ3IyQ2MiQ0NjE0ODEjNTEjJDEjJDIjJDgz,13시00분~14시00분
JDQ4MTYyMiM1MSMkMSMkMCMkNzIkMzgxNzAyIzExIyQxIyQ3IyQ3OSQyNjEyMjIjNjEjJDEjJDAjJDgz,13시00분~14시30분
JDQ4MTYyMiM1MSMkMSMkMCMkNzIkMzgxNzAyIzExIyQxIyQzIyQ2MiQyNjEyMjIjNzEjJDEjJDgjJDgz,
JDQ4MTYyMiM1MSMkMSMkMCMkNzIkMzgxNzAyIzExIyQxIyQzIyQ3OSQyNjE0ODEjNDEjJDEjJDgjJDgz,12시30분-2시
JDQ4MTYyMiM1MSMkMSMkMCMkNzIkMzgxNzAyIzIxIyQxIyQ1IyQ4OSQyNjE4MzIjNTEjJDEjJDIjJDgz,1:00~ 2:00까지
JDQ4MTYyMiM1MSMkMSMkMCMkNzIkMzgxNzAyIzIxIyQxIyQ5IyQ4MiQ0NjE0ODEjNjEjJDEjJDgjJDgz,13시 ~ 14시
JDQ4MTYyMiM1MSMkMSMkMCMkNzIkMzgxNzAyIzIxIyQxIyQ5IyQ5OSQ0NjE0ODEjNzEjJDEjJDgjJDgz,13 ~14
JDQ4MTYyMiM1MSMkMSMkMCMkNzIkMzgxNzAyIzMxIyQxIyQ3IyQwMyQzNjE0ODEjNDEjJDEjJDgjJDgz,
JDQ4MTYyMiM1MSMkMSMkMCMkNzIkMzgxNzAyIzMxIyQxIyQ3IyQxMyQyNjEyMjIjNDEjJDEjJDgjJDgz,오후12시30분-오후 2시
JDQ4MTYyMiM1MSMkMSMkMCMkNzIkMzgxNzAyIzQxIyQyIyQ3IyQwMCQyNjEwMDIjNjEjJDEjJDgjJDgz,12시30분~14시
JDQ4MTYyMiM1MSMkMSMkMCMkNzIkMzgxNzAyIzUxIyQxIyQxIyQxMyQ0NjE0ODEjNTEjJDEjJDYjJDgz,13:00~14:00
JDQ4MTYyMiM1MSMkMSMkMCMkNzIkMzgxOTYxIzIxIyQxIyQ1IyQ2MiQyNjEwMDIjNzEjJDEjJDgjJDgz,오  후 1 시 ~ 오  후 2 시
JDQ4MTYyMiM1MSMkMSMkMCMkNzIkMzgxOTYxIzIxIyQxIyQ1IyQwMyQzNjE0ODEjNDEjJDEjJDgjJDgz,
JDQ4MTYyMiM1MSMkMSMkMCMkNzIkMzgxOTYxIzIxIyQxIyQ1IyQxMyQzNjEwMDIjNjEjJDEjJDgjJDgz,1시~2시까지
JDQ4MTYyMiM1MSMkMSMkMCMkNzIkMzgxOTYxIzIxIyQxIyQ5IyQ3MiQzNjEyMjIjNDEjJDEjJDgjJDgz,13시~14시30
JDQ4MTYyMiM1MSMkMSMkMCMkNzIkMzgxOTYxIzIxIyQxIyQ5IyQ4MiQ0NjEwMDIjNTEjJDEjJDYjJDgz,13시00분~ 14시 30분
JDQ4MTYyMiM1MSMkMSMkMCMkNzIkMzgxOTYxIzIxIyQxIyQ5IyQwMyQyNjEwMDIjNTEjJDEjJDIjJDgz,
JDQ4MTYyMiM1MSMkMSMkMCMkNzIkMzgxOTYxIzMxIyQxIyQ3IyQwMyQzNjEyMjIjNjEjJDEjJDgjJDgz,12:30~14:00
JDQ4MTYyMiM1MSMkMSMkMCMkNzIkMzgxOTYxIzMxIyQxIyQzIyQ3OSQyNjEyMjIjODEjJDEjJDYjJDgz,13:00-14:30
JDQ4MTYyMiM1MSMkMSMkMCMkNzIkMzgxOTYxIzMxIyQxIyQzIyQxMyQzNjEwMDIjODEjJDEjJDYjJDgz,오후1시~오후2시
JDQ4MTYyMiM1MSMkMSMkMCMkNzIkMzgxOTYxIzMxIyQyIyQzIyQwMCQyNjE4MzIjODEjJDEjJDYjJDgz,오후1시~오후2시30분
JDQ4MTYyMiM1MSMkMSMkMCMkNzIkMzgxOTYxIzQxIyQxIyQ3IyQ3OSQzNjE4MzIjNTEjJDEjJDIjJDgz,13시~14시
JDQ4MTYyMiM1MSMkMSMkMCMkNzIkMzgxOTYxIzQxIyQxIyQ3IyQ5OSQzNjEyMjIjODEjJDEjJDYjJDgz,13시00분~14시00분
JDQ4MTYyMiM1MSMkMSMkMCMkNzIkMzgxOTYxIzUxIyQxIyQ1IyQ5OSQ0NjEwMDIjNjEjJDEjJDgjJDgz,13시30분~14시30
JDQ4MTYyMiM1MSMkMSMkMCMkNzIkMzgxOTYxIzUxIyQxIyQ1IyQwMyQ0NjE0ODEjNDEjJDEjJDgjJDgz,13시 00분 ~ 14시 00분
JDQ4MTYyMiM1MSMkMSMkMCMkNzIkMzgxOTYxIzUxIyQxIyQxIyQ2MiQzNjE4MzIjODEjJDEjJDIjJDgz,
JDQ4MTYyMiM1MSMkMSMkMCMkNzIkMzgxOTYxIzUxIyQxIyQxIyQ4MiQyNjE0ODEjNjEjJDEjJDQjJDgz,13시~14시
JDQ4MTYyMiM1MSMkMSMkMCMkNzIkNDgxMTkxIzExIyQxIyQ3IyQ4OSQ0NjE0ODEjNzEjJDEjJDgjJDgz,12:30~ 2시
JDQ4MTYyMiM1MSMkMSMkMCMkNzIkNDgxMTkxIzExIyQxIyQ3IyQ5MiQyNjEwMDIjNTEjJDEjJDYjJDgz,13시~14시
JDQ4MTYyMiM1MSMkMSMkMCMkNzIkNDgxMTkxIzExIyQxIyQ3IyQ5OSQzNjEyMjIjODEjJDEjJDIjJDgz,1-2시
JDQ4MTYyMiM1MSMkMSMkMCMkNzIkNDgxMTkxIzExIyQxIyQzIyQ4OSQyNjEyMjIjNDEjJDEjJDgjJDgz,13:00 ~14:00
JDQ4MTYyMiM1MSMkMSMkMCMkNzIkNDgxMTkxIzExIyQxIyQzIyQ5OSQyNjEwMDIjNDEjJDEjJDgjJDgz,13시00분~14시00분
JDQ4MTYyMiM1MSMkMSMkMCMkNzIkNDgxMTkxIzIxIyQxIyQ1IyQ4OSQzNjE4MzIjNDEjJDEjJDgjJDgz,12시30분~14시00분
JDQ4MTYyMiM1MSMkMSMkMCMkNzIkNDgxMTkxIzIxIyQxIyQ1IyQ5OSQyNjEyMjIjODEjJDEjJDIjJDgz,13시00분~14시00분
JDQ4MTYyMiM1MSMkMSMkMCMkNzIkNDgxMTkxIzIxIyQxIyQ5IyQ3OSQyNjE0ODEjNTEjJDEjJDYjJDgz,12시30분~2시
JDQ4MTYyMiM1MSMkMSMkMCMkNzIkNDgxMTkxIzIxIyQxIyQ5IyQwMyQ0NjEwMDIjNjEjJDEjJDQjJDgz,1시~2시
JDQ4MTYyMiM1MSMkMSMkMCMkNzIkNDgxMTkxIzIxIyQxIyQxIyQ3OSQzNjE4MzIjODEjJDEjJDIjJDgz,13:00 ~ 14:00
JDQ4MTYyMiM1MSMkMSMkMCMkNzIkNDgxMTkxIzIxIyQxIyQxIyQ5MiQzNjEwMDIjNTEjJDEjJDIjJDgz,13:00 - 14:00
JDQ4MTYyMiM1MSMkMSMkMCMkNzIkNDgxMTkxIzMxIyQxIyQzIyQ4OSQyNjE4MzIjNDEjJDEjJDgjJDgz,13시 00분부터 14시 00분 까지
JDQ4MTYyMiM1MSMkMSMkMCMkNzIkNDgxMTkxIzMxIyQxIyQzIyQ5MiQzNjE0ODEjNTEjJDEjJDYjJDgz,12:30~14:00
JDQ4MTYyMiM1MSMkMSMkMCMkNzIkNDgxMTkxIzMxIyQyIyQzIyQwMCQzNjE4MzIjODEjJDEjJDYjJDgz,1:00~2:00
JDQ4MTYyMiM1MSMkMSMkMCMkNzIkNDgxMTkxIzQxIyQxIyQ3IyQ5OSQyNjE0ODEjNzEjJDEjJDgjJDgz,14시 00분~15시 00분
JDQ4MTYyMiM1MSMkMSMkMCMkNzIkNDgxMTkxIzQxIyQxIyQ3IyQwMyQyNjEyMjIjNzEjJDEjJDgjJDgz,1시~2시
JDQ4MTYyMiM1MSMkMSMkMCMkNzIkNDgxMzUxIzExIyQxIyQ3IyQ5MiQ0NjE0ODEjNDEjJDEjJDQjJDgz,13:00~14:00
JDQ4MTYyMiM1MSMkMSMkMCMkNzIkNDgxMzUxIzExIyQxIyQ3IyQwMyQyNjEwMDIjNDEjJDEjJDQjJDgz,13시 00분 ~ 14시 30분
JDQ4MTYyMiM1MSMkMSMkMCMkNzIkNDgxMzUxIzExIyQxIyQzIyQ2MiQyNjE4MzIjNDEjJDEjJDgjJDgz,13시00분~14시00분
JDQ4MTYyMiM1MSMkMSMkMCMkNzIkNDgxMzUxIzExIyQxIyQzIyQ3OSQzNjEyMjIjNjEjJDEjJDgjJDgz,13시00분~14시00분
JDQ4MTYyMiM1MSMkMSMkMCMkNzIkNDgxMzUxIzExIyQxIyQzIyQ5MiQ0NjEwMDIjNDEjJDEjJDgjJDgz,1시-2시
JDQ4MTYyMiM1MSMkMSMkMCMkNzIkNDgxMzUxIzExIyQyIyQzIyQwMCQyNjE4MzIjNTEjJDEjJDYjJDgz,오후 1시 -2시
JDQ4MTYyMiM1MSMkMSMkMCMkNzIkNDgxMzUxIzIxIyQxIyQ1IyQwMyQ0NjE0ODEjNDEjJDEjJDQjJDgz,01시00~02시00분
JDQ4MTYyMiM1MSMkMSMkMCMkNzIkNDgxMzUxIzIxIyQxIyQ1IyQxMyQyNjE0ODEjNDEjJDEjJDgjJDgz,13:00~14:00
JDQ4MTYyMiM1MSMkMSMkMCMkNzIkNDgxMzUxIzIxIyQxIyQxIyQ3OSQyNjEyMjIjNjEjJDEjJDgjJDgz,12시30분~2시00분
JDQ4MTYyMiM1MSMkMSMkMCMkNzIkNDgxMzUxIzIxIyQxIyQxIyQ4OSQzNjEwMDIjODEjJDEjJDIjJDgz,
JDQ4MTYyMiM1MSMkMSMkMCMkNzIkNDgxMzUxIzMxIyQyIyQ3IyQwMCQ0NjE0ODEjNTEjJDEjJDIjJDgz,01시00분 ~ 02시00분
JDQ4MTYyMiM1MSMkMSMkMCMkNzIkNDgxMzUxIzMxIyQyIyQ3IyQwMCQyNjEyMjIjNTEjJDEjJDYjJDgz,
JDQ4MTYyMiM1MSMkMSMkMCMkNzIkNDgxMzUxIzQxIyQxIyQ3IyQxMyQzNjEyMjIjNjEjJDEjJDgjJDgz,1시 ~2시
JDQ4MTYyMiM1MSMkMSMkMCMkNzIkNDgxMzUxIzUxIyQxIyQ1IyQ4MiQzNjEwMDIjODEjJDEjJDYjJDgz,12:30~2:00
JDQ4MTYyMiM1MSMkMSMkMCMkNzIkNDgxMzUxIzUxIyQxIyQ1IyQ5OSQyNjEyMjIjNjEjJDEjJDQjJDgz,오후1:00 ~ 2:00
JDQ4MTYyMiM1MSMkMSMkMCMkNzIkNDgxNzAyIzExIyQxIyQzIyQ3MiQzNjEyMjIjODEjJDEjJDYjJDgz,13:00~14:00
JDQ4MTYyMiM1MSMkMSMkMCMkNzIkNDgxNzAyIzExIyQxIyQzIyQxMyQ0NjEwMDIjNTEjJDEjJDIjJDgz,12:30-14:00
JDQ4MTYyMiM1MSMkMSMkMCMkNzIkNDgxNzAyIzIxIyQxIyQ1IyQ5OSQyNjEwMDIjNjEjJDEjJDQjJDgz,13시00분~14시00분
JDQ4MTYyMiM1MSMkMSMkMCMkNzIkNDgxNzAyIzIxIyQxIyQxIyQwMyQ0NjEwMDIjODEjJDEjJDIjJDgz,13시00분 ~ 14:00분
JDQ4MTYyMiM1MSMkMSMkMCMkNzIkNDgxNzAyIzIxIyQyIyQ5IyQwMCQ0NjE0ODEjNjEjJDEjJDgjJDgz,13:00~14:00
JDQ4MTYyMiM1MSMkMSMkMCMkNzIkNDgxNzAyIzUxIyQxIyQ1IyQ3OSQ0NjE0ODEjNjEjJDEjJDgjJDgz,13시00분 ~ 14시00분
JDQ4MTYyMiM1MSMkMSMkMCMkNzIkNDgxNzAyIzUxIyQxIyQ1IyQxMyQzNjEyMjIjNjEjJDEjJDQjJDgz,13시00분~14시00분
JDQ4MTYyMiM1MSMkMSMkMCMkNzIkNDgxNzAyIzUxIyQxIyQxIyQ4MiQzNjE0ODEjNDEjJDEjJDgjJDgz,13:00~14:00
JDQ4MTYyMiM1MSMkMSMkMCMkNzIkNDgxNzAyIzUxIyQxIyQxIyQ4OSQzNjE0ODEjNjEjJDEjJDAjJDgz,13시00분~14시00분
JDQ4MTYyMiM1MSMkMSMkMCMkNzIkNDgxOTYxIzExIyQxIyQ3IyQwMyQzNjEwMDIjODEjJDEjJDIjJDgz,9시30분 ~ 6시30분
JDQ4MTYyMiM1MSMkMSMkMCMkNzIkNDgxOTYxIzExIyQxIyQzIyQ2MiQzNjE4MzIjODEjJDEjJDYjJDgz,01:00~2;30
JDQ4MTYyMiM1MSMkMSMkMCMkNzIkNDgxOTYxIzIxIyQxIyQ1IyQ3OSQzNjE4MzIjODEjJDEjJDYjJDgz,13:00 - 14:30
JDQ4MTYyMiM1MSMkMSMkMCMkNzIkNDgxOTYxIzIxIyQxIyQxIyQ3OSQzNjE4MzIjNTEjJDEjJDIjJDgz,13시00분~14시00분
JDQ4MTYyMiM1MSMkMSMkMCMkNzIkNDgxOTYxIzIxIyQxIyQxIyQ5MiQ0NjEwMDIjNDEjJDEjJDQjJDgz,오후1시 ~ 오후2시
JDQ4MTYyMiM1MSMkMSMkMCMkNzIkNDgxOTYxIzIxIyQyIyQ1IyQwMCQzNjEyMjIjNTEjJDEjJDIjJDgz,오후1시 - 2시
JDQ4MTYyMiM1MSMkMSMkMCMkNzIkNDgxOTYxIzMxIyQxIyQ3IyQ4MiQzNjE0ODEjNzEjJDEjJDgjJDgz,오후1시~2시
JDQ4MTYyMiM1MSMkMSMkMCMkNzIkNDgxOTYxIzQxIyQxIyQ3IyQ2MiQyNjEwMDIjNjEjJDEjJDAjJDgz,
JDQ4MTYyMiM1MSMkMSMkMCMkNzIkNDgxOTYxIzQxIyQxIyQ3IyQ5MiQyNjE4MzIjNTEjJDEjJDIjJDgz,13시00분~14시00분
JDQ4MTYyMiM1MSMkMSMkMCMkNzIkNDgxOTYxIzQxIyQxIyQ3IyQxMyQyNjE4MzIjNzEjJDEjJDgjJDgz,13시 00분 ~ 14시 00분
JDQ4MTYyMiM1MSMkMSMkMCMkNzIkNDgxOTYxIzUxIyQxIyQ1IyQ3MiQ0NjE0ODEjNDEjJDEjJDgjJDgz,13시 00분~14시00분
JDQ4MTYyMiM1MSMkMSMkMCMkNzIkNDgxOTYxIzUxIyQxIyQ1IyQ4OSQ0NjEwMDIjNDEjJDEjJDgjJDgz,13시00분~14시00분
JDQ4MTYyMiM1MSMkMSMkMCMkNzIkNDgxOTYxIzUxIyQxIyQxIyQ3MiQzNjEwMDIjNDEjJDEjJDgjJDgz,13시00분~ 14시30분
JDQ4MTYyMiM1MSMkMSMkMCMkNzIkNDgxOTYxIzUxIyQxIyQxIyQ4OSQ0NjEwMDIjNjEjJDEjJDAjJDgz,1시-2시
JDQ4MTYyMiM1MSMkMSMkMCMkNzIkNTgxMzUxIzIxIyQxIyQ1IyQ5MiQyNjE4MzIjNTEjJDEjJDYjJDgz,13시00분~14시00분
JDQ4MTYyMiM1MSMkMSMkMCMkNzIkNTgxMzUxIzIxIyQxIyQ1IyQ5MiQyNjEyMjIjNjEjJDEjJDQjJDgz,13시00분~14시00분
JDQ4MTYyMiM1MSMkMSMkMCMkNzIkNTgxMzUxIzIxIyQxIyQ1IyQxMyQyNjE4MzIjODEjJDEjJDIjJDgz,13:00 ~ 14:00
JDQ4MTYyMiM1MSMkMSMkMCMkNzIkNTgxMzUxIzIxIyQxIyQ5IyQ3OSQ0NjEwMDIjODEjJDEjJDIjJDgz,13:00~14:00
JDQ4MTYyMiM1MSMkMSMkMCMkNzIkNTgxMzUxIzIxIyQxIyQ5IyQwMyQyNjEyMjIjODEjJDEjJDYjJDgz,13시00분~14시30분
JDQ4MTYyMiM1MSMkMSMkMCMkNzIkNTgxMzUxIzIxIyQxIyQ5IyQxMyQzNjEyMjIjODEjJDEjJDYjJDgz,13시 00분 ~ 14시 00분
JDQ4MTYyMiM1MSMkMSMkMCMkNzIkNTgxMzUxIzIxIyQxIyQxIyQ5OSQ0NjEwMDIjNDEjJDEjJDQjJDgz,1시-2시
JDQ4MTYyMiM1MSMkMSMkMCMkNzIkNTgxMzUxIzMxIyQxIyQ3IyQ4MiQyNjEyMjIjNzEjJDEjJDgjJDgz,12시30분~14시00분
JDQ4MTYyMiM1MSMkMSMkMCMkNzIkNTgxMzUxIzUxIyQxIyQ1IyQ5OSQzNjEyMjIjNDEjJDEjJDQjJDgz,"월~수,금 1;30~2;30"
JDQ4MTYyMiM1MSMkMSMkMCMkNzIkNTgxOTYxIzExIyQxIyQ3IyQ4MiQ0NjEwMDIjODEjJDEjJDIjJDgz,
JDQ4MTYyMiM1MSMkMSMkMCMkNzIkNTgxOTYxIzExIyQxIyQ3IyQ4OSQyNjEyMjIjNjEjJDEjJDAjJDgz,13시00분~14시00분
JDQ4MTYyMiM1MSMkMSMkMCMkNzIkNTgxOTYxIzExIyQxIyQ3IyQwMyQyNjE0ODEjODEjJDEjJDYjJDgz,13시00분~14시00분
JDQ4MTYyMiM1MSMkMSMkMCMkNzIkNTgxOTYxIzExIyQxIyQ3IyQwMyQzNjE4MzIjNjEjJDEjJDgjJDgz,
JDQ4MTYyMiM1MSMkMSMkMCMkNzIkNTgxOTYxIzExIyQxIyQzIyQ5OSQ0NjE0ODEjNjEjJDEjJDAjJDgz,13시00분~14시00분
JDQ4MTYyMiM1MSMkMSMkMCMkNzIkNTgxOTYxIzIxIyQxIyQxIyQ5MiQyNjE4MzIjNTEjJDEjJDIjJDgz,13시00분~14시00분
JDQ4MTYyMiM1MSMkMSMkMCMkODkkMzgxMzUxIzExIyQxIyQ3IyQ3OSQzNjE0ODEjNjEjJDEjJDgjJDgz,12:30~13:30
JDQ4MTYyMiM1MSMkMSMkMCMkODkkMzgxMzUxIzExIyQxIyQzIyQ3MiQyNjEwMDIjNDEjJDEjJDgjJDgz,12:30~13:30
JDQ4MTYyMiM1MSMkMSMkMCMkODkkMzgxMzUxIzExIyQxIyQzIyQ3OSQzNjE4MzIjNjEjJDEjJDAjJDgz,12:30~1:30
JDQ4MTYyMiM1MSMkMSMkMCMkOTkkMzgxMzUxIzIxIyQxIyQ5IyQxMyQ0NjEwMDIjNjEjJDEjJDgjJDgz,13:00~14:00
JDQ4MTYyMiM1MSMkMSMkMCMkOTkkMzgxMzUxIzMxIyQxIyQ3IyQ5OSQyNjEyMjIjNDEjJDEjJDgjJDgz,12시 30분 ~ 14시 00분
JDQ4MTYyMiM1MSMkMSMkMCMkOTkkMzgxMzUxIzMxIyQxIyQzIyQ5MiQzNjEwMDIjNjEjJDEjJDQjJDgz,13시~14시
JDQ4MTYyMiM1MSMkMSMkMCMkOTkkMzgxMzUxIzQxIyQxIyQ3IyQwMyQyNjEyMjIjNDEjJDEjJDgjJDgz,12시30분 ~ 13시30분
JDQ4MTYyMiM1MSMkMSMkMCMkOTkkMzgxMzUxIzUxIyQxIyQ1IyQ3MiQyNjEwMDIjNTEjJDEjJDYjJDgz,12:00~13:30
JDQ4MTYyMiM1MSMkMSMkMCMkOTkkMzgxMzUxIzUxIyQxIyQxIyQ5MiQzNjEwMDIjNjEjJDEjJDAjJDgz,
JDQ4MTYyMiM1MSMkMSMkMCMkOTkkMzgxMzUxIzUxIyQyIyQ1IyQwMCQzNjEwMDIjNDEjJDEjJDgjJDgz,오후 1시 ~ 오후 2시
JDQ4MTYyMiM1MSMkMSMkMCMkOTkkMzgxOTYxIzExIyQxIyQ3IyQ2MiQzNjE0ODEjNjEjJDEjJDQjJDgz,13:00-14:00
JDQ4MTYyMiM1MSMkMSMkMCMkOTkkMzgxOTYxIzExIyQxIyQzIyQ4OSQyNjEyMjIjNDEjJDEjJDgjJDgz,13시00분~14시00분
JDQ4MTYyMiM1MSMkMSMkMCMkOTkkNTgxMzUxIzExIyQxIyQzIyQ3MiQyNjE0ODEjNDEjJDEjJDgjJDgz,12시30분~13시30분
JDQ4MTYyMiM1MSMkMSMkMCMkOTkkNTgxMzUxIzIxIyQxIyQ1IyQ4OSQzNjE0ODEjNjEjJDEjJDAjJDgz,13시00분~ 14시00분
JDQ4MTYyMiM1MSMkMSMkMCMkOTkkNTgxMzUxIzIxIyQxIyQ5IyQ5MiQzNjE4MzIjODEjJDEjJDYjJDgz,12:00~13:00
JDQ4MTYyMiM1MSMkMSMkMCMkOTkkNTgxMzUxIzIxIyQxIyQxIyQxMyQ0NjEwMDIjNzEjJDEjJDgjJDgz,12시00분~13시00분
JDQ4MTYyMiM1MSMkMSMkMCMkOTkkNTgxMzUxIzMxIyQxIyQ3IyQ3MiQ0NjE0ODEjNjEjJDEjJDQjJDgz,
JDQ4MTYyMiM1MSMkMSMkMCMkOTkkNTgxMzUxIzMxIyQxIyQ3IyQ3MiQzNjEwMDIjNDEjJDEjJDgjJDgz,12시 30분 ~ 13시 30분
JDQ4MTYyMiM1MSMkMSMkMCMkOTkkNTgxMzUxIzMxIyQxIyQ3IyQ5OSQ0NjEwMDIjNDEjJDEjJDgjJDgz,12시30분~1시30분
JDQ4MTYyMiM1MSMkMSMkMCMkOTkkNTgxMzUxIzMxIyQxIyQzIyQ5OSQyNjE4MzIjNjEjJDEjJDgjJDgz,12:00~13:00
JDQ4MTYyMiM1MSMkMSMkMCMkOTkkNTgxMzUxIzUxIyQxIyQ1IyQ3OSQyNjE0ODEjNTEjJDEjJDIjJDgz,12:30~13:30
JDQ4MTYyMiM1MSMkMSMkMCMkOTkkNTgxMzUxIzUxIyQxIyQ1IyQ3OSQyNjEwMDIjNDEjJDEjJDgjJDgz,12시00분~13시00분
JDQ4MTYyMiM1MSMkMSMkMCMkOTkkNTgxMzUxIzUxIyQxIyQxIyQ3OSQ0NjE0ODEjNDEjJDEjJDgjJDgz,12시00분~13시00분
JDQ4MTYyMiM1MSMkMSMkMCMkOTkkNTgxMzUxIzUxIyQxIyQxIyQwMyQyNjE4MzIjODEjJDEjJDYjJDgz,
JDQ4MTYyMiM1MSMkMSMkMCMkOTkkNTgxMzUxIzUxIyQxIyQxIyQxMyQyNjE4MzIjNjEjJDEjJDgjJDgz,
JDQ4MTYyMiM1MSMkMiMkMCMkMDAkMzgxMTkxIzIxIyQxIyQ1IyQxMyQzNjEwMDIjNTEjJDEjJDIjJDgz,13시00분~14시00분
JDQ4MTYyMiM1MSMkMiMkMCMkMDAkMzgxMTkxIzIxIyQxIyQ5IyQwMyQzNjEwMDIjNDEjJDEjJDgjJDgz,13시00분~14시00분
JDQ4MTYyMiM1MSMkMiMkMCMkMDAkMzgxMTkxIzIxIyQxIyQxIyQxMyQyNjE4MzIjNDEjJDEjJDQjJDgz,
JDQ4MTYyMiM1MSMkMiMkMCMkMDAkMzgxMTkxIzMxIyQxIyQzIyQxMyQyNjEyMjIjNDEjJDEjJDgjJDgz,오전12시30분부터 오후1시30분
JDQ4MTYyMiM1MSMkMiMkMCMkMDAkMzgxMTkxIzMxIyQyIyQ3IyQwMCQzNjE4MzIjNjEjJDEjJDAjJDgz,13시 00분~14시 00분
JDQ4MTYyMiM1MSMkMiMkMCMkMDAkMzgxMTkxIzQxIyQxIyQ3IyQ3MiQzNjE4MzIjNjEjJDEjJDQjJDgz,13:00 ~ 14:00
JDQ4MTYyMiM1MSMkMiMkMCMkMDAkMzgxMTkxIzUxIyQxIyQ1IyQ4MiQyNjEwMDIjNjEjJDEjJDgjJDgz,13시00분~14시00분
JDQ4MTYyMiM1MSMkMiMkMCMkMDAkMzgxMTkxIzUxIyQxIyQ1IyQxMyQ0NjEwMDIjNTEjJDEjJDYjJDgz,13시00분~14시00분
JDQ4MTYyMiM1MSMkMiMkMCMkMDAkMzgxMTkxIzUxIyQxIyQxIyQ3OSQzNjEwMDIjODEjJDEjJDYjJDgz,13:00-14:00
JDQ4MTYyMiM1MSMkMiMkMCMkMDAkMzgxMTkxIzUxIyQxIyQxIyQ5OSQyNjE4MzIjNzEjJDEjJDgjJDgz,12시30분-13시30분
JDQ4MTYyMiM1MSMkMiMkMCMkMDAkMzgxMzUxIzMxIyQxIyQ3IyQwMyQyNjE0ODEjNTEjJDEjJDIjJDgz,13시00분-14시00분
JDQ4MTYyMiM1MSMkMiMkMCMkMDAkMzgxNzAyIzExIyQxIyQ3IyQ2MiQ0NjEwMDIjNDEjJDEjJDgjJDgz,13시00분~14시00분
JDQ4MTYyMiM1MSMkMiMkMCMkMDAkMzgxNzAyIzExIyQxIyQ3IyQxMyQzNjE0ODEjNzEjJDEjJDgjJDgz,13시00분~ 14시 30분
JDQ4MTYyMiM1MSMkMiMkMCMkMDAkMzgxNzAyIzIxIyQxIyQxIyQ5MiQzNjEyMjIjNjEjJDEjJDQjJDgz,13시00분~14시00분
JDQ4MTYyMiM1MSMkMiMkMCMkMDAkMzgxNzAyIzUxIyQxIyQxIyQ5MiQzNjE4MzIjNDEjJDEjJDgjJDgz,13시 00분~14시 30분
JDQ4MTYyMiM1MSMkMiMkMCMkMDAkMzgxNzAyIzUxIyQxIyQxIyQwMyQyNjEwMDIjNDEjJDEjJDQjJDgz,13시00분~14시00분
JDQ4MTYyMiM1MSMkMiMkMCMkMDAkMzgxOTYxIzExIyQxIyQzIyQwMyQ0NjE0ODEjNjEjJDEjJDQjJDgz,13시00 ~ 14시00
JDQ4MTYyMiM1MSMkMiMkMCMkMDAkMzgxOTYxIzIxIyQxIyQ5IyQ5MiQyNjE4MzIjNTEjJDEjJDIjJDgz,13시00분-14시00분
JDQ4MTYyMiM1MSMkMiMkMCMkMDAkMzgxOTYxIzMxIyQxIyQ3IyQ4MiQyNjE4MzIjODEjJDEjJDIjJDgz,13시 00분 ~14시 00분
JDQ4MTYyMiM1MSMkMiMkMCMkMDAkMzgxOTYxIzMxIyQyIyQzIyQwMCQ0NjE0ODEjNDEjJDEjJDgjJDgz,"월,화,수,금 오후1시~2시"
JDQ4MTYyMiM1MSMkMiMkMCMkMDAkMzgxOTYxIzUxIyQxIyQxIyQ3OSQzNjE4MzIjNDEjJDEjJDQjJDgz,13시00분~14시00분
JDQ4MTYyMiM1MSMkMiMkMCMkMDAkMzgxOTYxIzUxIyQxIyQxIyQwMyQyNjE0ODEjNDEjJDEjJDgjJDgz,13:00~14:00
JDQ4MTYyMiM1MSMkMiMkMCMkMDAkNDgxMTkxIzExIyQxIyQzIyQwMyQzNjE0ODEjNDEjJDEjJDQjJDgz,13시00분~14시00분
JDQ4MTYyMiM1MSMkMiMkMCMkMDAkNDgxMTkxIzIxIyQxIyQ1IyQ5OSQzNjE0ODEjNjEjJDEjJDQjJDgz,13:00~14:00
JDQ4MTYyMiM1MSMkMiMkMCMkMDAkNDgxMTkxIzIxIyQxIyQ5IyQ4MiQyNjE4MzIjNTEjJDEjJDIjJDgz,13시00분 ~ 14시00분
JDQ4MTYyMiM1MSMkMiMkMCMkMDAkNDgxMTkxIzIxIyQxIyQxIyQ3OSQyNjE4MzIjNjEjJDEjJDgjJDgz,13시00분~14시00분
JDQ4MTYyMiM1MSMkMiMkMCMkMDAkNDgxMTkxIzIxIyQxIyQxIyQ5MiQ0NjEwMDIjNjEjJDEjJDgjJDgz,오후1시-2시
JDQ4MTYyMiM1MSMkMiMkMCMkMDAkNDgxMTkxIzIxIyQxIyQxIyQ5OSQ0NjE0ODEjNDEjJDEjJDgjJDgz,13시00분~14시00분
JDQ4MTYyMiM1MSMkMiMkMCMkMDAkNDgxMTkxIzMxIyQxIyQ3IyQ5OSQzNjE0ODEjNjEjJDEjJDAjJDgz,13시-14시
JDQ4MTYyMiM1MSMkMiMkMCMkMDAkNDgxMTkxIzQxIyQxIyQ3IyQ3OSQ0NjE0ODEjODEjJDEjJDYjJDgz,
JDQ4MTYyMiM1MSMkMiMkMCMkMDAkNDgxMTkxIzUxIyQxIyQ1IyQ3OSQyNjE0ODEjNjEjJDEjJDgjJDgz,12시20분~1시50분
JDQ4MTYyMiM1MSMkMiMkMCMkMDAkNDgxMzUxIzExIyQxIyQ3IyQ3MiQzNjEwMDIjNDEjJDEjJDgjJDgz,13:00~14:00
JDQ4MTYyMiM1MSMkMiMkMCMkMDAkNDgxMzUxIzExIyQxIyQ3IyQ3OSQyNjEwMDIjNTEjJDEjJDIjJDgz,13시00-14시00
JDQ4MTYyMiM1MSMkMiMkMCMkMDAkNDgxMzUxIzExIyQxIyQzIyQ3OSQyNjE4MzIjNTEjJDEjJDIjJDgz,12시30분~2시
JDQ4MTYyMiM1MSMkMiMkMCMkMDAkNDgxMzUxIzExIyQxIyQzIyQwMyQ0NjEwMDIjNDEjJDEjJDQjJDgz,13시- 14시
JDQ4MTYyMiM1MSMkMiMkMCMkMDAkNDgxMzUxIzIxIyQxIyQ1IyQ4OSQzNjE0ODEjNzEjJDEjJDgjJDgz,13시~14시
JDQ4MTYyMiM1MSMkMiMkMCMkMDAkNDgxMzUxIzIxIyQxIyQ1IyQ5OSQyNjEwMDIjNDEjJDEjJDQjJDgz,13시00분-14시00분
JDQ4MTYyMiM1MSMkMiMkMCMkMDAkNDgxMzUxIzIxIyQxIyQ1IyQ5OSQzNjEwMDIjNTEjJDEjJDIjJDgz,13시00분~ 14시00분
JDQ4MTYyMiM1MSMkMiMkMCMkMDAkNDgxMzUxIzIxIyQxIyQ1IyQwMyQ0NjEwMDIjODEjJDEjJDYjJDgz,오후 1시 - 오후 2시
JDQ4MTYyMiM1MSMkMiMkMCMkMDAkNDgxMzUxIzIxIyQxIyQxIyQ5OSQzNjEwMDIjNjEjJDEjJDgjJDgz,13시00분~14시00분
JDQ4MTYyMiM1MSMkMiMkMCMkMDAkNDgxMzUxIzIxIyQyIyQ1IyQwMCQzNjE0ODEjNDEjJDEjJDgjJDgz,13시00분 ~ 14시00분
JDQ4MTYyMiM1MSMkMiMkMCMkMDAkNDgxMzUxIzMxIyQxIyQ3IyQ3MiQzNjE0ODEjNjEjJDEjJDQjJDgz,오후 1-2시
JDQ4MTYyMiM1MSMkMiMkMCMkMDAkNDgxMzUxIzMxIyQxIyQzIyQ5MiQyNjEyMjIjNzEjJDEjJDgjJDgz,13시00분~14시00분
JDQ4MTYyMiM1MSMkMiMkMCMkMDAkNDgxMzUxIzUxIyQxIyQ1IyQxMyQyNjEwMDIjODEjJDEjJDYjJDgz,오후1시~2시30분
JDQ4MTYyMiM1MSMkMiMkMCMkMDAkNDgxMzUxIzUxIyQxIyQxIyQ4OSQyNjEwMDIjNjEjJDEjJDAjJDgz,오후 1시~ 2시
JDQ4MTYyMiM1MSMkMiMkMCMkMDAkNDgxMzUxIzUxIyQxIyQxIyQxMyQ0NjE0ODEjNDEjJDEjJDQjJDgz,13시00분~14시00분
JDQ4MTYyMiM1MSMkMiMkMCMkMDAkNDgxNzAyIzIxIyQxIyQ1IyQ2MiQzNjEyMjIjNDEjJDEjJDgjJDgz,
JDQ4MTYyMiM1MSMkMiMkMCMkMDAkNDgxNzAyIzIxIyQxIyQ1IyQwMyQ0NjEwMDIjNjEjJDEjJDQjJDgz,13시00분~14시00분
JDQ4MTYyMiM1MSMkMiMkMCMkMDAkNDgxNzAyIzIxIyQxIyQ5IyQwMyQyNjE4MzIjNTEjJDEjJDIjJDgz,12시30분~오후 1시 30분
JDQ4MTYyMiM1MSMkMiMkMCMkMDAkNDgxNzAyIzIxIyQxIyQxIyQ2MiQyNjE4MzIjNDEjJDEjJDgjJDgz,오후 1시 ~ 2시
JDQ4MTYyMiM1MSMkMiMkMCMkMDAkNDgxNzAyIzIxIyQxIyQxIyQ4OSQyNjEwMDIjNTEjJDEjJDIjJDgz,13:00~14:00
JDQ4MTYyMiM1MSMkMiMkMCMkMDAkNDgxNzAyIzMxIyQxIyQ3IyQ2MiQ0NjEwMDIjNjEjJDEjJDQjJDgz,13:00 ~ 14:00
JDQ4MTYyMiM1MSMkMiMkMCMkMDAkNDgxNzAyIzMxIyQxIyQ3IyQ2MiQyNjEwMDIjNDEjJDEjJDQjJDgz,오후1-2시까지
JDQ4MTYyMiM1MSMkMiMkMCMkMDAkNDgxNzAyIzMxIyQxIyQ3IyQ2MiQzNjE0ODEjNjEjJDEjJDAjJDgz,13:00-14:00
JDQ4MTYyMiM1MSMkMiMkMCMkMDAkNDgxNzAyIzMxIyQxIyQ3IyQwMyQzNjE0ODEjNTEjJDEjJDYjJDgz,01:00~02:00
JDQ4MTYyMiM1MSMkMiMkMCMkMDAkNDgxNzAyIzMxIyQxIyQzIyQ2MiQzNjE4MzIjNTEjJDEjJDIjJDgz,13-14
JDQ4MTYyMiM1MSMkMiMkMCMkMDAkNDgxNzAyIzMxIyQxIyQzIyQ3OSQ0NjEwMDIjNDEjJDEjJDQjJDgz,12:00~13:00
JDQ4MTYyMiM1MSMkMiMkMCMkMDAkNDgxNzAyIzMxIyQxIyQzIyQxMyQyNjE4MzIjNjEjJDEjJDgjJDgz,오후 1시 ~ 2시
JDQ4MTYyMiM1MSMkMiMkMCMkMDAkNDgxNzAyIzQxIyQyIyQ3IyQwMCQyNjEyMjIjNzEjJDEjJDgjJDgz,
JDQ4MTYyMiM1MSMkMiMkMCMkMDAkNDgxNzAyIzUxIyQxIyQxIyQ3MiQyNjE4MzIjNjEjJDEjJDgjJDgz,13시00분~14시00분
JDQ4MTYyMiM1MSMkMiMkMCMkMDAkNDgxOTYxIzExIyQxIyQ3IyQ4MiQ0NjEwMDIjNzEjJDEjJDgjJDgz,오후 1~2시
JDQ4MTYyMiM1MSMkMiMkMCMkMDAkNDgxOTYxIzExIyQxIyQ3IyQxMyQzNjEwMDIjNjEjJDEjJDgjJDgz,12시30분~14시00분
JDQ4MTYyMiM1MSMkMiMkMCMkMDAkNDgxOTYxIzIxIyQxIyQ5IyQ3MiQzNjEwMDIjNjEjJDEjJDgjJDgz,12시30분-13시30분
JDQ4MTYyMiM1MSMkMiMkMCMkMDAkNDgxOTYxIzIxIyQxIyQ5IyQ5MiQ0NjE0ODEjNjEjJDEjJDQjJDgz,12시45분- 2시00분
JDQ4MTYyMiM1MSMkMiMkMCMkMDAkNDgxOTYxIzIxIyQxIyQxIyQ5OSQyNjE0ODEjNDEjJDEjJDgjJDgz,PM 13시 -PM 14시
JDQ4MTYyMiM1MSMkMiMkMCMkMDAkNDgxOTYxIzMxIyQxIyQ3IyQ2MiQzNjE4MzIjODEjJDEjJDIjJDgz,13시00분~14시00분
JDQ4MTYyMiM1MSMkMiMkMCMkMDAkNDgxOTYxIzMxIyQxIyQ3IyQ4MiQyNjE0ODEjNjEjJDEjJDQjJDgz,12:30 ~ 14:00
JDQ4MTYyMiM1MSMkMiMkMCMkMDAkNDgxOTYxIzMxIyQyIyQzIyQwMCQyNjE0ODEjNzEjJDEjJDgjJDgz,13시:00분~14시:00분
JDQ4MTYyMiM1MSMkMiMkMCMkMDAkNDgxOTYxIzQxIyQxIyQ3IyQwMyQzNjE0ODEjODEjJDEjJDYjJDgz,13시 00분 - 14시 00분
JDQ4MTYyMiM1MSMkMiMkMCMkMDAkNDgxOTYxIzUxIyQxIyQ1IyQ4OSQzNjE4MzIjNjEjJDEjJDQjJDgz,1시부터 2시까지
JDQ4MTYyMiM1MSMkMiMkMCMkMDAkNDgxOTYxIzUxIyQxIyQ1IyQ5OSQzNjE0ODEjODEjJDEjJDIjJDgz,12시30분~13시30분
JDQ4MTYyMiM1MSMkMiMkMCMkMDAkNTgxMzUxIzExIyQxIyQ3IyQ2MiQzNjEyMjIjNjEjJDEjJDAjJDgz,12시30분~13시30분
JDQ4MTYyMiM1MSMkMiMkMCMkMDAkNTgxMzUxIzExIyQxIyQ3IyQ3MiQyNjEyMjIjODEjJDEjJDYjJDgz,13:00-14:00
JDQ4MTYyMiM1MSMkMiMkMCMkMDAkNTgxMzUxIzExIyQxIyQzIyQ5OSQyNjEyMjIjNDEjJDEjJDgjJDgz,"13:00~14:00, 목요일 휴진"
JDQ4MTYyMiM1MSMkMiMkMCMkMDAkNTgxMzUxIzExIyQxIyQzIyQ5OSQzNjEwMDIjNjEjJDEjJDQjJDgz,13시00분~14시00분
JDQ4MTYyMiM1MSMkMiMkMCMkMDAkNTgxMzUxIzIxIyQxIyQ5IyQ3MiQyNjE4MzIjNjEjJDEjJDgjJDgz,13시00분~14시00분
JDQ4MTYyMiM1MSMkMiMkMCMkMDAkNTgxMzUxIzIxIyQxIyQ5IyQ4MiQzNjEyMjIjODEjJDEjJDIjJDgz,13:00~14:00
JDQ4MTYyMiM1MSMkMiMkMCMkMDAkNTgxMzUxIzIxIyQxIyQ5IyQ4OSQ0NjEwMDIjNjEjJDEjJDgjJDgz,12시30분~14시00분
JDQ4MTYyMiM1MSMkMiMkMCMkMDAkNTgxMzUxIzIxIyQxIyQxIyQ2MiQyNjEwMDIjNDEjJDEjJDQjJDgz,13;00 ~  14;00
JDQ4MTYyMiM1MSMkMiMkMCMkMDAkNTgxMzUxIzMxIyQxIyQ3IyQ3OSQzNjEyMjIjNzEjJDEjJDgjJDgz,1시-2시
JDQ4MTYyMiM1MSMkMiMkMCMkMDAkNTgxMzUxIzMxIyQxIyQ3IyQ4MiQyNjEyMjIjODEjJDEjJDIjJDgz,13시00분 ~14시00분
JDQ4MTYyMiM1MSMkMiMkMCMkMDAkNTgxMzUxIzMxIyQxIyQ3IyQ5MiQyNjE4MzIjNTEjJDEjJDYjJDgz,
JDQ4MTYyMiM1MSMkMiMkMCMkMDAkNTgxMzUxIzMxIyQxIyQ3IyQxMyQyNjEyMjIjNDEjJDEjJDQjJDgz,1시00분~2시00분
JDQ4MTYyMiM1MSMkMiMkMCMkMDAkNTgxMzUxIzMxIyQxIyQzIyQ2MiQyNjE4MzIjNjEjJDEjJDQjJDgz,13시00분 ~ 14시00분
JDQ4MTYyMiM1MSMkMiMkMCMkMDAkNTgxMzUxIzMxIyQxIyQzIyQ3MiQzNjEyMjIjNzEjJDEjJDgjJDgz,13시00분~14시00분
JDQ4MTYyMiM1MSMkMiMkMCMkMDAkNTgxMzUxIzQxIyQxIyQ3IyQ5MiQzNjE0ODEjODEjJDEjJDIjJDgz,13:00~14:00
JDQ4MTYyMiM1MSMkMiMkMCMkMDAkNTgxMzUxIzQxIyQyIyQ3IyQwMCQzNjEwMDIjNzEjJDEjJDgjJDgz,오후 1시00분-2시00분
JDQ4MTYyMiM1MSMkMiMkMCMkMDAkNTgxMzUxIzUxIyQxIyQ1IyQ5MiQzNjEwMDIjODEjJDEjJDYjJDgz,1-2시
JDQ4MTYyMiM1MSMkMiMkMCMkMDAkNTgxMzUxIzUxIyQxIyQ1IyQxMyQ0NjE0ODEjODEjJDEjJDIjJDgz,13시00분~14:00분
JDQ4MTYyMiM1MSMkMiMkMCMkMDAkNTgxOTYxIzExIyQxIyQ3IyQ2MiQzNjE4MzIjODEjJDEjJDIjJDgz,오후 1시~ 오후 2시
JDQ4MTYyMiM1MSMkMiMkMCMkMDAkNTgxOTYxIzExIyQxIyQ3IyQ4MiQzNjE0ODEjODEjJDEjJDIjJDgz,13시00분~14시00분
JDQ4MTYyMiM1MSMkMiMkMCMkMDAkNTgxOTYxIzExIyQxIyQzIyQ2MiQzNjEyMjIjNTEjJDEjJDYjJDgz,13시00분~14시00분
JDQ4MTYyMiM1MSMkMiMkMCMkMDAkNTgxOTYxIzIxIyQxIyQ1IyQ5OSQ0NjE0ODEjNjEjJDEjJDAjJDgz,
JDQ4MTYyMiM1MSMkMiMkMCMkMDAkNTgxOTYxIzIxIyQyIyQxIyQwMCQzNjE0ODEjNTEjJDEjJDIjJDgz,1시00분 ~ 2시00분
JDQ4MTYyMiM1MSMkMiMkMCMkMDAkNTgxOTYxIzMxIyQxIyQ3IyQ3OSQyNjEwMDIjNDEjJDEjJDgjJDgz,13시00분~14시00분
JDQ4MTYyMiM1MSMkMiMkMCMkMDAkNTgxOTYxIzMxIyQxIyQ3IyQ5OSQzNjEyMjIjNzEjJDEjJDgjJDgz,점심시간 없이 교대진료
JDQ4MTYyMiM1MSMkMiMkMCMkMDAkNTgxOTYxIzQxIyQyIyQ3IyQwMCQ0NjE0ODEjNzEjJDEjJDgjJDgz,13시00분~14시00분
JDU4MTI3MSM1MSMkMSMkMCMkMTMkMzgxNzAyIzExIyQxIyQ3IyQ4OSQzNjEwMDIjNzEjJDEjJDgjJDgz,"월,화,목,금 13:00~14:00/ 수요일 점심시간 없음."
JDU4MTI3MSM1MSMkMSMkMCMkMTMkMzgxNzAyIzExIyQxIyQzIyQ5MiQzNjEyMjIjNTEjJDEjJDIjJDgz,13시00분~14시00분
JDU4MTI3MSM1MSMkMSMkMCMkMTMkMzgxNzAyIzIxIyQxIyQ1IyQ4MiQyNjEyMjIjNDEjJDEjJDgjJDgz,09:30~19:00 까지 진료 (점심시간 1시~2시까지)
JDU4MTI3MSM1MSMkMSMkMCMkMTMkMzgxNzAyIzIxIyQxIyQ1IyQ4OSQyNjE4MzIjNTEjJDEjJDYjJDgz,13:00~14:00
JDU4MTI3MSM1MSMkMSMkMCMkMTMkMzgxNzAyIzIxIyQxIyQ5IyQ2MiQyNjE0ODEjNzEjJDEjJDgjJDgz,
JDU4MTI3MSM1MSMkMSMkMCMkMTMkMzgxNzAyIzIxIyQxIyQxIyQxMyQzNjEwMDIjNDEjJDEjJDgjJDgz,13시~14시30분
JDU4MTI3MSM1MSMkMSMkMCMkMTMkMzgxNzAyIzIxIyQyIyQ1IyQwMCQyNjE4MzIjODEjJDEjJDIjJDgz,13:00-14:00
JDU4MTI3MSM1MSMkMSMkMCMkMTMkMzgxNzAyIzIxIyQyIyQxIyQwMCQyNjEyMjIjNTEjJDEjJDYjJDgz,1시 ~2시까지
JDU4MTI3MSM1MSMkMSMkMCMkMTMkMzgxNzAyIzMxIyQxIyQ3IyQ4OSQzNjE4MzIjNjEjJDEjJDQjJDgz,오후 1시 ~ 오후 2시
JDU4MTI3MSM1MSMkMSMkMCMkMTMkMzgxNzAyIzMxIyQxIyQ3IyQ5MiQyNjE4MzIjNjEjJDEjJDgjJDgz,13:00~14:00
JDU4MTI3MSM1MSMkMSMkMCMkMTMkMzgxNzAyIzMxIyQxIyQzIyQ3OSQzNjE0ODEjNzEjJDEjJDgjJDgz,13시00분~14시:00분
JDU4MTI3MSM1MSMkMSMkMCMkMTMkMzgxNzAyIzQxIyQxIyQ3IyQ5OSQzNjE4MzIjODEjJDEjJDYjJDgz,14시00분 - 15시00분
JDU4MTI3MSM1MSMkMSMkMCMkMTMkMzgxNzAyIzUxIyQxIyQ1IyQ3MiQ0NjEwMDIjNDEjJDEjJDQjJDgz,13:00 ~ 14:00
JDU4MTI3MSM1MSMkMSMkMCMkMTMkMzgxNzAyIzUxIyQxIyQ1IyQ4OSQ0NjE0ODEjNTEjJDEjJDIjJDgz,13시00분~14시00분
JDU4MTI3MSM1MSMkMSMkMCMkMTMkMzgxNzAyIzUxIyQxIyQ1IyQwMyQyNjEyMjIjNjEjJDEjJDAjJDgz,13시00분~14시30분
JDU4MTI3MSM1MSMkMSMkMCMkMTMkMzgxNzAyIzUxIyQxIyQxIyQ3MiQzNjEyMjIjODEjJDEjJDYjJDgz,13시00분~14시00분
JDU4MTI3MSM1MSMkMSMkMCMkMTMkMzgxNzAyIzUxIyQyIyQ1IyQwMCQyNjE0ODEjNDEjJDEjJDgjJDgz,13시00분~14시00분
JDU4MTI3MSM1MSMkMSMkMCMkMTMkMzgxNzAyIzUxIyQyIyQ1IyQwMCQyNjEwMDIjNDEjJDEjJDQjJDgz,오후1:00~오후2:00
JDU4MTI3MSM1MSMkMSMkMCMkMTMkMzgxNzAyIzUxIyQyIyQxIyQwMCQ0NjE0ODEjNDEjJDEjJDgjJDgz,
JDU4MTI3MSM1MSMkMSMkMCMkMTMkNDgxMzUxIzExIyQxIyQ3IyQ2MiQyNjEwMDIjNDEjJDEjJDgjJDgz,13:00~14:00
JDU4MTI3MSM1MSMkMSMkMCMkMTMkNDgxMzUxIzExIyQxIyQzIyQ3MiQyNjEwMDIjNTEjJDEjJDIjJDgz,13시00분 ~ 14시 00분
JDU4MTI3MSM1MSMkMSMkMCMkMTMkNDgxMzUxIzExIyQxIyQzIyQ3MiQyNjEyMjIjNDEjJDEjJDgjJDgz,13:00 ~ 14:00
JDU4MTI3MSM1MSMkMSMkMCMkMTMkNDgxMzUxIzExIyQxIyQzIyQ5MiQ0NjEwMDIjNTEjJDEjJDIjJDgz,오후 1시~2시 (수요일 점심시간 없이 오후 2시까지 진료)
JDU4MTI3MSM1MSMkMSMkMCMkMTMkNDgxMzUxIzExIyQxIyQzIyQwMyQzNjEwMDIjNzEjJDEjJDgjJDgz,13시00분~14시00분
JDU4MTI3MSM1MSMkMSMkMCMkMTMkNDgxMzUxIzIxIyQxIyQ5IyQ2MiQyNjEwMDIjNDEjJDEjJDgjJDgz,13:00~14:00
JDU4MTI3MSM1MSMkMSMkMCMkMTMkNDgxMzUxIzIxIyQxIyQ5IyQ4MiQyNjE4MzIjNDEjJDEjJDgjJDgz,13시00분 ~ 14시00분
JDU4MTI3MSM1MSMkMSMkMCMkMTMkNDgxMzUxIzIxIyQxIyQxIyQ3MiQ0NjEwMDIjNDEjJDEjJDgjJDgz,"14:00-15:00 (수요일, 토요일 점심시간 없이 진료)"
JDU4MTI3MSM1MSMkMSMkMCMkMTMkNDgxMzUxIzIxIyQxIyQxIyQ3MiQyNjE4MzIjNDEjJDEjJDgjJDgz,13:00~14:00
JDU4MTI3MSM1MSMkMSMkMCMkMTMkNDgxMzUxIzIxIyQxIyQxIyQ4OSQyNjEwMDIjNjEjJDEjJDgjJDgz,오후 1:00~ 2:00
JDU4MTI3MSM1MSMkMSMkMCMkMTMkNDgxMzUxIzIxIyQxIyQxIyQxMyQ0NjE0ODEjNDEjJDEjJDgjJDgz,13시00분~14시00분
JDU4MTI3MSM1MSMkMSMkMCMkMTMkNDgxMzUxIzMxIyQxIyQ3IyQ5MiQzNjE4MzIjNjEjJDEjJDAjJDgz,13:00~14:00
JDU4MTI3MSM1MSMkMSMkMCMkMTMkNDgxMzUxIzMxIyQxIyQzIyQ5MiQyNjE4MzIjNjEjJDEjJDQjJDgz,오후2 ~ 3시
JDU4MTI3MSM1MSMkMSMkMCMkMTMkNDgxMzUxIzQxIyQxIyQ3IyQ5MiQzNjEwMDIjNjEjJDEjJDAjJDgz,
JDU4MTI3MSM1MSMkMSMkMCMkMTMkNDgxMzUxIzUxIyQxIyQ1IyQ3MiQ0NjE0ODEjNzEjJDEjJDgjJDgz,13:00~14:00
JDU4MTI3MSM1MSMkMSMkMCMkMTMkNDgxMzUxIzUxIyQxIyQ1IyQ4MiQzNjE4MzIjNjEjJDEjJDgjJDgz,
JDU4MTI3MSM1MSMkMSMkMCMkMTMkNDgxMzUxIzUxIyQxIyQ1IyQ5OSQ0NjE0ODEjNjEjJDEjJDQjJDgz,1:00 -2:00
JDU4MTI3MSM1MSMkMSMkMCMkMTMkNDgxMzUxIzUxIyQxIyQxIyQ3OSQyNjEwMDIjNzEjJDEjJDgjJDgz,13시 00분 ~ 14시 30분
JDU4MTI3MSM1MSMkMSMkMCMkMTMkNDgxOTYxIzExIyQxIyQzIyQ5OSQyNjE0ODEjODEjJDEjJDIjJDgz,13:00~14:00
JDU4MTI3MSM1MSMkMSMkMCMkMTMkNDgxOTYxIzIxIyQxIyQ1IyQ2MiQzNjE4MzIjODEjJDEjJDYjJDgz,12시30분~14시00분
JDU4MTI3MSM1MSMkMSMkMCMkMTMkNDgxOTYxIzIxIyQxIyQ1IyQ3MiQzNjEwMDIjNDEjJDEjJDQjJDgz,13:00~14:00
JDU4MTI3MSM1MSMkMSMkMCMkMTMkNDgxOTYxIzIxIyQxIyQ1IyQ3OSQyNjEyMjIjODEjJDEjJDYjJDgz,점심시간없이진료
JDU4MTI3MSM1MSMkMSMkMCMkMTMkNDgxOTYxIzIxIyQxIyQ1IyQ4MiQyNjE4MzIjNDEjJDEjJDgjJDgz,"13시00분~14시00분(수,토요일 점심시간 없음)"
JDU4MTI3MSM1MSMkMSMkMCMkMTMkNDgxOTYxIzIxIyQxIyQ1IyQxMyQ0NjE0ODEjNTEjJDEjJDYjJDgz,13:00~14:00
JDU4MTI3MSM1MSMkMSMkMCMkMTMkNDgxOTYxIzIxIyQxIyQ5IyQ3MiQzNjE0ODEjODEjJDEjJDIjJDgz,13시00분~14시00분
JDU4MTI3MSM1MSMkMSMkMCMkMTMkNDgxOTYxIzMxIyQxIyQ3IyQwMyQyNjE0ODEjNDEjJDEjJDQjJDgz,13시00분 ~ 14시00분
JDU4MTI3MSM1MSMkMSMkMCMkMTMkNDgxOTYxIzMxIyQxIyQ3IyQxMyQ0NjE0ODEjNTEjJDEjJDIjJDgz,13:30~14:30
JDU4MTI3MSM1MSMkMSMkMCMkOTkkNTgxMzUxIzExIyQxIyQzIyQ3OSQzNjE0ODEjNDEjJDEjJDgjJDgz,12:30~13:30
JDU4MTI3MSM1MSMkMiMkMCMkMDAkMzgxMTkxIzExIyQxIyQ3IyQxMyQyNjE0ODEjNDEjJDEjJDgjJDgz,
JDU4MTI3MSM1MSMkMiMkMCMkMDAkMzgxMTkxIzExIyQxIyQzIyQ4OSQyNjEyMjIjNTEjJDEjJDYjJDgz,13시~14시
JDU4MTI3MSM1MSMkMiMkMCMkMDAkMzgxMTkxIzExIyQxIyQzIyQwMyQ0NjEwMDIjNDEjJDEjJDgjJDgz,12시40분~14시00분
JDU4MTI3MSM1MSMkMiMkMCMkMDAkMzgxMTkxIzIxIyQxIyQ5IyQ5MiQ0NjEwMDIjNDEjJDEjJDQjJDgz,13시-14시
JDU4MTI3MSM1MSMkMiMkMCMkMDAkMzgxMTkxIzIxIyQxIyQxIyQ4OSQzNjEyMjIjODEjJDEjJDYjJDgz,13시00분~14시00분
JDU4MTI3MSM1MSMkMiMkMCMkMDAkMzgxMTkxIzMxIyQxIyQ3IyQwMyQyNjE0ODEjNjEjJDEjJDgjJDgz,13시00분~14시00분
JDU4MTI3MSM1MSMkMiMkMCMkMDAkMzgxMTkxIzMxIyQxIyQ3IyQwMyQzNjE4MzIjNTEjJDEjJDYjJDgz,13시00분~14시00분
JDU4MTI3MSM1MSMkMiMkMCMkMDAkMzgxMTkxIzMxIyQxIyQzIyQ2MiQzNjE4MzIjODEjJDEjJDIjJDgz,13시00분 ~ 14시00분
JDU4MTI3MSM1MSMkMiMkMCMkMDAkMzgxMTkxIzMxIyQxIyQzIyQ4MiQ0NjEwMDIjODEjJDEjJDYjJDgz,13시00분~14시00분
JDU4MTI3MSM1MSMkMiMkMCMkMDAkMzgxMTkxIzMxIyQyIyQ3IyQwMCQyNjE0ODEjNDEjJDEjJDQjJDgz,13시00분~14시00분
JDU4MTI3MSM1MSMkMiMkMCMkMDAkMzgxMTkxIzQxIyQxIyQ3IyQ4MiQyNjE0ODEjODEjJDEjJDIjJDgz,13시00분~14시00분
JDU4MTI3MSM1MSMkMiMkMCMkMDAkMzgxMTkxIzQxIyQxIyQ3IyQ5MiQyNjE4MzIjNDEjJDEjJDQjJDgz,
JDU4MTI3MSM1MSMkMiMkMCMkMDAkMzgxMTkxIzUxIyQxIyQ1IyQ5MiQzNjEyMjIjNzEjJDEjJDgjJDgz,13시00분~14시00분
JDU4MTI3MSM1MSMkMiMkMCMkMDAkMzgxMTkxIzUxIyQxIyQ1IyQ5OSQ0NjE0ODEjNzEjJDEjJDgjJDgz,13시00분~14시00분
JDU4MTI3MSM1MSMkMiMkMCMkMDAkMzgxMTkxIzUxIyQxIyQ1IyQxMyQyNjE4MzIjNzEjJDEjJDgjJDgz,13시 00분 ~ 14시 00분
JDU4MTI3MSM1MSMkMiMkMCMkMDAkMzgxMTkxIzUxIyQxIyQxIyQ3MiQzNjE4MzIjNjEjJDEjJDAjJDgz,
JDU4MTI3MSM1MSMkMiMkMCMkMDAkMzgxMTkxIzUxIyQyIyQ1IyQwMCQzNjE4MzIjNjEjJDEjJDgjJDgz,13시 ~ 14시
JDU4MTI3MSM1MSMkMiMkMCMkMDAkMzgxMzUxIzIxIyQxIyQ1IyQ2MiQ0NjEwMDIjNDEjJDEjJDgjJDgz,13시00분-14시00분
JDU4MTI3MSM1MSMkMiMkMCMkMDAkMzgxMzUxIzIxIyQxIyQ5IyQ3MiQzNjE0ODEjNTEjJDEjJDYjJDgz,13시00분~14시00분
JDU4MTI3MSM1MSMkMiMkMCMkMDAkMzgxMzUxIzIxIyQxIyQxIyQ3OSQ0NjEwMDIjNjEjJDEjJDQjJDgz,13시00분~14시00분
JDU4MTI3MSM1MSMkMiMkMCMkMDAkMzgxMzUxIzIxIyQxIyQxIyQ4MiQ0NjEwMDIjODEjJDEjJDYjJDgz,12시30분~2시00분
JDU4MTI3MSM1MSMkMiMkMCMkMDAkMzgxMzUxIzMxIyQxIyQ3IyQ3OSQyNjEyMjIjNTEjJDEjJDYjJDgz,13시00분~14시00분
JDU4MTI3MSM1MSMkMiMkMCMkMDAkMzgxMzUxIzMxIyQxIyQzIyQ4MiQyNjE4MzIjODEjJDEjJDYjJDgz,13시00분~14시00분
JDU4MTI3MSM1MSMkMiMkMCMkMDAkMzgxMzUxIzQxIyQxIyQ3IyQ3OSQzNjEwMDIjNjEjJDEjJDAjJDgz,13시00분 ~ 14시 00분
JDU4MTI3MSM1MSMkMiMkMCMkMDAkMzgxMzUxIzUxIyQxIyQ1IyQ2MiQyNjE0ODEjNjEjJDEjJDQjJDgz,"월,화,수,목,금 저녁시간  17시~18시"
JDU4MTI3MSM1MSMkMiMkMCMkMDAkMzgxMzUxIzUxIyQxIyQ1IyQ3MiQzNjEwMDIjNTEjJDEjJDYjJDgz,13시00분~14시00분
JDU4MTI3MSM1MSMkMiMkMCMkMDAkMzgxMzUxIzUxIyQyIyQ1IyQwMCQ0NjE0ODEjNTEjJDEjJDYjJDgz,13시00분~14시00분 (수요일은 오전진료만)
JDU4MTI3MSM1MSMkMiMkMCMkMDAkMzgxNzAyIzExIyQxIyQ3IyQ3MiQzNjEyMjIjNzEjJDEjJDgjJDgz,12시30분~14시00분
JDU4MTI3MSM1MSMkMiMkMCMkMDAkMzgxNzAyIzExIyQxIyQ3IyQ3OSQzNjE4MzIjODEjJDEjJDYjJDgz,12시30분-14시
JDU4MTI3MSM1MSMkMiMkMCMkMDAkMzgxNzAyIzExIyQxIyQzIyQ3OSQyNjE4MzIjNDEjJDEjJDQjJDgz,13시00분~14시00분
JDU4MTI3MSM1MSMkMiMkMCMkMDAkMzgxNzAyIzExIyQxIyQzIyQ4MiQyNjE4MzIjNTEjJDEjJDYjJDgz,12시45분 ~ 14시00분
JDU4MTI3MSM1MSMkMiMkMCMkMDAkMzgxNzAyIzIxIyQxIyQ1IyQ4OSQzNjE0ODEjNjEjJDEjJDAjJDgz,13시 ~ 14시
JDU4MTI3MSM1MSMkMiMkMCMkMDAkMzgxNzAyIzIxIyQxIyQ1IyQ5MiQyNjE0ODEjNjEjJDEjJDQjJDgz,"13시00분~14시00분, 목요일: 없음"
JDU4MTI3MSM1MSMkMiMkMCMkMDAkMzgxNzAyIzIxIyQxIyQ5IyQ4OSQ0NjE0ODEjNTEjJDEjJDYjJDgz,13시00분 ~ 14시00분
JDU4MTI3MSM1MSMkMiMkMCMkMDAkMzgxNzAyIzIxIyQxIyQ5IyQ4OSQzNjEyMjIjNzEjJDEjJDgjJDgz,13시 00분 ~ 14시 00분
JDU4MTI3MSM1MSMkMiMkMCMkMDAkMzgxNzAyIzIxIyQxIyQ5IyQwMyQ0NjEwMDIjNTEjJDEjJDIjJDgz,13시00분~14시00분
JDU4MTI3MSM1MSMkMiMkMCMkMDAkMzgxNzAyIzIxIyQxIyQ5IyQwMyQzNjEyMjIjODEjJDEjJDIjJDgz,1시~2시
JDU4MTI3MSM1MSMkMiMkMCMkMDAkMzgxNzAyIzIxIyQxIyQxIyQ3MiQyNjE4MzIjODEjJDEjJDYjJDgz,오후 1시~2시
JDU4MTI3MSM1MSMkMiMkMCMkMDAkMzgxNzAyIzIxIyQxIyQxIyQ4MiQzNjE4MzIjODEjJDEjJDYjJDgz,12시30분 ~13시30분
JDU4MTI3MSM1MSMkMiMkMCMkMDAkMzgxNzAyIzIxIyQxIyQxIyQwMyQzNjEyMjIjNjEjJDEjJDQjJDgz,13시 00분~14시 00분
JDU4MTI3MSM1MSMkMiMkMCMkMDAkMzgxNzAyIzIxIyQyIyQ5IyQwMCQyNjE4MzIjNzEjJDEjJDgjJDgz,13:00~14:00
JDU4MTI3MSM1MSMkMiMkMCMkMDAkMzgxNzAyIzIxIyQyIyQxIyQwMCQzNjEwMDIjNDEjJDEjJDgjJDgz,13시00분~14시00분
JDU4MTI3MSM1MSMkMiMkMCMkMDAkMzgxNzAyIzMxIyQxIyQ3IyQ4MiQyNjEwMDIjNjEjJDEjJDQjJDgz,13시00분 ~ 14시00분
JDU4MTI3MSM1MSMkMiMkMCMkMDAkMzgxNzAyIzMxIyQxIyQ3IyQwMyQzNjEwMDIjNTEjJDEjJDIjJDgz,13시00분~14시00분
JDU4MTI3MSM1MSMkMiMkMCMkMDAkMzgxNzAyIzMxIyQxIyQzIyQ2MiQ0NjEwMDIjNDEjJDEjJDQjJDgz,
JDU4MTI3MSM1MSMkMiMkMCMkMDAkMzgxNzAyIzMxIyQxIyQzIyQ2MiQyNjE0ODEjNjEjJDEjJDgjJDgz,1시-2시
JDU4MTI3MSM1MSMkMiMkMCMkMDAkMzgxNzAyIzMxIyQxIyQzIyQ4MiQzNjEwMDIjNDEjJDEjJDgjJDgz,13시00분~14시00분
JDU4MTI3MSM1MSMkMiMkMCMkMDAkMzgxNzAyIzMxIyQxIyQzIyQ5MiQyNjEwMDIjNjEjJDEjJDgjJDgz,13시00분~14시00분
JDU4MTI3MSM1MSMkMiMkMCMkMDAkMzgxNzAyIzQxIyQxIyQ3IyQ3OSQzNjEwMDIjNDEjJDEjJDgjJDgz,13시00분~14시00분
JDU4MTI3MSM1MSMkMiMkMCMkMDAkMzgxNzAyIzQxIyQxIyQ3IyQ5OSQyNjE4MzIjODEjJDEjJDYjJDgz,
JDU4MTI3MSM1MSMkMiMkMCMkMDAkMzgxNzAyIzQxIyQxIyQ3IyQwMyQyNjE0ODEjODEjJDEjJDIjJDgz,13시00분~14시00분
JDU4MTI3MSM1MSMkMiMkMCMkMDAkMzgxNzAyIzQxIyQxIyQ3IyQxMyQzNjE0ODEjODEjJDEjJDIjJDgz,13시00분~14시00분
JDU4MTI3MSM1MSMkMiMkMCMkMDAkMzgxNzAyIzUxIyQxIyQ1IyQ3MiQ0NjE0ODEjNjEjJDEjJDAjJDgz,13시~14시
JDU4MTI3MSM1MSMkMiMkMCMkMDAkMzgxNzAyIzUxIyQxIyQ1IyQ4MiQyNjEwMDIjNjEjJDEjJDAjJDgz,13시00분 ~ 14시30분
JDU4MTI3MSM1MSMkMiMkMCMkMDAkMzgxNzAyIzUxIyQyIyQxIyQwMCQ0NjE0ODEjNTEjJDEjJDYjJDgz,13시-14시
JDU4MTI3MSM1MSMkMiMkMCMkMDAkMzgxOTYxIzExIyQxIyQ3IyQ2MiQyNjE4MzIjNjEjJDEjJDAjJDgz,
JDU4MTI3MSM1MSMkMiMkMCMkMDAkMzgxOTYxIzExIyQxIyQ3IyQ2MiQzNjE0ODEjNTEjJDEjJDIjJDgz,13시00분-14시00분
JDU4MTI3MSM1MSMkMiMkMCMkMDAkMzgxOTYxIzExIyQxIyQ3IyQwMyQzNjEyMjIjODEjJDEjJDIjJDgz,13시00분 - 14시00분
JDU4MTI3MSM1MSMkMiMkMCMkMDAkMzgxOTYxIzExIyQxIyQzIyQ4OSQ0NjEwMDIjNjEjJDEjJDQjJDgz,12시 30분 ~ 13시 30분
JDU4MTI3MSM1MSMkMiMkMCMkMDAkMzgxOTYxIzExIyQyIyQ3IyQwMCQzNjEwMDIjNTEjJDEjJDYjJDgz,12시40분~2시
JDU4MTI3MSM1MSMkMiMkMCMkMDAkMzgxOTYxIzExIyQyIyQzIyQwMCQyNjEyMjIjNTEjJDEjJDIjJDgz,1:00~2:00
JDU4MTI3MSM1MSMkMiMkMCMkMDAkMzgxOTYxIzExIyQyIyQzIyQwMCQzNjEyMjIjNjEjJDEjJDQjJDgz,12시30분~14시
JDU4MTI3MSM1MSMkMiMkMCMkMDAkMzgxOTYxIzIxIyQxIyQ1IyQ5MiQzNjEwMDIjNjEjJDEjJDQjJDgz,13시~14시
JDU4MTI3MSM1MSMkMiMkMCMkMDAkMzgxOTYxIzIxIyQxIyQxIyQ5OSQyNjE0ODEjNDEjJDEjJDgjJDgz,13시00분~14시00분
JDU4MTI3MSM1MSMkMiMkMCMkMDAkMzgxOTYxIzIxIyQxIyQxIyQ5OSQzNjE0ODEjNjEjJDEjJDAjJDgz,11시 40분~13시00분
JDU4MTI3MSM1MSMkMiMkMCMkMDAkMzgxOTYxIzMxIyQxIyQ3IyQ3MiQzNjE4MzIjNjEjJDEjJDgjJDgz,13시00분~14시00분
JDU4MTI3MSM1MSMkMiMkMCMkMDAkMzgxOTYxIzMxIyQxIyQ3IyQ5OSQzNjE0ODEjNDEjJDEjJDQjJDgz,13:00~14:00
JDU4MTI3MSM1MSMkMiMkMCMkMDAkMzgxOTYxIzMxIyQxIyQzIyQ4OSQyNjE0ODEjNTEjJDEjJDYjJDgz,오후1시부터2시
JDU4MTI3MSM1MSMkMiMkMCMkMDAkMzgxOTYxIzMxIyQxIyQzIyQ4OSQyNjEyMjIjNDEjJDEjJDQjJDgz,13시 - 14시
JDU4MTI3MSM1MSMkMiMkMCMkMDAkMzgxOTYxIzQxIyQxIyQ3IyQ2MiQyNjE0ODEjODEjJDEjJDIjJDgz,
JDU4MTI3MSM1MSMkMiMkMCMkMDAkMzgxOTYxIzQxIyQxIyQ3IyQ3OSQ0NjEwMDIjNTEjJDEjJDIjJDgz,
JDU4MTI3MSM1MSMkMiMkMCMkMDAkMzgxOTYxIzQxIyQxIyQ3IyQ4OSQzNjE4MzIjNTEjJDEjJDYjJDgz,13시00분-14시00분
JDU4MTI3MSM1MSMkMiMkMCMkMDAkMzgxOTYxIzUxIyQxIyQ1IyQ2MiQ0NjEwMDIjNjEjJDEjJDAjJDgz,13:00 ~ 14:00
JDU4MTI3MSM1MSMkMiMkMCMkMDAkMzgxOTYxIzUxIyQxIyQxIyQwMyQyNjE4MzIjODEjJDEjJDIjJDgz,13시00분~14시00분
JDU4MTI3MSM1MSMkMiMkMCMkMDAkNDgxMTkxIzExIyQxIyQ3IyQ3MiQ0NjEwMDIjODEjJDEjJDIjJDgz,
JDU4MTI3MSM1MSMkMiMkMCMkMDAkNDgxMTkxIzExIyQxIyQ3IyQwMyQzNjE0ODEjODEjJDEjJDYjJDgz,13:00 -14:00
JDU4MTI3MSM1MSMkMiMkMCMkMDAkNDgxMTkxIzIxIyQxIyQ1IyQ2MiQzNjE4MzIjNzEjJDEjJDgjJDgz,13:00~14:00
JDU4MTI3MSM1MSMkMiMkMCMkMDAkNDgxMTkxIzIxIyQxIyQ5IyQ3OSQ0NjE0ODEjNTEjJDEjJDIjJDgz,13시00분~14시00분
JDU4MTI3MSM1MSMkMiMkMCMkMDAkNDgxMTkxIzMxIyQxIyQ3IyQ2MiQzNjEyMjIjODEjJDEjJDIjJDgz,13시00분~14시00분
JDU4MTI3MSM1MSMkMiMkMCMkMDAkNDgxMTkxIzMxIyQxIyQ3IyQ3OSQzNjE4MzIjNzEjJDEjJDgjJDgz,
JDU4MTI3MSM1MSMkMiMkMCMkMDAkNDgxMTkxIzMxIyQxIyQ3IyQ5OSQyNjEwMDIjNTEjJDEjJDIjJDgz,13시00분 ~ 14시00분
JDU4MTI3MSM1MSMkMiMkMCMkMDAkNDgxMTkxIzMxIyQxIyQzIyQwMyQzNjEwMDIjNTEjJDEjJDIjJDgz,12:30 ~ 13:30
JDU4MTI3MSM1MSMkMiMkMCMkMDAkNDgxMTkxIzMxIyQxIyQzIyQxMyQzNjE4MzIjNjEjJDEjJDgjJDgz,13시00분~14시00분
JDU4MTI3MSM1MSMkMiMkMCMkMDAkNDgxMTkxIzUxIyQxIyQ1IyQ4MiQ0NjEwMDIjNjEjJDEjJDgjJDgz,13시00분~14시00분
JDU4MTI3MSM1MSMkMiMkMCMkMDAkNDgxMTkxIzUxIyQxIyQ1IyQ5OSQzNjE0ODEjNjEjJDEjJDgjJDgz,13시30분~14시30분
JDU4MTI3MSM1MSMkMiMkMCMkMDAkNDgxMTkxIzUxIyQxIyQxIyQ5OSQyNjE4MzIjNDEjJDEjJDgjJDgz,13시00분~14시00분
JDU4MTI3MSM1MSMkMiMkMCMkMDAkNDgxMzUxIzExIyQxIyQ3IyQ4OSQyNjEyMjIjNDEjJDEjJDgjJDgz,12시30-13시30분
JDU4MTI3MSM1MSMkMiMkMCMkMDAkNDgxMzUxIzIxIyQxIyQ1IyQ5MiQyNjEyMjIjNzEjJDEjJDgjJDgz,13시00분~14시00분
JDU4MTI3MSM1MSMkMiMkMCMkMDAkNDgxMzUxIzIxIyQxIyQxIyQ3OSQzNjEyMjIjNTEjJDEjJDIjJDgz,13시00분 ~ 14시00분
JDU4MTI3MSM1MSMkMiMkMCMkMDAkNDgxMzUxIzMxIyQxIyQ3IyQ4MiQ0NjE0ODEjODEjJDEjJDIjJDgz,13시~14시
JDU4MTI3MSM1MSMkMiMkMCMkMDAkNDgxMzUxIzMxIyQxIyQ3IyQxMyQzNjE0ODEjNzEjJDEjJDgjJDgz,12:30~13:30
JDU4MTI3MSM1MSMkMiMkMCMkMDAkNDgxMzUxIzMxIyQxIyQzIyQ2MiQzNjEyMjIjNDEjJDEjJDgjJDgz,1시~2시
JDU4MTI3MSM1MSMkMiMkMCMkMDAkNDgxMzUxIzMxIyQyIyQzIyQwMCQ0NjEwMDIjODEjJDEjJDIjJDgz,13시00분~14시00분
JDU4MTI3MSM1MSMkMiMkMCMkMDAkNDgxMzUxIzQxIyQxIyQ3IyQ4OSQyNjEwMDIjNDEjJDEjJDgjJDgz,12시 50분~14시00분
JDU4MTI3MSM1MSMkMiMkMCMkMDAkNDgxMzUxIzQxIyQxIyQ3IyQwMyQyNjE0ODEjNTEjJDEjJDYjJDgz,13:00 ~ 14:00
JDU4MTI3MSM1MSMkMiMkMCMkMDAkNDgxMzUxIzUxIyQxIyQ1IyQ5OSQyNjE0ODEjNTEjJDEjJDIjJDgz,13시00분~14시00분
JDU4MTI3MSM1MSMkMiMkMCMkMDAkNDgxMzUxIzUxIyQxIyQ1IyQwMyQyNjEyMjIjNTEjJDEjJDIjJDgz,13시00분~14시00분
JDU4MTI3MSM1MSMkMiMkMCMkMDAkNDgxMzUxIzUxIyQxIyQ1IyQwMyQzNjEwMDIjNzEjJDEjJDgjJDgz,13시00분~14시00분
JDU4MTI3MSM1MSMkMiMkMCMkMDAkNDgxMzUxIzUxIyQxIyQ1IyQxMyQ0NjE0ODEjODEjJDEjJDYjJDgz,13시00분~14시00분
JDU4MTI3MSM1MSMkMiMkMCMkMDAkNDgxNzAyIzExIyQxIyQzIyQ5OSQyNjE4MzIjNjEjJDEjJDgjJDgz,1시-2시
JDU4MTI3MSM1MSMkMiMkMCMkMDAkNDgxNzAyIzIxIyQxIyQ1IyQ2MiQyNjE0ODEjNjEjJDEjJDQjJDgz,13:00~14:00
JDU4MTI3MSM1MSMkMiMkMCMkMDAkNDgxNzAyIzIxIyQxIyQ1IyQ2MiQzNjEyMjIjNjEjJDEjJDAjJDgz,13:00~14:00
JDU4MTI3MSM1MSMkMiMkMCMkMDAkNDgxNzAyIzIxIyQxIyQ5IyQ2MiQyNjEwMDIjNDEjJDEjJDQjJDgz,
JDU4MTI3MSM1MSMkMiMkMCMkMDAkNDgxNzAyIzIxIyQxIyQ5IyQ4OSQyNjEyMjIjNjEjJDEjJDgjJDgz,13:00~14:00
JDU4MTI3MSM1MSMkMiMkMCMkMDAkNDgxNzAyIzIxIyQxIyQxIyQ4MiQzNjE0ODEjNjEjJDEjJDgjJDgz,13시00분 ~ 14시00분
JDU4MTI3MSM1MSMkMiMkMCMkMDAkNDgxNzAyIzMxIyQxIyQ3IyQ3OSQzNjEwMDIjNjEjJDEjJDgjJDgz,13시00분~14시00분
JDU4MTI3MSM1MSMkMiMkMCMkMDAkNDgxNzAyIzQxIyQxIyQ3IyQ3OSQzNjEyMjIjNDEjJDEjJDgjJDgz,13:00 ~ 14:00
JDU4MTI3MSM1MSMkMiMkMCMkMDAkNDgxNzAyIzQxIyQxIyQ3IyQ4OSQzNjEwMDIjNDEjJDEjJDQjJDgz,13:30 ~ 14:30
JDU4MTI3MSM1MSMkMiMkMCMkMDAkNDgxNzAyIzUxIyQxIyQ1IyQ4OSQzNjE0ODEjNjEjJDEjJDAjJDgz,13시00분~14시00분
JDU4MTI3MSM1MSMkMiMkMCMkMDAkNDgxNzAyIzUxIyQxIyQ1IyQxMyQzNjE0ODEjNTEjJDEjJDIjJDgz,14시00분~15시00분
JDU4MTI3MSM1MSMkMiMkMCMkMDAkNDgxNzAyIzUxIyQxIyQxIyQ4MiQzNjEyMjIjNDEjJDEjJDgjJDgz,13시00분~14시00분
JDU4MTI3MSM1MSMkMiMkMCMkMDAkNDgxOTYxIzExIyQxIyQ3IyQ3OSQ0NjE0ODEjODEjJDEjJDIjJDgz,PM12:30~PM2:00
JDU4MTI3MSM1MSMkMiMkMCMkMDAkNDgxOTYxIzExIyQxIyQ3IyQ4OSQzNjE0ODEjNTEjJDEjJDIjJDgz,오후 1시-오후 2시
JDU4MTI3MSM1MSMkMiMkMCMkMDAkNDgxOTYxIzExIyQxIyQzIyQ3OSQ0NjEwMDIjNDEjJDEjJDQjJDgz,13시00분~14시00분
JDU4MTI3MSM1MSMkMiMkMCMkMDAkNDgxOTYxIzIxIyQxIyQ1IyQ3MiQyNjEwMDIjNDEjJDEjJDQjJDgz,13시00분 ~ 14시00분
JDU4MTI3MSM1MSMkMiMkMCMkMDAkNDgxOTYxIzIxIyQxIyQ5IyQ3MiQzNjEyMjIjNzEjJDEjJDgjJDgz,13시00분~14시00분
JDU4MTI3MSM1MSMkMiMkMCMkMDAkNDgxOTYxIzIxIyQxIyQ5IyQ4MiQ0NjE0ODEjNDEjJDEjJDgjJDgz,13시00분~14시00분
JDU4MTI3MSM1MSMkMiMkMCMkMDAkNDgxOTYxIzIxIyQxIyQ5IyQ5MiQyNjE0ODEjNTEjJDEjJDIjJDgz,13시 00분~14시 00분
JDU4MTI3MSM1MSMkMiMkMCMkMDAkNDgxOTYxIzIxIyQxIyQxIyQ4OSQzNjEwMDIjNzEjJDEjJDgjJDgz,13시00분~14시00분
JDU4MTI3MSM1MSMkMiMkMCMkMDAkNDgxOTYxIzIxIyQxIyQxIyQ5MiQyNjE0ODEjNDEjJDEjJDQjJDgz,13시00분~14시00분
JDU4MTI3MSM1MSMkMiMkMCMkMDAkNDgxOTYxIzIxIyQxIyQxIyQ5OSQzNjE0ODEjNjEjJDEjJDgjJDgz,12:00~13:00
JDU4MTI3MSM1MSMkMiMkMCMkMDAkNDgxOTYxIzIxIyQyIyQxIyQwMCQyNjEwMDIjODEjJDEjJDYjJDgz,13시00분~14시00분
JDU4MTI3MSM1MSMkMiMkMCMkMDAkNDgxOTYxIzMxIyQxIyQ3IyQ4MiQyNjEwMDIjNjEjJDEjJDgjJDgz,PM 1:00 - PM 2:00
JDU4MTI3MSM1MSMkMiMkMCMkMDAkNDgxOTYxIzMxIyQxIyQ3IyQ5MiQ0NjE0ODEjNDEjJDEjJDgjJDgz,13:00~14:00
JDU4MTI3MSM1MSMkMiMkMCMkMDAkNDgxOTYxIzMxIyQxIyQzIyQ3OSQyNjE4MzIjNTEjJDEjJDIjJDgz,오후 1시~2시
JDU4MTI3MSM1MSMkMiMkMCMkMDAkNDgxOTYxIzQxIyQxIyQ3IyQwMyQzNjEwMDIjNDEjJDEjJDQjJDgz,
JDU4MTI3MSM1MSMkMiMkMCMkMDAkNDgxOTYxIzQxIyQxIyQ3IyQxMyQyNjEwMDIjNjEjJDEjJDAjJDgz,13시00분~14시00분
JDU4MTI3MSM1MSMkMiMkMCMkMDAkNDgxOTYxIzQxIyQxIyQ3IyQxMyQyNjEyMjIjNTEjJDEjJDIjJDgz,13시00분~14시00분
JDU4MTI3MSM1MSMkMiMkMCMkMDAkNDgxOTYxIzUxIyQxIyQ1IyQwMyQzNjE0ODEjNjEjJDEjJDAjJDgz,13시00분~14시00분
JDU4MTI3MSM1MSMkMiMkMCMkMDAkNDgxOTYxIzUxIyQxIyQ1IyQwMyQzNjEyMjIjNDEjJDEjJDgjJDgz,13시00분 ~ 14시00분
JDU4MTI3MSM1MSMkMiMkMCMkMDAkNDgxOTYxIzUxIyQxIyQxIyQ5OSQ0NjE0ODEjNzEjJDEjJDgjJDgz,13시00분 ~ 14시00분
JDU4MTI3MSM1MSMkMiMkMCMkMDAkNTgxMzUxIzExIyQyIyQzIyQwMCQyNjEyMjIjNDEjJDEjJDgjJDgz,13:00~14:00
JDU4MTI3MSM1MSMkMiMkMCMkMDAkNTgxMzUxIzIxIyQxIyQ1IyQ2MiQ0NjEwMDIjNjEjJDEjJDAjJDgz,13:00 ~ 14:00
JDU4MTI3MSM1MSMkMiMkMCMkMDAkNTgxMzUxIzIxIyQxIyQ1IyQ4MiQyNjE4MzIjNDEjJDEjJDQjJDgz,
JDU4MTI3MSM1MSMkMiMkMCMkMDAkNTgxMzUxIzIxIyQxIyQ5IyQ4MiQ0NjEwMDIjNjEjJDEjJDQjJDgz,13:00~14:00
JDU4MTI3MSM1MSMkMiMkMCMkMDAkNTgxMzUxIzIxIyQxIyQ5IyQ4MiQyNjEwMDIjNDEjJDEjJDQjJDgz,1시부터 2시
JDU4MTI3MSM1MSMkMiMkMCMkMDAkNTgxMzUxIzQxIyQxIyQ3IyQ4MiQzNjE4MzIjODEjJDEjJDIjJDgz,13시00분~14시00분
JDU4MTI3MSM1MSMkMiMkMCMkMDAkNTgxMzUxIzQxIyQxIyQ3IyQ5MiQzNjEyMjIjNzEjJDEjJDgjJDgz,13시00분~14시00분
JDU4MTI3MSM1MSMkMiMkMCMkMDAkNTgxMzUxIzQxIyQxIyQ3IyQ5OSQ0NjEwMDIjNjEjJDEjJDQjJDgz,13시30분~14시30분
JDU4MTI3MSM1MSMkMiMkMCMkMDAkNTgxMzUxIzUxIyQxIyQ1IyQ4OSQyNjE4MzIjNDEjJDEjJDgjJDgz,13:00-14:00
JDU4MTI3MSM1MSMkMiMkMCMkMDAkNTgxMzUxIzUxIyQxIyQ1IyQ4OSQzNjE4MzIjNjEjJDEjJDAjJDgz,12시30분 ~14시00분
JDU4MTI3MSM1MSMkMiMkMCMkMDAkNTgxOTYxIzExIyQxIyQ3IyQxMyQzNjEwMDIjNDEjJDEjJDgjJDgz,13시30분 ~ 14시30분
JDU4MTI3MSM1MSMkMiMkMCMkMDAkNTgxOTYxIzExIyQxIyQzIyQ4OSQzNjEyMjIjNjEjJDEjJDAjJDgz,13:00~14:00
JDU4MTI3MSM1MSMkMiMkMCMkMDAkNTgxOTYxIzExIyQxIyQzIyQxMyQyNjEwMDIjNDEjJDEjJDgjJDgz,13시00분~14시00분
JDU4MTI3MSM1MSMkMiMkMCMkMDAkNTgxOTYxIzIxIyQxIyQ1IyQ2MiQyNjE4MzIjNDEjJDEjJDgjJDgz,
JDU4MTI3MSM1MSMkMiMkMCMkMDAkNTgxOTYxIzIxIyQxIyQ1IyQ5OSQzNjE0ODEjNjEjJDEjJDAjJDgz,13시00분~14시00분
JDU4MTI3MSM1MSMkMiMkMCMkMDAkNTgxOTYxIzIxIyQxIyQ1IyQwMyQyNjE4MzIjNDEjJDEjJDQjJDgz,13시00분-14시00분
JDU4MTI3MSM1MSMkMiMkMCMkMDAkNTgxOTYxIzIxIyQxIyQ5IyQ5OSQyNjE0ODEjODEjJDEjJDIjJDgz,13시00분~14시00분
JDU4MTI3MSM1MSMkMiMkMCMkMDAkNTgxOTYxIzIxIyQyIyQ1IyQwMCQyNjEyMjIjNjEjJDEjJDQjJDgz,13:30~14:30
JDU4MTI3MSM1MSMkMiMkMCMkMDAkNTgxOTYxIzIxIyQyIyQxIyQwMCQ0NjEwMDIjNjEjJDEjJDgjJDgz,
JDU4MTI3MSM1MSMkMiMkMCMkMDAkNTgxOTYxIzMxIyQxIyQ3IyQ2MiQzNjEwMDIjNjEjJDEjJDgjJDgz,13:00~14:00
JDU4MTI3MSM1MSMkMiMkMCMkMDAkNTgxOTYxIzMxIyQxIyQzIyQxMyQzNjEwMDIjNjEjJDEjJDgjJDgz,오후 1시 ~ 오후 2시
