암호화요양기호,기타인력코드
JDQ4MTYyMiM1MSMkMSMkMCMkMTMkMzgxMTkxIzExIyQxIyQ3IyQ3MiQyNjE4MzIjNDEjJDEjJDgjJDgz,72
JDQ4MTYyMiM1MSMkMSMkMCMkMTMkMzgxMTkxIzExIyQxIyQ3IyQ3MiQyNjE4MzIjNDEjJDEjJDgjJDgz,100
JDQ4MTYyMiM1MSMkMSMkMCMkMTMkMzgxMTkxIzExIyQxIyQzIyQ4OSQzNjEyMjIjNDEjJDEjJDgjJDgz,72
JDQ4MTYyMiM1MSMkMSMkMCMkMTMkMzgxMTkxIzExIyQxIyQzIyQ4OSQzNjEyMjIjNDEjJDEjJDgjJDgz,100
JDQ4MTYyMiM1MSMkMSMkMCMkMTMkMzgxMTkxIzExIyQxIyQzIyQ4OSQzNjEyMjIjNDEjJDEjJDgjJDgz,110
JDQ4MTYyMiM1MSMkMSMkMCMkMTMkMzgxMTkxIzExIyQxIyQzIyQ4OSQzNjEyMjIjNDEjJDEjJDgjJDgz,200
JDQ4MTYyMiM1MSMkMSMkMCMkMTMkMzgxMTkxIzIxIyQxIyQ1IyQ3MiQzNjEyMjIjODEjJDEjJDYjJDgz,100
JDQ4MTYyMiM1MSMkMSMkMCMkMTMkMzgxMTkxIzIxIyQxIyQ5IyQ3OSQ0NjE0ODEjNjEjJDEjJDQjJDgz,100
JDQ4MTYyMiM1MSMkMSMkMCMkMTMkMzgxMTkxIzIxIyQxIyQxIyQ3MiQyNjE0ODEjNTEjJDEjJDYjJDgz,100
JDQ4MTYyMiM1MSMkMSMkMCMkMTMkMzgxMTkxIzIxIyQxIyQxIyQ5MiQ0NjE0ODEjNTEjJDEjJDYjJDgz,100
JDQ4MTYyMiM1MSMkMSMkMCMkMTMkMzgxMTkxIzIxIyQyIyQ5IyQwMCQyNjEyMjIjODEjJDEjJDIjJDgz,100
JDQ4MTYyMiM1MSMkMSMkMCMkODkkMzgxMzUxIzExIyQxIyQ3IyQ3OSQzNjE0ODEjNjEjJDEjJDgjJDgz,71
JDQ4MTYyMiM1MSMkMSMkMCMkODkkMzgxMzUxIzExIyQxIyQ3IyQ3OSQzNjE0ODEjNjEjJDEjJDgjJDgz,100
JDQ4MTYyMiM1MSMkMSMkMCMkODkkMzgxMzUxIzExIyQxIyQ3IyQ3OSQzNjE0ODEjNjEjJDEjJDgjJDgz,110
JDQ4MTYyMiM1MSMkMSMkMCMkODkkMzgxMzUxIzExIyQxIyQzIyQ3MiQyNjEwMDIjNDEjJDEjJDgjJDgz,71
JDQ4MTYyMiM1MSMkMSMkMCMkODkkMzgxMzUxIzExIyQxIyQzIyQ3MiQyNjEwMDIjNDEjJDEjJDgjJDgz,72
JDQ4MTYyMiM1MSMkMSMkMCMkODkkMzgxMzUxIzExIyQxIyQzIyQ3MiQyNjEwMDIjNDEjJDEjJDgjJDgz,100
JDQ4MTYyMiM1MSMkMSMkMCMkODkkMzgxMzUxIzExIyQxIyQzIyQ3MiQyNjEwMDIjNDEjJDEjJDgjJDgz,110
JDQ4MTYyMiM1MSMkMSMkMCMkODkkMzgxMzUxIzExIyQxIyQzIyQ3MiQyNjEwMDIjNDEjJDEjJDgjJDgz,200
JDQ4MTYyMiM1MSMkMSMkMCMkODkkMzgxMzUxIzExIyQxIyQzIyQ3MiQzNjE4MzIjNDEjJDEjJDgjJDgz,71
JDQ4MTYyMiM1MSMkMSMkMCMkODkkMzgxMzUxIzExIyQxIyQzIyQ3MiQzNjE4MzIjNDEjJDEjJDgjJDgz,100
JDQ4MTYyMiM1MSMkMSMkMCMkODkkMzgxMzUxIzExIyQxIyQzIyQ3MiQzNjE4MzIjNDEjJDEjJDgjJDgz,110
JDQ4MTYyMiM1MSMkMSMkMCMkODkkMzgxMzUxIzExIyQxIyQzIyQ3MiQzNjE4MzIjNDEjJDEjJDgjJDgz,200
JDQ4MTYyMiM1MSMkMSMkMCMkODkkMzgxMzUxIzExIyQxIyQzIyQ3OSQzNjE4MzIjNjEjJDEjJDAjJDgz,71
JDQ4MTYyMiM1MSMkMSMkMCMkODkkMzgxMzUxIzExIyQxIyQzIyQ3OSQzNjE4MzIjNjEjJDEjJDAjJDgz,100
JDQ4MTYyMiM1MSMkMSMkMCMkODkkMzgxMzUxIzExIyQxIyQzIyQ5MiQzNjEwMDIjODEjJDEjJDYjJDgz,71
JDQ4MTYyMiM1MSMkMSMkMCMkODkkMzgxMzUxIzExIyQxIyQzIyQ5MiQzNjEwMDIjODEjJDEjJDYjJDgz,100
JDQ4MTYyMiM1MSMkMSMkMCMkODkkMzgxMzUxIzExIyQxIyQzIyQ5MiQzNjEwMDIjODEjJDEjJDYjJDgz,110
JDQ4MTYyMiM1MSMkMSMkMCMkODkkMzgxMzUxIzExIyQxIyQzIyQ5MiQzNjEwMDIjODEjJDEjJDYjJDgz,200
JDQ4MTYyMiM1MSMkMSMkMCMkODkkMzgxMzUxIzExIyQxIyQzIyQwMyQyNjEwMDIjNTEjJDEjJDYjJDgz,71
JDQ4MTYyMiM1MSMkMSMkMCMkODkkMzgxMzUxIzExIyQxIyQzIyQwMyQyNjEwMDIjNTEjJDEjJDYjJDgz,100
JDQ4MTYyMiM1MSMkMSMkMCMkODkkMzgxMzUxIzExIyQxIyQzIyQwMyQyNjEwMDIjNTEjJDEjJDYjJDgz,110
JDQ4MTYyMiM1MSMkMSMkMCMkODkkMzgxMzUxIzExIyQxIyQzIyQwMyQyNjEwMDIjNTEjJDEjJDYjJDgz,200
JDQ4MTYyMiM1MSMkMSMkMCMkODkkMzgxMzUxIzExIyQyIyQ3IyQwMCQzNjEyMjIjNjEjJDEjJDAjJDgz,71
JDQ4MTYyMiM1MSMkMSMkMCMkODkkMzgxMzUxIzExIyQyIyQ3IyQwMCQzNjEyMjIjNjEjJDEjJDAjJDgz,100
JDQ4MTYyMiM1MSMkMSMkMCMkODkkMzgxMzUxIzExIyQyIyQ3IyQwMCQzNjEyMjIjNjEjJDEjJDAjJDgz,110
JDQ4MTYyMiM1MSMkMSMkMCMkODkkMzgxMzUxIzExIyQyIyQ3IyQwMCQzNjEyMjIjNjEjJDEjJDAjJDgz,200
JDQ4MTYyMiM1MSMkMSMkMCMkOTIkMzgxMzUxIzExIyQxIyQzIyQ2MiQ0NjE0ODEjODEjJDEjJDYjJDgz,100
JDQ4MTYyMiM1MSMkMSMkMCMkOTIkMzgxMzUxIzExIyQxIyQzIyQ5OSQzNjEwMDIjNDEjJDEjJDQjJDgz,100
JDQ4MTYyMiM1MSMkMSMkMCMkOTIkMzgxMzUxIzExIyQyIyQzIyQwMCQ0NjE0ODEjNDEjJDEjJDgjJDgz,71
JDQ4MTYyMiM1MSMkMSMkMCMkOTIkMzgxMzUxIzExIyQyIyQzIyQwMCQ0NjE0ODEjNDEjJDEjJDgjJDgz,100
JDQ4MTYyMiM1MSMkMSMkMCMkOTkkMzgxMzUxIzIxIyQxIyQ5IyQxMyQ0NjEwMDIjNjEjJDEjJDgjJDgz,71
JDQ4MTYyMiM1MSMkMSMkMCMkOTkkMzgxMzUxIzIxIyQxIyQ5IyQxMyQ0NjEwMDIjNjEjJDEjJDgjJDgz,100
JDQ4MTYyMiM1MSMkMSMkMCMkOTkkMzgxMzUxIzMxIyQxIyQ3IyQ5OSQyNjEyMjIjNDEjJDEjJDgjJDgz,71
JDQ4MTYyMiM1MSMkMSMkMCMkOTkkMzgxMzUxIzMxIyQxIyQ3IyQ5OSQyNjEyMjIjNDEjJDEjJDgjJDgz,100
JDQ4MTYyMiM1MSMkMSMkMCMkOTkkMzgxMzUxIzMxIyQxIyQ3IyQ5OSQyNjEyMjIjNDEjJDEjJDgjJDgz,110
JDQ4MTYyMiM1MSMkMSMkMCMkOTkkMzgxMzUxIzMxIyQxIyQ3IyQ5OSQyNjEyMjIjNDEjJDEjJDgjJDgz,200
JDQ4MTYyMiM1MSMkMSMkMCMkOTkkMzgxMzUxIzMxIyQxIyQzIyQ5MiQzNjEwMDIjNjEjJDEjJDQjJDgz,100
JDQ4MTYyMiM1MSMkMSMkMCMkOTkkMzgxMzUxIzQxIyQxIyQ3IyQwMyQyNjEyMjIjNDEjJDEjJDgjJDgz,71
JDQ4MTYyMiM1MSMkMSMkMCMkOTkkMzgxMzUxIzQxIyQxIyQ3IyQwMyQyNjEyMjIjNDEjJDEjJDgjJDgz,100
JDQ4MTYyMiM1MSMkMSMkMCMkOTkkMzgxMzUxIzUxIyQxIyQ1IyQ3MiQyNjEwMDIjNTEjJDEjJDYjJDgz,200
JDQ4MTYyMiM1MSMkMSMkMCMkOTkkMzgxMzUxIzUxIyQxIyQxIyQ5MiQzNjEwMDIjNjEjJDEjJDAjJDgz,71
JDQ4MTYyMiM1MSMkMSMkMCMkOTkkMzgxMzUxIzUxIyQxIyQxIyQ5MiQzNjEwMDIjNjEjJDEjJDAjJDgz,100
JDQ4MTYyMiM1MSMkMSMkMCMkOTkkMzgxMzUxIzUxIyQxIyQxIyQ5MiQzNjEwMDIjNjEjJDEjJDAjJDgz,110
JDQ4MTYyMiM1MSMkMSMkMCMkOTkkMzgxMzUxIzUxIyQxIyQxIyQ5MiQzNjEwMDIjNjEjJDEjJDAjJDgz,200
JDQ4MTYyMiM1MSMkMSMkMCMkOTkkMzgxMzUxIzUxIyQyIyQ1IyQwMCQzNjEwMDIjNDEjJDEjJDgjJDgz,71
JDQ4MTYyMiM1MSMkMSMkMCMkOTkkMzgxMzUxIzUxIyQyIyQ1IyQwMCQzNjEwMDIjNDEjJDEjJDgjJDgz,100
JDQ4MTYyMiM1MSMkMSMkMCMkOTkkMzgxOTYxIzExIyQxIyQ3IyQ2MiQyNjEyMjIjODEjJDEjJDYjJDgz,71
JDQ4MTYyMiM1MSMkMSMkMCMkOTkkMzgxOTYxIzExIyQxIyQ3IyQ2MiQyNjEyMjIjODEjJDEjJDYjJDgz,100
JDQ4MTYyMiM1MSMkMSMkMCMkOTkkMzgxOTYxIzExIyQxIyQ3IyQ2MiQyNjEyMjIjODEjJDEjJDYjJDgz,110
JDQ4MTYyMiM1MSMkMSMkMCMkOTkkMzgxOTYxIzExIyQxIyQ3IyQ2MiQyNjEyMjIjODEjJDEjJDYjJDgz,200
JDQ4MTYyMiM1MSMkMSMkMCMkOTkkMzgxOTYxIzExIyQxIyQ3IyQ2MiQzNjE0ODEjNjEjJDEjJDQjJDgz,71
JDQ4MTYyMiM1MSMkMSMkMCMkOTkkMzgxOTYxIzExIyQxIyQ3IyQ2MiQzNjE0ODEjNjEjJDEjJDQjJDgz,100
JDQ4MTYyMiM1MSMkMSMkMCMkOTkkMzgxOTYxIzExIyQxIyQzIyQ4MiQyNjEyMjIjNzEjJDEjJDgjJDgz,71
JDQ4MTYyMiM1MSMkMSMkMCMkOTkkMzgxOTYxIzExIyQxIyQzIyQ4MiQyNjEyMjIjNzEjJDEjJDgjJDgz,100
JDQ4MTYyMiM1MSMkMSMkMCMkOTkkMzgxOTYxIzExIyQxIyQzIyQ4OSQyNjEyMjIjNDEjJDEjJDgjJDgz,100
JDQ4MTYyMiM1MSMkMSMkMCMkOTkkMzgxOTYxIzExIyQxIyQzIyQwMyQyNjE0ODEjNjEjJDEjJDQjJDgz,71
JDQ4MTYyMiM1MSMkMSMkMCMkOTkkMzgxOTYxIzExIyQxIyQzIyQwMyQyNjE0ODEjNjEjJDEjJDQjJDgz,100
JDQ4MTYyMiM1MSMkMSMkMCMkOTkkMzgxOTYxIzIxIyQxIyQxIyQ3MiQ0NjE0ODEjNDEjJDEjJDgjJDgz,71
JDQ4MTYyMiM1MSMkMSMkMCMkOTkkMzgxOTYxIzIxIyQxIyQxIyQ3MiQ0NjE0ODEjNDEjJDEjJDgjJDgz,100
JDQ4MTYyMiM1MSMkMSMkMCMkOTkkMzgxOTYxIzIxIyQxIyQxIyQ3MiQ0NjEwMDIjNDEjJDEjJDQjJDgz,71
JDQ4MTYyMiM1MSMkMSMkMCMkOTkkMzgxOTYxIzIxIyQxIyQxIyQ5OSQyNjE4MzIjODEjJDEjJDYjJDgz,100
JDQ4MTYyMiM1MSMkMSMkMCMkOTkkMzgxOTYxIzIxIyQyIyQxIyQwMCQ0NjE0ODEjNzEjJDEjJDgjJDgz,100
JDQ4MTYyMiM1MSMkMSMkMCMkOTkkNTgxMzUxIzExIyQxIyQzIyQ3MiQyNjE0ODEjNDEjJDEjJDgjJDgz,71
JDQ4MTYyMiM1MSMkMSMkMCMkOTkkNTgxMzUxIzExIyQxIyQzIyQ3MiQyNjE0ODEjNDEjJDEjJDgjJDgz,100
JDQ4MTYyMiM1MSMkMSMkMCMkOTkkNTgxMzUxIzExIyQxIyQzIyQ3MiQyNjE0ODEjNDEjJDEjJDgjJDgz,110
JDQ4MTYyMiM1MSMkMSMkMCMkOTkkNTgxMzUxIzExIyQxIyQzIyQ3MiQyNjE0ODEjNDEjJDEjJDgjJDgz,200
JDQ4MTYyMiM1MSMkMSMkMCMkOTkkNTgxMzUxIzIxIyQxIyQ1IyQ4OSQzNjE0ODEjNjEjJDEjJDAjJDgz,100
JDQ4MTYyMiM1MSMkMSMkMCMkOTkkNTgxMzUxIzIxIyQxIyQ5IyQ5MiQzNjE4MzIjODEjJDEjJDYjJDgz,71
JDQ4MTYyMiM1MSMkMSMkMCMkOTkkNTgxMzUxIzIxIyQxIyQ5IyQ5MiQzNjE4MzIjODEjJDEjJDYjJDgz,100
JDQ4MTYyMiM1MSMkMSMkMCMkOTkkNTgxMzUxIzIxIyQxIyQ5IyQ5MiQzNjE4MzIjODEjJDEjJDYjJDgz,110
JDQ4MTYyMiM1MSMkMSMkMCMkOTkkNTgxMzUxIzIxIyQxIyQxIyQxMyQ0NjEwMDIjNzEjJDEjJDgjJDgz,71
JDQ4MTYyMiM1MSMkMSMkMCMkOTkkNTgxMzUxIzIxIyQxIyQxIyQxMyQ0NjEwMDIjNzEjJDEjJDgjJDgz,100
JDQ4MTYyMiM1MSMkMSMkMCMkOTkkNTgxMzUxIzIxIyQxIyQxIyQxMyQ0NjEwMDIjNzEjJDEjJDgjJDgz,200
JDQ4MTYyMiM1MSMkMSMkMCMkOTkkNTgxMzUxIzMxIyQxIyQ3IyQ3MiQ0NjE0ODEjNjEjJDEjJDQjJDgz,71
JDQ4MTYyMiM1MSMkMSMkMCMkOTkkNTgxMzUxIzMxIyQxIyQ3IyQ3MiQ0NjE0ODEjNjEjJDEjJDQjJDgz,100
JDQ4MTYyMiM1MSMkMSMkMCMkOTkkNTgxMzUxIzMxIyQxIyQ3IyQ3MiQ0NjE0ODEjNjEjJDEjJDQjJDgz,110
JDQ4MTYyMiM1MSMkMSMkMCMkOTkkNTgxMzUxIzMxIyQxIyQ3IyQ3MiQ0NjE0ODEjNjEjJDEjJDQjJDgz,200
JDQ4MTYyMiM1MSMkMSMkMCMkOTkkNTgxMzUxIzMxIyQxIyQ3IyQ3MiQzNjEwMDIjNDEjJDEjJDgjJDgz,100
JDQ4MTYyMiM1MSMkMSMkMCMkOTkkNTgxMzUxIzMxIyQxIyQ3IyQ3MiQzNjEwMDIjNDEjJDEjJDgjJDgz,200
JDQ4MTYyMiM1MSMkMSMkMCMkOTkkNTgxMzUxIzMxIyQxIyQ3IyQ5OSQ0NjEwMDIjNDEjJDEjJDgjJDgz,71
JDQ4MTYyMiM1MSMkMSMkMCMkOTkkNTgxMzUxIzMxIyQxIyQ3IyQ5OSQ0NjEwMDIjNDEjJDEjJDgjJDgz,100
JDQ4MTYyMiM1MSMkMSMkMCMkOTkkNTgxMzUxIzMxIyQxIyQ3IyQ5OSQ0NjEwMDIjNDEjJDEjJDgjJDgz,110
JDQ4MTYyMiM1MSMkMSMkMCMkOTkkNTgxMzUxIzMxIyQxIyQ3IyQ5OSQ0NjEwMDIjNDEjJDEjJDgjJDgz,200
JDQ4MTYyMiM1MSMkMSMkMCMkOTkkNTgxMzUxIzMxIyQxIyQzIyQ5OSQyNjE4MzIjNjEjJDEjJDgjJDgz,71
JDQ4MTYyMiM1MSMkMSMkMCMkOTkkNTgxMzUxIzMxIyQxIyQzIyQ5OSQyNjE4MzIjNjEjJDEjJDgjJDgz,100
JDQ4MTYyMiM1MSMkMSMkMCMkOTkkNTgxMzUxIzMxIyQxIyQzIyQ5OSQyNjE4MzIjNjEjJDEjJDgjJDgz,110
JDQ4MTYyMiM1MSMkMSMkMCMkOTkkNTgxMzUxIzMxIyQxIyQzIyQ5OSQyNjE4MzIjNjEjJDEjJDgjJDgz,200
JDQ4MTYyMiM1MSMkMSMkMCMkOTkkNTgxMzUxIzQxIyQxIyQ3IyQ3MiQyNjE4MzIjNDEjJDEjJDgjJDgz,71
JDQ4MTYyMiM1MSMkMSMkMCMkOTkkNTgxMzUxIzQxIyQxIyQ3IyQ3MiQyNjE4MzIjNDEjJDEjJDgjJDgz,110
JDQ4MTYyMiM1MSMkMSMkMCMkOTkkNTgxMzUxIzQxIyQxIyQ3IyQ3MiQyNjE4MzIjNDEjJDEjJDgjJDgz,200
JDQ4MTYyMiM1MSMkMSMkMCMkOTkkNTgxMzUxIzUxIyQxIyQ1IyQ3MiQyNjE4MzIjNTEjJDEjJDYjJDgz,100
JDQ4MTYyMiM1MSMkMSMkMCMkOTkkNTgxMzUxIzUxIyQxIyQ1IyQ3MiQyNjE4MzIjNTEjJDEjJDYjJDgz,110
JDQ4MTYyMiM1MSMkMSMkMCMkOTkkNTgxMzUxIzUxIyQxIyQ1IyQ3MiQyNjE4MzIjNTEjJDEjJDYjJDgz,200
JDQ4MTYyMiM1MSMkMSMkMCMkOTkkNTgxMzUxIzUxIyQxIyQ1IyQ3OSQyNjE0ODEjNTEjJDEjJDIjJDgz,100
JDQ4MTYyMiM1MSMkMSMkMCMkOTkkNTgxMzUxIzUxIyQxIyQ1IyQ3OSQyNjE0ODEjNTEjJDEjJDIjJDgz,110
JDQ4MTYyMiM1MSMkMSMkMCMkOTkkNTgxMzUxIzUxIyQxIyQ1IyQ3OSQyNjE0ODEjNTEjJDEjJDIjJDgz,200
JDQ4MTYyMiM1MSMkMSMkMCMkOTkkNTgxMzUxIzUxIyQxIyQ1IyQ3OSQyNjEwMDIjNDEjJDEjJDgjJDgz,71
JDQ4MTYyMiM1MSMkMSMkMCMkOTkkNTgxMzUxIzUxIyQxIyQ1IyQ3OSQyNjEwMDIjNDEjJDEjJDgjJDgz,100
JDQ4MTYyMiM1MSMkMSMkMCMkOTkkNTgxMzUxIzUxIyQxIyQ1IyQ3OSQyNjEwMDIjNDEjJDEjJDgjJDgz,110
JDQ4MTYyMiM1MSMkMSMkMCMkOTkkNTgxMzUxIzUxIyQxIyQ1IyQ3OSQyNjEwMDIjNDEjJDEjJDgjJDgz,200
JDQ4MTYyMiM1MSMkMSMkMCMkOTkkNTgxMzUxIzUxIyQxIyQxIyQ3OSQ0NjE0ODEjNDEjJDEjJDgjJDgz,71
JDQ4MTYyMiM1MSMkMSMkMCMkOTkkNTgxMzUxIzUxIyQxIyQxIyQ3OSQ0NjE0ODEjNDEjJDEjJDgjJDgz,100
JDQ4MTYyMiM1MSMkMSMkMCMkOTkkNTgxMzUxIzUxIyQxIyQxIyQ3OSQ0NjE0ODEjNDEjJDEjJDgjJDgz,110
JDQ4MTYyMiM1MSMkMSMkMCMkOTkkNTgxMzUxIzUxIyQxIyQxIyQ3OSQ0NjE0ODEjNDEjJDEjJDgjJDgz,200
JDQ4MTYyMiM1MSMkMSMkMCMkOTkkNTgxMzUxIzUxIyQxIyQxIyQwMyQyNjE4MzIjODEjJDEjJDYjJDgz,71
JDQ4MTYyMiM1MSMkMSMkMCMkOTkkNTgxMzUxIzUxIyQxIyQxIyQwMyQyNjE4MzIjODEjJDEjJDYjJDgz,100
JDQ4MTYyMiM1MSMkMSMkMCMkOTkkNTgxMzUxIzUxIyQxIyQxIyQwMyQyNjE4MzIjODEjJDEjJDYjJDgz,200
JDQ4MTYyMiM1MSMkMSMkMCMkOTkkNTgxMzUxIzUxIyQxIyQxIyQxMyQyNjE4MzIjNjEjJDEjJDgjJDgz,100
JDQ4MTYyMiM1MSMkMSMkMCMkOTkkNTgxMzUxIzUxIyQxIyQxIyQxMyQyNjE4MzIjNjEjJDEjJDgjJDgz,200
JDQ4MTYyMiM1MSMkMiMkMCMkMDAkMzgxMTkxIzMxIyQyIyQ3IyQwMCQzNjE4MzIjNjEjJDEjJDAjJDgz,100
JDQ4MTYyMiM1MSMkMiMkMCMkMDAkMzgxMTkxIzUxIyQxIyQxIyQ3OSQzNjEwMDIjODEjJDEjJDYjJDgz,100
JDQ4MTYyMiM1MSMkMiMkMCMkMDAkMzgxMTkxIzUxIyQxIyQxIyQ5OSQyNjE4MzIjNzEjJDEjJDgjJDgz,100
JDQ4MTYyMiM1MSMkMiMkMCMkMDAkMzgxNzAyIzExIyQxIyQ3IyQwMyQzNjEyMjIjNjEjJDEjJDgjJDgz,100
JDQ4MTYyMiM1MSMkMiMkMCMkMDAkMzgxNzAyIzIxIyQxIyQ5IyQ4OSQzNjE0ODEjODEjJDEjJDIjJDgz,100
JDQ4MTYyMiM1MSMkMiMkMCMkMDAkNDgxMTkxIzMxIyQxIyQzIyQ4MiQyNjE0ODEjNjEjJDEjJDAjJDgz,200
JDQ4MTYyMiM1MSMkMiMkMCMkMDAkNDgxMTkxIzQxIyQxIyQ3IyQ3MiQzNjE0ODEjNTEjJDEjJDIjJDgz,100
JDQ4MTYyMiM1MSMkMiMkMCMkMDAkNDgxMTkxIzUxIyQxIyQ1IyQ2MiQyNjEyMjIjNDEjJDEjJDgjJDgz,100
JDQ4MTYyMiM1MSMkMiMkMCMkMDAkNDgxMTkxIzUxIyQxIyQ1IyQ3OSQyNjE0ODEjNjEjJDEjJDgjJDgz,100
JDQ4MTYyMiM1MSMkMiMkMCMkMDAkNDgxMTkxIzUxIyQxIyQxIyQ4MiQyNjEwMDIjNDEjJDEjJDgjJDgz,100
JDQ4MTYyMiM1MSMkMiMkMCMkMDAkNDgxMTkxIzUxIyQxIyQxIyQwMyQ0NjE0ODEjNTEjJDEjJDYjJDgz,100
JDQ4MTYyMiM1MSMkMiMkMCMkMDAkNDgxMzUxIzIxIyQxIyQxIyQ3OSQ0NjE0ODEjNjEjJDEjJDgjJDgz,100
JDQ4MTYyMiM1MSMkMiMkMCMkMDAkNDgxMzUxIzQxIyQyIyQ3IyQwMCQzNjEwMDIjNjEjJDEjJDQjJDgz,100
JDQ4MTYyMiM1MSMkMiMkMCMkMDAkNDgxNzAyIzIxIyQxIyQ5IyQwMyQyNjE4MzIjNTEjJDEjJDIjJDgz,100
JDQ4MTYyMiM1MSMkMiMkMCMkMDAkNDgxNzAyIzIxIyQxIyQxIyQ4OSQyNjEwMDIjNTEjJDEjJDIjJDgz,100
JDQ4MTYyMiM1MSMkMiMkMCMkMDAkNDgxOTYxIzExIyQyIyQzIyQwMCQyNjE4MzIjNDEjJDEjJDQjJDgz,100
JDQ4MTYyMiM1MSMkMiMkMCMkMDAkNDgxOTYxIzIxIyQxIyQ1IyQ5OSQyNjEyMjIjNTEjJDEjJDYjJDgz,100
JDQ4MTYyMiM1MSMkMiMkMCMkMDAkNDgxOTYxIzIxIyQxIyQ5IyQ4OSQyNjE4MzIjNDEjJDEjJDgjJDgz,100
JDQ4MTYyMiM1MSMkMiMkMCMkMDAkNDgxOTYxIzIxIyQyIyQ1IyQwMCQyNjE4MzIjODEjJDEjJDYjJDgz,100
JDQ4MTYyMiM1MSMkMiMkMCMkMDAkNDgxOTYxIzMxIyQxIyQ3IyQ2MiQzNjE4MzIjODEjJDEjJDIjJDgz,100
JDQ4MTYyMiM1MSMkMiMkMCMkMDAkNDgxOTYxIzMxIyQyIyQzIyQwMCQyNjE0ODEjNzEjJDEjJDgjJDgz,100
JDQ4MTYyMiM1MSMkMiMkMCMkMDAkNDgxOTYxIzQxIyQxIyQ3IyQwMyQzNjE0ODEjODEjJDEjJDYjJDgz,100
JDQ4MTYyMiM1MSMkMiMkMCMkMDAkNDgxOTYxIzUxIyQxIyQ1IyQ5OSQzNjE0ODEjODEjJDEjJDIjJDgz,100
JDQ4MTYyMiM1MSMkMiMkMCMkMDAkNTgxMzUxIzExIyQxIyQ3IyQ2MiQzNjEyMjIjNjEjJDEjJDAjJDgz,100
JDQ4MTYyMiM1MSMkMiMkMCMkMDAkNTgxMzUxIzExIyQxIyQzIyQxMyQyNjEyMjIjNDEjJDEjJDgjJDgz,100
JDQ4MTYyMiM1MSMkMiMkMCMkMDAkNTgxMzUxIzMxIyQxIyQzIyQ4MiQzNjE0ODEjODEjJDEjJDIjJDgz,100
JDQ4MTYyMiM1MSMkMiMkMCMkMDAkNTgxMzUxIzMxIyQxIyQzIyQ4OSQzNjEwMDIjNDEjJDEjJDQjJDgz,100
JDQ4MTYyMiM1MSMkMiMkMCMkMDAkNTgxMzUxIzUxIyQxIyQ1IyQ5OSQ0NjEwMDIjNjEjJDEjJDQjJDgz,100
JDQ4MTYyMiM1MSMkMiMkMCMkMDAkNTgxMzUxIzUxIyQyIyQ1IyQwMCQyNjEyMjIjNjEjJDEjJDQjJDgz,100
JDQ4MTYyMiM1MSMkMiMkMCMkMDAkNTgxOTYxIzExIyQxIyQ3IyQ2MiQzNjE4MzIjODEjJDEjJDIjJDgz,100
JDQ4MTYyMiM1MSMkMiMkMCMkMDAkNTgxOTYxIzExIyQxIyQ3IyQ4MiQzNjE0ODEjODEjJDEjJDIjJDgz,100
JDQ4MTYyMiM1MSMkMiMkMCMkMDAkNTgxOTYxIzIxIyQxIyQ1IyQwMyQyNjEwMDIjNDEjJDEjJDgjJDgz,100
JDQ4MTYyMiM1MSMkMiMkMCMkMDAkNTgxOTYxIzMxIyQxIyQ3IyQxMyQyNjE0ODEjODEjJDEjJDYjJDgz,100
JDQ4MTYyMiM1MSMkMiMkMCMkMDAkNTgxOTYxIzQxIyQyIyQ3IyQwMCQzNjE4MzIjODEjJDEjJDYjJDgz,100
JDQ4MTYyMiM1MSMkMiMkMCMkMDAkNTgxOTYxIzUxIyQxIyQxIyQ2MiQzNjE0ODEjODEjJDEjJDIjJDgz,100
JDQ4MTYyMiM1MSMkMiMkMCMkMDAkNTgxOTYxIzUxIyQxIyQxIyQ3MiQzNjE4MzIjNDEjJDEjJDQjJDgz,100
JDQ4MTYyMiM1MSMkMiMkMCMkMDAkNTgxOTYxIzUxIyQyIyQxIyQwMCQyNjEwMDIjNjEjJDEjJDgjJDgz,100
JDU4MTI3MSM1MSMkMSMkMCMkMTMkMzgxNzAyIzUxIyQxIyQ1IyQxMyQ0NjE0ODEjNDEjJDEjJDgjJDgz,72
JDU4MTI3MSM1MSMkMSMkMCMkMTMkNDgxOTYxIzIxIyQxIyQ1IyQ3OSQyNjEyMjIjODEjJDEjJDYjJDgz,72
JDU4MTI3MSM1MSMkMSMkMCMkOTkkNTgxMzUxIzExIyQxIyQzIyQ3OSQzNjE0ODEjNDEjJDEjJDgjJDgz,71
JDU4MTI3MSM1MSMkMSMkMCMkOTkkNTgxMzUxIzExIyQxIyQzIyQ3OSQzNjE0ODEjNDEjJDEjJDgjJDgz,100
JDU4MTI3MSM1MSMkMSMkMCMkOTkkNTgxMzUxIzExIyQxIyQzIyQ3OSQzNjE0ODEjNDEjJDEjJDgjJDgz,110
JDU4MTI3MSM1MSMkMSMkMCMkOTkkNTgxMzUxIzExIyQxIyQzIyQ3OSQzNjE0ODEjNDEjJDEjJDgjJDgz,200
JDU4MTI3MSM1MSMkMiMkMCMkMDAkMzgxMTkxIzExIyQxIyQ3IyQ4MiQyNjE0ODEjNDEjJDEjJDQjJDgz,100
JDU4MTI3MSM1MSMkMiMkMCMkMDAkMzgxMTkxIzMxIyQxIyQ3IyQwMyQyNjE0ODEjNjEjJDEjJDgjJDgz,100
JDU4MTI3MSM1MSMkMiMkMCMkMDAkMzgxMTkxIzMxIyQxIyQzIyQ2MiQzNjE4MzIjODEjJDEjJDIjJDgz,100
JDU4MTI3MSM1MSMkMiMkMCMkMDAkMzgxMTkxIzUxIyQxIyQ1IyQ4MiQzNjE4MzIjODEjJDEjJDIjJDgz,100
JDU4MTI3MSM1MSMkMiMkMCMkMDAkMzgxMzUxIzIxIyQxIyQ5IyQ3MiQzNjE0ODEjNTEjJDEjJDYjJDgz,100
JDU4MTI3MSM1MSMkMiMkMCMkMDAkMzgxMzUxIzIxIyQxIyQxIyQ3OSQyNjEyMjIjODEjJDEjJDIjJDgz,100
JDU4MTI3MSM1MSMkMiMkMCMkMDAkMzgxMzUxIzIxIyQxIyQxIyQ4MiQ0NjEwMDIjODEjJDEjJDYjJDgz,100
JDU4MTI3MSM1MSMkMiMkMCMkMDAkMzgxMzUxIzIxIyQyIyQ1IyQwMCQ0NjEwMDIjNTEjJDEjJDYjJDgz,100
JDU4MTI3MSM1MSMkMiMkMCMkMDAkMzgxMzUxIzIxIyQyIyQxIyQwMCQzNjE4MzIjNDEjJDEjJDgjJDgz,100
JDU4MTI3MSM1MSMkMiMkMCMkMDAkMzgxMzUxIzMxIyQxIyQzIyQ4MiQyNjE4MzIjODEjJDEjJDYjJDgz,100
JDU4MTI3MSM1MSMkMiMkMCMkMDAkMzgxMzUxIzMxIyQxIyQzIyQ5OSQ0NjE0ODEjNDEjJDEjJDgjJDgz,100
JDU4MTI3MSM1MSMkMiMkMCMkMDAkMzgxMzUxIzMxIyQyIyQzIyQwMCQzNjEwMDIjNTEjJDEjJDYjJDgz,100
JDU4MTI3MSM1MSMkMiMkMCMkMDAkMzgxMzUxIzQxIyQyIyQ3IyQwMCQyNjE0ODEjNjEjJDEjJDQjJDgz,100
JDU4MTI3MSM1MSMkMiMkMCMkMDAkMzgxMzUxIzUxIyQxIyQ1IyQ2MiQyNjE0ODEjNjEjJDEjJDQjJDgz,100
JDU4MTI3MSM1MSMkMiMkMCMkMDAkMzgxMzUxIzUxIyQxIyQ1IyQ3MiQyNjE4MzIjNzEjJDEjJDgjJDgz,100
JDU4MTI3MSM1MSMkMiMkMCMkMDAkMzgxNzAyIzIxIyQxIyQ5IyQ4OSQ0NjE0ODEjNTEjJDEjJDYjJDgz,100
JDU4MTI3MSM1MSMkMiMkMCMkMDAkMzgxNzAyIzIxIyQxIyQ5IyQxMyQ0NjEwMDIjNDEjJDEjJDQjJDgz,100
JDU4MTI3MSM1MSMkMiMkMCMkMDAkMzgxNzAyIzIxIyQxIyQxIyQ4MiQzNjE4MzIjODEjJDEjJDYjJDgz,200
JDU4MTI3MSM1MSMkMiMkMCMkMDAkMzgxOTYxIzExIyQxIyQzIyQxMyQzNjE0ODEjNTEjJDEjJDIjJDgz,100
JDU4MTI3MSM1MSMkMiMkMCMkMDAkMzgxOTYxIzIxIyQxIyQ1IyQ3MiQ0NjE0ODEjNjEjJDEjJDQjJDgz,100
JDU4MTI3MSM1MSMkMiMkMCMkMDAkMzgxOTYxIzQxIyQxIyQ3IyQ4OSQzNjE4MzIjNTEjJDEjJDYjJDgz,100
JDU4MTI3MSM1MSMkMiMkMCMkMDAkMzgxOTYxIzUxIyQxIyQxIyQ5MiQyNjEwMDIjNjEjJDEjJDAjJDgz,200
JDU4MTI3MSM1MSMkMiMkMCMkMDAkMzgxOTYxIzUxIyQxIyQxIyQwMyQyNjE4MzIjODEjJDEjJDIjJDgz,100
JDU4MTI3MSM1MSMkMiMkMCMkMDAkNDgxMTkxIzExIyQxIyQ3IyQ3OSQzNjEwMDIjODEjJDEjJDYjJDgz,100
JDU4MTI3MSM1MSMkMiMkMCMkMDAkNDgxMTkxIzExIyQxIyQ3IyQ5MiQzNjE4MzIjNjEjJDEjJDgjJDgz,100
JDU4MTI3MSM1MSMkMiMkMCMkMDAkNDgxMTkxIzExIyQyIyQ3IyQwMCQzNjE0ODEjNTEjJDEjJDIjJDgz,100
JDU4MTI3MSM1MSMkMiMkMCMkMDAkNDgxMTkxIzIxIyQxIyQ1IyQ2MiQzNjE4MzIjNzEjJDEjJDgjJDgz,100
JDU4MTI3MSM1MSMkMiMkMCMkMDAkNDgxMTkxIzIxIyQxIyQ1IyQ2MiQzNjEyMjIjODEjJDEjJDYjJDgz,100
JDU4MTI3MSM1MSMkMiMkMCMkMDAkNDgxMTkxIzIxIyQxIyQ5IyQ3OSQ0NjE0ODEjNTEjJDEjJDIjJDgz,100
JDU4MTI3MSM1MSMkMiMkMCMkMDAkNDgxMTkxIzIxIyQxIyQ5IyQxMyQ0NjE0ODEjODEjJDEjJDIjJDgz,100
JDU4MTI3MSM1MSMkMiMkMCMkMDAkNDgxMTkxIzIxIyQxIyQxIyQ5OSQyNjE0ODEjODEjJDEjJDYjJDgz,100
JDU4MTI3MSM1MSMkMiMkMCMkMDAkNDgxMTkxIzIxIyQxIyQxIyQ5OSQzNjEwMDIjNDEjJDEjJDQjJDgz,100
JDU4MTI3MSM1MSMkMiMkMCMkMDAkNDgxMTkxIzMxIyQxIyQ3IyQ3OSQzNjEyMjIjODEjJDEjJDYjJDgz,100
JDU4MTI3MSM1MSMkMiMkMCMkMDAkNDgxMTkxIzMxIyQxIyQ3IyQ5OSQyNjEwMDIjNTEjJDEjJDIjJDgz,100
JDU4MTI3MSM1MSMkMiMkMCMkMDAkNDgxMTkxIzMxIyQxIyQ3IyQ5OSQzNjE0ODEjNzEjJDEjJDgjJDgz,100
JDU4MTI3MSM1MSMkMiMkMCMkMDAkNDgxMTkxIzMxIyQxIyQzIyQ5OSQzNjE0ODEjNDEjJDEjJDgjJDgz,100
JDU4MTI3MSM1MSMkMiMkMCMkMDAkNDgxMTkxIzMxIyQxIyQzIyQwMyQ0NjE0ODEjNzEjJDEjJDgjJDgz,100
JDU4MTI3MSM1MSMkMiMkMCMkMDAkNDgxMTkxIzMxIyQxIyQzIyQwMyQzNjEwMDIjNTEjJDEjJDIjJDgz,100
JDU4MTI3MSM1MSMkMiMkMCMkMDAkNDgxMTkxIzMxIyQxIyQzIyQxMyQzNjE4MzIjNjEjJDEjJDgjJDgz,100
JDU4MTI3MSM1MSMkMiMkMCMkMDAkNDgxMTkxIzMxIyQxIyQzIyQxMyQzNjEwMDIjNDEjJDEjJDQjJDgz,100
JDU4MTI3MSM1MSMkMiMkMCMkMDAkNDgxMTkxIzQxIyQxIyQ3IyQ5MiQzNjE4MzIjNjEjJDEjJDAjJDgz,100
JDU4MTI3MSM1MSMkMiMkMCMkMDAkNDgxMTkxIzQxIyQyIyQ3IyQwMCQzNjE0ODEjNDEjJDEjJDgjJDgz,100
JDU4MTI3MSM1MSMkMiMkMCMkMDAkNDgxMTkxIzUxIyQxIyQ1IyQ4OSQzNjE0ODEjODEjJDEjJDYjJDgz,100
JDU4MTI3MSM1MSMkMiMkMCMkMDAkNDgxMTkxIzUxIyQxIyQ1IyQ5MiQzNjEwMDIjNDEjJDEjJDgjJDgz,100
JDU4MTI3MSM1MSMkMiMkMCMkMDAkNDgxMTkxIzUxIyQxIyQ1IyQwMyQ0NjE0ODEjNTEjJDEjJDIjJDgz,100
JDU4MTI3MSM1MSMkMiMkMCMkMDAkNDgxMTkxIzUxIyQxIyQ1IyQwMyQzNjEyMjIjNjEjJDEjJDgjJDgz,100
JDU4MTI3MSM1MSMkMiMkMCMkMDAkNDgxMzUxIzExIyQxIyQ3IyQ4OSQyNjEyMjIjNDEjJDEjJDgjJDgz,100
JDU4MTI3MSM1MSMkMiMkMCMkMDAkNDgxMzUxIzExIyQxIyQ3IyQ5OSQzNjEyMjIjNDEjJDEjJDgjJDgz,100
JDU4MTI3MSM1MSMkMiMkMCMkMDAkNDgxMzUxIzExIyQxIyQzIyQ2MiQyNjEyMjIjNjEjJDEjJDgjJDgz,100
JDU4MTI3MSM1MSMkMiMkMCMkMDAkNDgxMzUxIzIxIyQxIyQ1IyQ4MiQzNjE0ODEjNjEjJDEjJDgjJDgz,100
JDU4MTI3MSM1MSMkMiMkMCMkMDAkNDgxMzUxIzIxIyQxIyQxIyQ5OSQzNjE4MzIjNjEjJDEjJDQjJDgz,100
JDU4MTI3MSM1MSMkMiMkMCMkMDAkNDgxMzUxIzMxIyQxIyQzIyQ2MiQzNjEyMjIjNDEjJDEjJDgjJDgz,100
JDU4MTI3MSM1MSMkMiMkMCMkMDAkNDgxMzUxIzMxIyQxIyQzIyQ3OSQyNjE4MzIjNzEjJDEjJDgjJDgz,100
JDU4MTI3MSM1MSMkMiMkMCMkMDAkNDgxMzUxIzMxIyQxIyQzIyQ5OSQzNjE0ODEjNDEjJDEjJDQjJDgz,100
JDU4MTI3MSM1MSMkMiMkMCMkMDAkNDgxMzUxIzQxIyQxIyQ3IyQxMyQ0NjE0ODEjNjEjJDEjJDgjJDgz,100
JDU4MTI3MSM1MSMkMiMkMCMkMDAkNDgxMzUxIzUxIyQxIyQ1IyQ4MiQzNjEyMjIjNDEjJDEjJDgjJDgz,100
JDU4MTI3MSM1MSMkMiMkMCMkMDAkNDgxMzUxIzUxIyQxIyQ1IyQ5OSQyNjE0ODEjNTEjJDEjJDIjJDgz,100
JDU4MTI3MSM1MSMkMiMkMCMkMDAkNDgxMzUxIzUxIyQxIyQ1IyQwMyQyNjEyMjIjNTEjJDEjJDIjJDgz,100
JDU4MTI3MSM1MSMkMiMkMCMkMDAkNDgxMzUxIzUxIyQxIyQ1IyQxMyQ0NjE0ODEjODEjJDEjJDYjJDgz,100
JDU4MTI3MSM1MSMkMiMkMCMkMDAkNDgxNzAyIzExIyQxIyQzIyQ5MiQzNjEyMjIjNzEjJDEjJDgjJDgz,100
JDU4MTI3MSM1MSMkMiMkMCMkMDAkNDgxNzAyIzExIyQxIyQzIyQ5MiQzNjEyMjIjNzEjJDEjJDgjJDgz,110
JDU4MTI3MSM1MSMkMiMkMCMkMDAkNDgxNzAyIzExIyQxIyQzIyQ5MiQzNjEyMjIjNzEjJDEjJDgjJDgz,200
JDU4MTI3MSM1MSMkMiMkMCMkMDAkNDgxNzAyIzIxIyQxIyQ1IyQ2MiQyNjE0ODEjNjEjJDEjJDQjJDgz,100
JDU4MTI3MSM1MSMkMiMkMCMkMDAkNDgxNzAyIzIxIyQxIyQ1IyQ4MiQ0NjE0ODEjNjEjJDEjJDQjJDgz,100
JDU4MTI3MSM1MSMkMiMkMCMkMDAkNDgxNzAyIzIxIyQxIyQ5IyQ2MiQzNjE0ODEjNjEjJDEjJDAjJDgz,100
JDU4MTI3MSM1MSMkMiMkMCMkMDAkNDgxNzAyIzIxIyQxIyQxIyQ4MiQzNjE0ODEjNjEjJDEjJDgjJDgz,100
JDU4MTI3MSM1MSMkMiMkMCMkMDAkNDgxNzAyIzIxIyQxIyQxIyQ4MiQzNjE4MzIjNDEjJDEjJDgjJDgz,100
JDU4MTI3MSM1MSMkMiMkMCMkMDAkNDgxNzAyIzMxIyQxIyQ3IyQ2MiQzNjEyMjIjNTEjJDEjJDYjJDgz,100
JDU4MTI3MSM1MSMkMiMkMCMkMDAkNDgxNzAyIzMxIyQxIyQ3IyQ3OSQzNjEwMDIjNjEjJDEjJDgjJDgz,100
JDU4MTI3MSM1MSMkMiMkMCMkMDAkNDgxNzAyIzMxIyQxIyQzIyQ3MiQyNjE0ODEjNjEjJDEjJDQjJDgz,100
JDU4MTI3MSM1MSMkMiMkMCMkMDAkNDgxNzAyIzQxIyQxIyQ3IyQ4OSQzNjEwMDIjNDEjJDEjJDQjJDgz,100
JDU4MTI3MSM1MSMkMiMkMCMkMDAkNDgxNzAyIzQxIyQxIyQ3IyQwMyQ0NjEwMDIjNTEjJDEjJDYjJDgz,100
JDU4MTI3MSM1MSMkMiMkMCMkMDAkNDgxNzAyIzUxIyQxIyQ1IyQ4OSQzNjE4MzIjODEjJDEjJDYjJDgz,100
JDU4MTI3MSM1MSMkMiMkMCMkMDAkNDgxNzAyIzUxIyQxIyQ1IyQwMyQ0NjE0ODEjODEjJDEjJDIjJDgz,100
JDU4MTI3MSM1MSMkMiMkMCMkMDAkNDgxNzAyIzUxIyQyIyQ1IyQwMCQyNjE0ODEjNjEjJDEjJDgjJDgz,100
JDU4MTI3MSM1MSMkMiMkMCMkMDAkNDgxOTYxIzExIyQxIyQ3IyQ3MiQyNjE0ODEjODEjJDEjJDYjJDgz,100
JDU4MTI3MSM1MSMkMiMkMCMkMDAkNDgxOTYxIzExIyQxIyQzIyQ3OSQ0NjEwMDIjNDEjJDEjJDQjJDgz,100
JDU4MTI3MSM1MSMkMiMkMCMkMDAkNDgxOTYxIzExIyQxIyQzIyQ3OSQzNjEyMjIjNjEjJDEjJDQjJDgz,100
JDU4MTI3MSM1MSMkMiMkMCMkMDAkNDgxOTYxIzIxIyQxIyQ1IyQ5MiQ0NjE0ODEjNDEjJDEjJDgjJDgz,100
JDU4MTI3MSM1MSMkMiMkMCMkMDAkNDgxOTYxIzIxIyQxIyQ5IyQ3MiQzNjE0ODEjNDEjJDEjJDgjJDgz,100
JDU4MTI3MSM1MSMkMiMkMCMkMDAkNDgxOTYxIzIxIyQxIyQ5IyQ5OSQ0NjE0ODEjNDEjJDEjJDgjJDgz,100
JDU4MTI3MSM1MSMkMiMkMCMkMDAkNDgxOTYxIzIxIyQxIyQxIyQ5MiQyNjE0ODEjNDEjJDEjJDQjJDgz,100
JDU4MTI3MSM1MSMkMiMkMCMkMDAkNDgxOTYxIzIxIyQxIyQxIyQ5OSQzNjE0ODEjNjEjJDEjJDgjJDgz,100
JDU4MTI3MSM1MSMkMiMkMCMkMDAkNDgxOTYxIzMxIyQxIyQ3IyQ2MiQ0NjE0ODEjODEjJDEjJDYjJDgz,100
JDU4MTI3MSM1MSMkMiMkMCMkMDAkNDgxOTYxIzMxIyQxIyQzIyQwMyQzNjE4MzIjNTEjJDEjJDYjJDgz,100
JDU4MTI3MSM1MSMkMiMkMCMkMDAkNDgxOTYxIzQxIyQxIyQ3IyQ2MiQzNjEwMDIjNDEjJDEjJDgjJDgz,100
JDU4MTI3MSM1MSMkMiMkMCMkMDAkNDgxOTYxIzQxIyQyIyQ3IyQwMCQ0NjE0ODEjODEjJDEjJDIjJDgz,100
JDU4MTI3MSM1MSMkMiMkMCMkMDAkNDgxOTYxIzUxIyQxIyQ1IyQ3OSQyNjEyMjIjNDEjJDEjJDQjJDgz,100
JDU4MTI3MSM1MSMkMiMkMCMkMDAkNDgxOTYxIzUxIyQxIyQ1IyQwMyQzNjE0ODEjNjEjJDEjJDAjJDgz,100
JDU4MTI3MSM1MSMkMiMkMCMkMDAkNDgxOTYxIzUxIyQxIyQxIyQ3OSQzNjEwMDIjODEjJDEjJDIjJDgz,100
JDU4MTI3MSM1MSMkMiMkMCMkMDAkNDgxOTYxIzUxIyQxIyQxIyQ4MiQyNjEyMjIjNzEjJDEjJDgjJDgz,100
JDU4MTI3MSM1MSMkMiMkMCMkMDAkNDgxOTYxIzUxIyQxIyQxIyQ5OSQzNjEyMjIjNDEjJDEjJDgjJDgz,100
JDU4MTI3MSM1MSMkMiMkMCMkMDAkNTgxMzUxIzExIyQxIyQ3IyQ3MiQzNjE4MzIjNTEjJDEjJDIjJDgz,100
JDU4MTI3MSM1MSMkMiMkMCMkMDAkNTgxMzUxIzExIyQxIyQzIyQ2MiQzNjEwMDIjNTEjJDEjJDIjJDgz,100
JDU4MTI3MSM1MSMkMiMkMCMkMDAkNTgxMzUxIzExIyQxIyQzIyQ2MiQzNjEyMjIjNDEjJDEjJDgjJDgz,100
JDU4MTI3MSM1MSMkMiMkMCMkMDAkNTgxMzUxIzExIyQxIyQzIyQ5MiQ0NjE0ODEjODEjJDEjJDYjJDgz,100
JDU4MTI3MSM1MSMkMiMkMCMkMDAkNTgxMzUxIzExIyQxIyQzIyQwMyQzNjE0ODEjNTEjJDEjJDYjJDgz,100
JDU4MTI3MSM1MSMkMiMkMCMkMDAkNTgxMzUxIzExIyQyIyQzIyQwMCQyNjEyMjIjNDEjJDEjJDgjJDgz,100
JDU4MTI3MSM1MSMkMiMkMCMkMDAkNTgxMzUxIzIxIyQxIyQ1IyQ2MiQ0NjEwMDIjNjEjJDEjJDAjJDgz,100
JDU4MTI3MSM1MSMkMiMkMCMkMDAkNTgxMzUxIzIxIyQxIyQ1IyQ4MiQyNjE4MzIjNDEjJDEjJDQjJDgz,100
JDU4MTI3MSM1MSMkMiMkMCMkMDAkNTgxMzUxIzIxIyQxIyQ5IyQ4MiQyNjEwMDIjNDEjJDEjJDQjJDgz,100
JDU4MTI3MSM1MSMkMiMkMCMkMDAkNTgxMzUxIzIxIyQxIyQxIyQ4MiQzNjE0ODEjNDEjJDEjJDgjJDgz,100
JDU4MTI3MSM1MSMkMiMkMCMkMDAkNTgxMzUxIzIxIyQxIyQxIyQ4MiQzNjEyMjIjODEjJDEjJDIjJDgz,100
JDU4MTI3MSM1MSMkMiMkMCMkMDAkNTgxMzUxIzIxIyQxIyQxIyQ5OSQyNjE4MzIjNjEjJDEjJDAjJDgz,100
JDU4MTI3MSM1MSMkMiMkMCMkMDAkNTgxMzUxIzIxIyQxIyQxIyQwMyQzNjE0ODEjNjEjJDEjJDgjJDgz,100
JDU4MTI3MSM1MSMkMiMkMCMkMDAkNTgxMzUxIzMxIyQxIyQzIyQ2MiQzNjEyMjIjNTEjJDEjJDIjJDgz,100
JDU4MTI3MSM1MSMkMiMkMCMkMDAkNTgxMzUxIzMxIyQxIyQzIyQ5OSQ0NjEwMDIjNTEjJDEjJDIjJDgz,100
JDU4MTI3MSM1MSMkMiMkMCMkMDAkNTgxMzUxIzMxIyQxIyQzIyQ5OSQyNjE4MzIjNTEjJDEjJDYjJDgz,100
JDU4MTI3MSM1MSMkMiMkMCMkMDAkNTgxMzUxIzMxIyQxIyQzIyQwMyQzNjE0ODEjNjEjJDEjJDQjJDgz,100
JDU4MTI3MSM1MSMkMiMkMCMkMDAkNTgxMzUxIzQxIyQxIyQ3IyQ3OSQzNjE4MzIjNjEjJDEjJDAjJDgz,100
JDU4MTI3MSM1MSMkMiMkMCMkMDAkNTgxMzUxIzQxIyQxIyQ3IyQ4OSQzNjEwMDIjNjEjJDEjJDQjJDgz,100
JDU4MTI3MSM1MSMkMiMkMCMkMDAkNTgxMzUxIzQxIyQxIyQ3IyQ5MiQzNjEwMDIjODEjJDEjJDYjJDgz,100
JDU4MTI3MSM1MSMkMiMkMCMkMDAkNTgxMzUxIzQxIyQxIyQ3IyQ5OSQ0NjE0ODEjNzEjJDEjJDgjJDgz,100
JDU4MTI3MSM1MSMkMiMkMCMkMDAkNTgxMzUxIzQxIyQxIyQ3IyQxMyQyNjEyMjIjODEjJDEjJDYjJDgz,100
JDU4MTI3MSM1MSMkMiMkMCMkMDAkNTgxMzUxIzUxIyQxIyQ1IyQ3MiQyNjE0ODEjNjEjJDEjJDgjJDgz,100
JDU4MTI3MSM1MSMkMiMkMCMkMDAkNTgxMzUxIzUxIyQxIyQ1IyQ3OSQ0NjE0ODEjNjEjJDEjJDQjJDgz,100
JDU4MTI3MSM1MSMkMiMkMCMkMDAkNTgxMzUxIzUxIyQxIyQ1IyQ4MiQzNjE0ODEjNjEjJDEjJDgjJDgz,100
JDU4MTI3MSM1MSMkMiMkMCMkMDAkNTgxMzUxIzUxIyQxIyQxIyQ5MiQ0NjE0ODEjNDEjJDEjJDQjJDgz,100
JDU4MTI3MSM1MSMkMiMkMCMkMDAkNTgxOTYxIzExIyQxIyQ3IyQ4MiQ0NjE0ODEjNTEjJDEjJDYjJDgz,100
JDU4MTI3MSM1MSMkMiMkMCMkMDAkNTgxOTYxIzExIyQxIyQ3IyQxMyQzNjEwMDIjNDEjJDEjJDgjJDgz,100
JDU4MTI3MSM1MSMkMiMkMCMkMDAkNTgxOTYxIzExIyQxIyQ3IyQxMyQzNjEyMjIjODEjJDEjJDYjJDgz,100
JDU4MTI3MSM1MSMkMiMkMCMkMDAkNTgxOTYxIzIxIyQxIyQ1IyQ4MiQyNjE4MzIjNjEjJDEjJDQjJDgz,100
JDU4MTI3MSM1MSMkMiMkMCMkMDAkNTgxOTYxIzIxIyQxIyQ5IyQ4MiQyNjEyMjIjNTEjJDEjJDYjJDgz,100
JDU4MTI3MSM1MSMkMiMkMCMkMDAkNTgxOTYxIzIxIyQxIyQ5IyQ5MiQ0NjEwMDIjODEjJDEjJDIjJDgz,100
JDU4MTI3MSM1MSMkMiMkMCMkMDAkNTgxOTYxIzIxIyQxIyQ5IyQ5OSQyNjE0ODEjODEjJDEjJDIjJDgz,100
JDU4MTI3MSM1MSMkMiMkMCMkMDAkNTgxOTYxIzIxIyQxIyQxIyQ3MiQzNjE0ODEjNDEjJDEjJDQjJDgz,100
JDU4MTI3MSM1MSMkMiMkMCMkMDAkNTgxOTYxIzIxIyQxIyQxIyQxMyQyNjEwMDIjNjEjJDEjJDAjJDgz,100
JDU4MTI3MSM1MSMkMiMkMCMkMDAkNTgxOTYxIzIxIyQxIyQxIyQxMyQyNjEyMjIjNTEjJDEjJDIjJDgz,100
JDU4MTI3MSM1MSMkMiMkMCMkMDAkNTgxOTYxIzIxIyQyIyQ1IyQwMCQyNjEyMjIjNjEjJDEjJDQjJDgz,100
JDU4MTI3MSM1MSMkMiMkMCMkMDAkNTgxOTYxIzMxIyQxIyQ3IyQ4OSQ0NjEwMDIjNzEjJDEjJDgjJDgz,100
JDU4MTI3MSM1MSMkMiMkMCMkMDAkNTgxOTYxIzMxIyQxIyQ3IyQ4OSQzNjEyMjIjNTEjJDEjJDIjJDgz,100
JDU4MTI3MSM1MSMkMiMkMCMkMDAkNTgxOTYxIzMxIyQxIyQ3IyQ5OSQzNjE4MzIjODEjJDEjJDIjJDgz,100
JDU4MTI3MSM1MSMkMiMkMCMkMDAkNTgxOTYxIzMxIyQxIyQ3IyQxMyQyNjEyMjIjODEjJDEjJDIjJDgz,100
JDU4MTI3MSM1MSMkMiMkMCMkMDAkNTgxOTYxIzMxIyQxIyQzIyQ4MiQyNjEwMDIjNDEjJDEjJDgjJDgz,100
JDU4MTI3MSM1MSMkMiMkMCMkMDAkNTgxOTYxIzMxIyQxIyQzIyQ4MiQyNjEyMjIjNDEjJDEjJDQjJDgz,100
JDU4MTI3MSM1MSMkMiMkMCMkMDAkNTgxOTYxIzMxIyQxIyQzIyQ5MiQ0NjE0ODEjNjEjJDEjJDgjJDgz,100
JDU4MTI3MSM1MSMkMiMkMCMkMDAkNTgxOTYxIzMxIyQxIyQzIyQxMyQzNjEwMDIjNjEjJDEjJDgjJDgz,100
JDU4MTI3MSM1MSMkMiMkMCMkMDAkNTgxOTYxIzMxIyQyIyQ3IyQwMCQzNjEwMDIjODEjJDEjJDYjJDgz,100
JDU4MTI3MSM1MSMkMiMkMCMkMDAkNTgxOTYxIzMxIyQyIyQzIyQwMCQ0NjEwMDIjNjEjJDEjJDQjJDgz,100
JDU4MTI3MSM1MSMkMiMkMCMkMDAkNTgxOTYxIzQxIyQxIyQ3IyQ5MiQyNjEwMDIjNDEjJDEjJDgjJDgz,100
JDU4MTI3MSM1MSMkMiMkMCMkMDAkNTgxOTYxIzQxIyQxIyQ3IyQ5OSQzNjEyMjIjNjEjJDEjJDgjJDgz,200
